Workbook
Name a_lift: Equipment!$B$9
Name a_sh: Equipment!$B$5
Name aisle_w: Dashboard!$B$30
Name bay_dy: Dashboard!$B$56
Name bay_in_x: Dashboard!$B$54
Name bay_out_x: Dashboard!$B$55
Name best_i: Optimizer!$D$4
Name best_NT: Chart_data!$B$3
Name best_T: Chart_data!$B$4
Name c_conv: Dashboard!$B$58
Name c_lift: Dashboard!$B$43
Name c_m2: Dashboard!$B$46
Name c_m3: Dashboard!$B$47
Name c_pos: Dashboard!$B$45
Name c_shut: Dashboard!$B$44
Name cap_req: Dashboard!$B$6
Name D_b: Bay_position!$B$7
Name dist_mode: Dashboard!$B$20
Name dy_b: Bay_position!$B$9
Name env_use: Dashboard!$B$15
Name f_hc: Dashboard!$B$33
Name fill: Dashboard!$B$35
Name H_max: Dashboard!$B$14
Name headroom: Dashboard!$B$32
Name hours_in: Dashboard!$B$10
Name hours_out: Dashboard!$B$11
Name L_b: Bay_position!$B$6
Name L_bldg: Dashboard!$B$16
Name lam_in: Dashboard!$B$8
Name lam_out: Dashboard!$B$9
Name lam_total: Equipment!$B$19
Name lane_off: Dashboard!$B$31
Name lane_policy: Dashboard!$B$19
Name lift_iface: Equipment!$B$13
Name lift_layout: Dashboard!$B$60
Name lift_x1: Dashboard!$B$61
Name lift_x2: Dashboard!$B$62
Name lift_x3: Dashboard!$B$63
Name lift_x4: Dashboard!$B$64
Name lift_x5: Dashboard!$B$65
Name lift_x6: Dashboard!$B$66
Name lpl: Dashboard!$B$34
Name m_pallet: Dashboard!$B$50
Name min_sh: Dashboard!$B$40
Name moves_day: Equipment!$B$20
Name n_b: Bay_position!$B$5
Name n_feas: Optimizer!$F$4
Name nA: Dashboard!$B$21
Name nB: Dashboard!$B$22
Name NC_man: Dashboard!$B$51
Name NL_b: Bay_position!$B$4
Name NT_man: Dashboard!$B$52
Name obj_mode: Dashboard!$B$49
Name P_req: Equipment!$B$21
Name peak_factor: Dashboard!$B$12
Name pos_rng: Bay_position!$B$12:$B$17
Name redund: Dashboard!$B$39
Name rho_fail: Dashboard!$B$38
Name rho_max: Dashboard!$B$37
Name shareA: Dashboard!$B$23

Sheet Dashboard
A1: APW 2026/27 – Parametric six-way shuttle warehouse: optimizer dashboard
A2: Only the lift and shuttle data are fixed (sheet 'Equipment'). Change any blue cell: the optimizer re-derives lifts, lanes, shuttles and cost for every combination of lane depth N_C × tiers N_T and picks the best one.
A3: =IF(lam_total<=0,"CHECK: inbound + outbound rate is zero.",IF(AND(dist_mode="ABC",ABS(shareA+shareB+shareC-1)>0.001),"NOTE: ABC shares do not sum to 100 % – they are normalised.",IF(OR(bay_in_x>L_bldg,bay_out_x>L_bldg),"CHECK: a bay is outside the building length.",IF(AND(lane_policy="Fixed = pallets per SKU",n_feas=0),"Fixed lane depth = pallets per SKU leaves no feasible design: try Free, a larger building / height, or lower capacity.","Inputs OK")))) -> Inputs OK
A4: INPUTS (blue on yellow) | B4: Value | C4: Unit | E4: RESULT | F4: =IF(n_feas=0,"Least-violating (INFEASIBLE)","Optimal design") -> Optimal design | G4: Manual design
A5: Requirements and operation | E5: Lane depth N_C | F5: =INDEX(Optimizer!$B$8:$B$227,best_i) -> 6 | G5: =Optimizer!B7 -> 8
A6: Required effective capacity | B6: 4000 | C6: pallets | E6: Tiers N_T | F6: =INDEX(Optimizer!$C$8:$C$227,best_i) -> 7 | G6: =Optimizer!C7 -> 8
A7: Pallets per SKU | B7: 6 | C7: pallets | E7: Lifts | F7: =INDEX(Optimizer!$G$8:$G$227,best_i) -> 2 | G7: =Optimizer!G7 -> 2
A8: Inbound rate | B8: 40 | C8: pallets/h | E8: Lanes per side N_L | F8: =INDEX(Optimizer!$H$8:$H$227,best_i) -> 60 | G8: =Optimizer!H7 -> 40
A9: Outbound rate (during working hours) | B9: 60 | C9: pallets/h | E9: Aisle length (m) | F9: =INDEX(Optimizer!$I$8:$I$227,best_i) -> 60 | G9: =Optimizer!I7 -> 40
A10: Inbound hours per day | B10: 24 | C10: h | E10: Block depth (m) | F10: =INDEX(Optimizer!$J$8:$J$227,best_i) -> 16.9 | G10: =Optimizer!J7 -> 22.1
A11: Outbound hours per day | B11: 16 | C11: h | E11: Rack height (m) | F11: =INDEX(Optimizer!$K$8:$K$227,best_i) -> 15.05 | G11: =Optimizer!K7 -> 17.2
A12: Peak design factor (1.25 = +25 %) | B12: 1 | C12: x | E12: D/W | F12: =INDEX(Optimizer!$AA$8:$AA$227,best_i) -> 0.13 | G12: =Optimizer!AA7 -> 0.26
A13: Building limits | E13: Net positions | F13: =INDEX(Optimizer!$R$8:$R$227,best_i) -> 4788 | G13: =Optimizer!R7 -> 4736
A14: Maximum rack height available | B14: 20 | C14: m | E14: Effective positions | F14: =INDEX(Optimizer!$S$8:$S$227,best_i) -> 4069.8 | G14: =Optimizer!S7 -> 4025.6
A15: Constrain footprint to the building below? | B15: Yes | E15: Footprint (m²) | F15: =INDEX(Optimizer!$T$8:$T$227,best_i) -> 1014 | G15: =Optimizer!T7 -> 884
A16: Building length | B16: 60 | C16: m | E16: Shuttle cycle (s) | F16: =INDEX(Optimizer!$O$8:$O$227,best_i) -> 89.149243 | G16: =Optimizer!O7 -> 87.781007
A17: Building width | B17: 40 | C17: m | E17: Shuttles incl. spares | F17: =INDEX(Optimizer!$Q$8:$Q$227,best_i) -> 11 | G17: =Optimizer!Q7 -> 12
A18: Lane policy and ABC distribution | E18: Lift utilization | F18: =INDEX(Optimizer!$AB$8:$AB$227,best_i) -> 0.37433036 | G18: =Optimizer!AB7 -> 0.37582341
A19: Lane depth N_C | B19: Fixed = pallets per SKU | E19: Lift util., one lift down | F19: =INDEX(Optimizer!$AC$8:$AC$227,best_i) -> 0.74866071 | G19: =Optimizer!AC7 -> 0.75164683
A20: Distribution of transactions over tiers | B20: ABC | E20: Lift energy (kWh/day) | F20: =INDEX(Optimizer!$AD$8:$AD$227,best_i) -> 12.6549 | G20: =Optimizer!AD7 -> 12.93612
A21: Tiers for class A (lowest) | B21: 2 | C21: tiers | E21: Total cost (EUR) | F21: =INDEX(Optimizer!$Z$8:$Z$227,best_i) -> 2237851 | G21: =Optimizer!Z7 -> 2223124
A22: Tiers for class B | B22: 3 | C22: tiers | E22: Cost per effective pallet (EUR) | F22: =INDEX(Optimizer!$Z$8:$Z$227,best_i)/INDEX(Optimizer!$S$8:$S$227,best_i) -> 549.86756 | G22: =Optimizer!Z7/Optimizer!S7 -> 552.24662
A23: Share of transactions class A | B23: 0.8 | E23: Feasible? | F23: =IF(n_feas>0,"Yes","NO – "&INDEX(Optimizer!$AH$8:$AH$227,best_i)) -> Yes | G23: =IF(Optimizer!AE7=1,"Yes","No – "&Optimizer!AH7) -> No – lane policy
A24: Share of transactions class B | B24: 0.15 | E24: =IF(n_feas=0,"NO design meets all constraints – least-violating shown","Feasible designs: "&n_feas&" of 220") -> Feasible designs: 3 of 220
A25: Share of transactions class C | B25: 0.05
A26: Pallet and rack geometry | E26: Top 5 | F26: N_C | G26: N_T | H26: Lifts | I26: N_L | J26: Shuttles | K26: Cycle (s) | L26: Cost (EUR)
A27: Lane pitch across lanes u_w (pallet 850 + 150 upright) | B27: 1 | C27: m | E27: 1 | F27: =Chart_data!C82 -> 6 | G27: =Chart_data!D82 -> 7 | H27: =Chart_data!E82 -> 2 | I27: =Chart_data!F82 -> 60 | J27: =Chart_data!G82 -> 11 | K27: =Chart_data!L82 -> 89.149243 | L27: =Chart_data!M82 -> 2237851
A28: Position pitch along lane u_d (pallet 1250 + 50) | B28: 1.3 | C28: m | E28: 2 | F28: =Chart_data!C83 -> 6 | G28: =Chart_data!D83 -> 9 | H28: =Chart_data!E83 -> 2 | I28: =Chart_data!F83 -> 47 | J28: =Chart_data!G83 -> 13 | K28: =Chart_data!L83 -> 86.813775 | L28: =Chart_data!M83 -> 2239754.6
A29: Vertical pitch u_h (pallet 1700 + 450 rail zone) | B29: 2.15 | C29: m | E29: 3 | F29: =Chart_data!C84 -> 6 | G29: =Chart_data!D84 -> 8 | H29: =Chart_data!E84 -> 2 | I29: =Chart_data!F84 -> 53 | J29: =Chart_data!G84 -> 12 | K29: =Chart_data!L84 -> 87.892539 | L29: =Chart_data!M84 -> 2240767.7
A30: Cross-aisle width (slide: 1300 mm) | B30: 1.3 | C30: m | E30: 4 | F30: =Chart_data!C85 | G30: =Chart_data!D85 | H30: =Chart_data!E85 | I30: =Chart_data!F85 | J30: =Chart_data!G85 | K30: =Chart_data!L85 | L30: =Chart_data!M85
A31: Offset aisle centre → first slot / lift | B31: 1.3 | C31: m | E31: 5 | F31: =Chart_data!C86 | G31: =Chart_data!D86 | H31: =Chart_data!E86 | I31: =Chart_data!F86 | J31: =Chart_data!G86 | K31: =Chart_data!L86 | L31: =Chart_data!M86
A32: Headroom above racks | B32: 1.5 | C32: m | E32: Tip: switch 'Lane depth N_C' to 'Free', the objective or ABC to see how the optimum moves.
A33: Honeycombing factor f | B33: 0.2
A34: Lanes replaced by each lift shaft | B34: 3 | C34: lanes | E34: IN / OUT bays and lifts (optimal design)
A35: Average fill ratio | B35: 0.85 | E35: Lift layout used | F35: =lift_layout -> Equispaced
A36: Design rules | E36: Lift positions in aisle (m) | F36: =IF(Bay_position!B12="","",IF(0>0," / ","")&TEXT(Bay_position!B12,"0.0"))&IF(Bay_position!B13="","",IF(1>0," / ","")&TEXT(Bay_position!B13,"0.0"))&IF(Bay_position!B14="","",IF(2>0," / ","")&TEXT(Bay_position!B14,"0.0"))&IF(Bay_position!B15="","",IF(3>0," / ","")&TEXT(Bay_position!B15,"0.0"))&IF(Bay_position!B16="","",IF(4>0," / ","")&TEXT(Bay_position!B16,"0.0"))&IF(Bay_position!B17="","",IF(5>0," / ","")&TEXT(Bay_position!B17,"0.0")) -> 15.0 / 45.0
A37: Max utilization (normal operation) | B37: 0.75 | E37: Mean shuttle aisle leg (s) | F37: =sum_ta -> 9.0617954
A38: Max lift utilization with one lift down | B38: 0.95 | E38: Shuttle cycle with this layout (s) | F38: =sum_cyc -> 89.152162
A39: N+1 redundancy on lifts | B39: Yes | E39: Mean conveyor length (m) | F39: =sum_cv -> 32.45
A40: Minimum shuttles per active tier (0.4 ≈ roaming pool) | B40: 1 | C40: shuttles | E40: Mean conveyor time (s) | F40: =sum_ct -> 81.125
A41: Spare shuttles | B41: 2 | C41: shuttles | E41: Installed ground conveyor (m) | F41: =sum_trunk -> 123.8
A42: Costs (ASSUMPTIONS – edit freely) | E42: Conveyor cost (EUR) | F42: =sum_cc -> 74280
A43: Cost per lift | B43: 150000 | C43: EUR
A44: Cost per shuttle (paper: generic shuttle) | B44: 50000 | C44: EUR | E44: Static study of best lift positions for several IN/OUT layouts: sheet Lift_location_study.
A45: Cost per pallet position (rack) | B45: 100 | C45: EUR
A46: Cost per m² of footprint | B46: 400 | C46: EUR/m²
A47: Cost per m³ of building | B47: 30 | C47: EUR/m³
A48: Optimization target and manual design
A49: Objective | B49: Total cost
A50: Pallet mass (energy, upper bound) | B50: 1000 | C50: kg
A51: Manual design: lane depth N_C | B51: 8 | C51: pos
A52: Manual design: tiers N_T | B52: 8 | C52: tiers
A53: IN / OUT bays and lift layout (x from the left wall, along the building length)
A54: Inbound bay position | B54: 5 | C54: m
A55: Outbound bay position | B55: 40 | C55: m
A56: Distance front wall → rack block (apron) | B56: 5 | C56: m
A57: Ground conveyor speed (ASSUMPTION) | B57: 0.4 | C57: m/s
A58: Ground conveyor cost (ASSUMPTION) | B58: 600 | C58: EUR/m
A59: Weight of conveyor time vs shuttle time (lift placement) | B59: 0.3
A60: Lift positions along the aisle | B60: Equispaced
A61: Manual position of lift 1 (aisle coordinate) | B61: 10 | C61: m
A62: Manual position of lift 2 (aisle coordinate) | B62: 20 | C62: m
A63: Manual position of lift 3 (aisle coordinate) | B63: 30 | C63: m
A64: Manual position of lift 4 (aisle coordinate) | B64: 40 | C64: m
A65: Manual position of lift 5 (aisle coordinate) | B65: 50 | C65: m
A66: Manual position of lift 6 (aisle coordinate) | B66: 60 | C66: m

Sheet Equipment
A1: LIFT AND SHUTTLE DATA – fixed by the assignment
A3: Parameter | B3: Value | C3: Unit | D3: Note
A4: Shuttle max speed | B4: 1.4 | C4: m/s
A5: Shuttle acceleration = deceleration | B5: 0.5 | C5: m/s²
A6: Direction change time | B6: 4 | C6: s
A7: Shuttle load/unload (rack / conveyor) | B7: 25 | C7: s
A8: Lift max speed | B8: 1 | C8: m/s
A9: Lift acceleration | B9: 0.7 | C9: m/s²
A10: Lift positioning time | B10: 1 | C10: s
A11: Lift load/unload with chain conveyor | B11: 7 | C11: s
A12: Lift load/unload with shuttle | B12: 25 | C12: s
A13: Lift interface at the tiers | B13: Shuttle | D13: 'Shuttle' = 25 s hand-over; 'Chain' = chain conveyor buffer at each tier (7 s)
A14: Interface time used (t_I) | B14: =IF(lift_iface="Chain",t_ch,t_lift_sh) -> 25
A16: Reference data (not used in the equations): shuttle 1045×890×197 mm, 260 kg, capacity 1000 kg, battery 8 h; lift 470 kg, capacity 1800 kg, 16 kW.
A18: Derived values
A19: Peak transactions (in + out) | B19: =(lam_in+lam_out)*peak_factor -> 100 | C19: tx/h
A20: Pallet movements per day | B20: =lam_in*hours_in+lam_out*hours_out -> 1920 | C20: mov/day
A21: Positions to build (capacity / fill) | B21: =cap_req/fill -> 4705.8824 | C21: pallets
A23: Shuttle battery 50 V × 30 Ah (slide) | B23: 1.5 | C23: kWh | D23: Runtime 8 h (slide); not used in the equations

Sheet README
A1: APW 2026/27 – Parametric warehouse optimizer: how it works
A3: What it does
A4: Given the requirements (capacity, flows, SKU size, building limits, costs), it explores every combination of lane depth N_C and number of tiers N_T and, for each one, derives the number of lifts, the number of lanes, the aisle length, the shuttle fleet, the cost and the feasibility. The best design is shown on the Dashboard, together with a manual design for comparison.
A6: What is fixed
A7: Only the lift and shuttle kinematics (sheet Equipment). Everything else is an input on the Dashboard.
A9: Derivation of each design (sheet Optimizer)
A10: 1. Lifts: lift workload = peak rate × share of transactions above tier 1 × mean lift cycle / 3600. Lifts n = max(ceil(workload/ρ_max), ceil(workload/ρ_fail)+1 if N+1).
A11: 2. Lanes: N_L = ceil((required positions/(N_C·N_T) + n·lanes per lift)/2). Aisle length = N_L·u_w, block depth = 2·N_C·u_d + aisle width.
A12: 3. Shuttle cycle = 2·25 + 2·4 + 2·(mean aisle leg to the nearest lift) + 2·(mean in-lane leg with honeycombing); lifts equally spaced at (2k−1)L/(2n), mean distance L/(4n).
A13: 4. Shuttles per tier = max(min per tier, ceil(tier load × cycle / (3600 ρ_max))); fleet = sum + spares.
A14: 5. Cost = lifts + shuttles + rack positions + building (footprint × €/m² + volume × €/m³). Costs are ASSUMPTIONS: replace them with real quotes.
A15: 6. Feasible = height ≤ maximum, lane policy respected, footprint inside the building (if constrained). The best feasible design minimizes the chosen objective.
... A36: • Cross-checked: for 15 input scenarios the Excel optimum (N_C, N_T, lifts, N_L, cost) matches 'python apw_shuttle_model.py optimize' to the euro.

Sheet Optimizer
A1: OPTIMIZER – all combinations of lane depth N_C × tiers N_T (formulas only)
A2: Base N_C list (free mode); in 'Fixed' mode every column = pallets per SKU | B2: 2 | C2: 3 | D2: 4 | E2: 5 | F2: 6 | G2: 8 | H2: 10 | I2: 12 | J2: 16 | K2: 20 | L2: 24
A3: N_C values explored → | B3: =IF(lane_policy="Free (optimize N_C)",B2,sku_pal) -> 6 | C3: =IF(lane_policy="Free (optimize N_C)",C2,sku_pal) -> 6 | D3: =IF(lane_policy="Free (optimize N_C)",D2,sku_pal) -> 6 | E3: =IF(lane_policy="Free (optimize N_C)",E2,sku_pal) -> 6 | F3: =IF(lane_policy="Free (optimize N_C)",F2,sku_pal) -> 6 | G3: =IF(lane_policy="Free (optimize N_C)",G2,sku_pal) -> 6 | H3: =IF(lane_policy="Free (optimize N_C)",H2,sku_pal) -> 6 | I3: =IF(lane_policy="Free (optimize N_C)",I2,sku_pal) -> 6 | ... L3: =IF(lane_policy="Free (optimize N_C)",L2,sku_pal) -> 6
A4: Best score / row used (best or least-violating) / feasible designs → | B4: =MIN(AG8:AG227) -> 2237851 | D4: =IF(F4>0,MATCH(B4,AG8:AG227,0),MATCH(MIN(AI8:AI227),AI8:AI227,0)) -> 7 | F4: =COUNTIF(AE8:AE227,1) -> 3
AJ5: Objective by N_T (rows) and N_C (columns); infeasible = NA
A6: # | B6: N_C | C6: N_T | D6: p lift users | E6: Lift cycle (s) | F6: Lift-equiv. busy | G6: Lifts n | H6: N_L per side | I6: Aisle L (m) | J6: Block depth (m) | K6: Rack height (m) | L6: dmax (m) | M6: t_aisle (s) | N6: t_lane (s) | O6: Shuttle cycle (s) | P6: Σ shuttles needed | Q6: Shuttles + spares | R6: Net positions | S6: Effective positions | T6: Footprint (m²) | U6: Volume (m³) | V6: Cost lifts | W6: Cost shuttles | X6: Cost rack | Y6: Cost building | Z6: Total cost (EUR) | AA6: D/W | AB6: Lift util | AC6: Lift util, one down | AD6: Lift energy (kWh/day) | AE6: Feasible | AF6: Objective | AG6: Score | AH6: Why not | AI6: Violation + objective (fallback score) | AJ6: N_T \ N_C | AK6: =B3 -> 6 | AL6: =C3 -> 6 | AM6: =D3 -> 6 | AN6: =E3 -> 6 | AO6: =F3 -> 6 | AP6: =G3 -> 6 | AQ6: =H3 -> 6 | AR6: =I3 -> 6 | ... AU6: =L3 -> 6
A7: 0 | B7: =NC_man -> 8 | C7: =NT_man -> 8 | D7: =INDEX(Tc_pl,C7) -> 0.6 | E7: =INDEX(Tc_S,C7) -> 45.09881 | F7: =lam_total*D7*E7/3600 -> 0.75164683 | G7: =IF(F7<=0.000000000001,0,MAX(ROUNDUP(F7/rho_max-0.000000001,0),IF(redund="Yes",ROUNDUP(F7/rho_fail-0.000000001,0)+1,0))) -> 2 | H7: =MAX(1,ROUNDUP((P_req/(B7*C7)+G7*lpl)/2-0.000000001,0)) -> 40 | I7: =H7*u_w -> 40 | J7: =2*B7*u_d+aisle_w -> 22.1 | K7: =C7*u_h -> 17.2 | L7: =IF(G7=0,I7,I7/(2*G7)) -> 10 | M7: =((IF((lane_off+(L7))<=(v_sh^2/a_sh),(4/3)*(lane_off+(L7))^1.5/SQRT(a_sh),(4/3)*(v_sh^2/a_sh)^1.5/SQRT(a_sh)+((lane_off+(L7))^2-(v_sh^2/a_sh)^2)/(2*v_sh)+(v_sh/a_sh)*((lane_off+(L7))-(v_sh^2/a_sh))))-(IF((lane_off)<=(v_sh^2/a_sh),(4/3)*(lane_off)^1.5/SQRT(a_sh),(4/3)*(v_sh^2/a_sh)^1.5/SQRT(a_sh)+((lane_off)^2-(v_sh^2/a_sh)^2)/(2*v_sh)+(v_sh/a_sh)*((lane_off)-(v_sh^2/a_sh)))))/(L7) -> 7.2619322 | N7: =IF(((B7-1)*u_d/2*(1+f_hc)+lane_off)<=0,0,IF(((B7-1)*u_d/2*(1+f_hc)+lane_off)>=v_sh^2/a_sh,((B7-1)*u_d/2*(1+f_hc)+lane_off)/v_sh+v_sh/a_sh,2*SQRT(((B7-1)*u_d/2*(1+f_hc)+lane_off)/a_sh))) -> 7.6285714 | O7: =2*t_sh+2*t_turn+2*M7+2*N7 -> 87.781007 | P7: =SUMPRODUCT((Tc_idx<=C7)*(ROUNDUP(lam_total*INDEX(Tc_P,C7,0)*O7/(3600*rho_max)-0.000000001,0)+(ROUNDUP(lam_total*INDEX(Tc_P,C7,0)*O7/(3600*rho_max)-0.000000001,0)<min_sh)*(min_sh-ROUNDUP(lam_total*INDEX(Tc_P,C7,0)*O7/(3600*rho_max)-0.000000001,0)))) -> 10 | Q7: =ROUNDUP(P7-0.000000001,0)+spares -> 12 | R7: =B7*C7*(2*H7-G7*lpl) -> 4736 | S7: =R7*fill -> 4025.6 | T7: =I7*J7 -> 884 | U7: =T7*(K7+headroom) -> 16530.8 | V7: =G7*c_lift -> 300000 | W7: =Q7*c_shut -> 600000 | X7: =R7*c_pos -> 473600 | Y7: =T7*c_m2+U7*c_m3 -> 849524 | Z7: =SUM(V7:Y7) -> 2223124 | AA7: =B7*u_d/(H7*u_w) -> 0.26 | AB7: =IF(G7=0,0,F7/G7) -> 0.37582341 | AC7: =IF(G7>1,F7/(G7-1),"n/a") -> 0.75164683 | AD7: =moves_day*m_pallet*9.81*INDEX(Tc_mh,C7)/3600000 -> 12.93612 | AE7: =IF(AND(K7<=H_max,H7<=300,G7<=6,NOT(AND(env_use="Yes",NOT(OR(AND(I7<=L_bldg,J7<=W_bldg),AND(I7<=W_bldg,J7<=L_bldg))))),OR(lane_policy="Free (optimize N_C)",AND(B7=sku_pal,A7<=20))),1,0) -> 0 | AF7: =IF(obj_mode="Total cost",Z7,IF(obj_mode="Shuttle cycle",O7,T7)) -> 2223124 | AH7: =IF(AE7=1,"",TRIM(IF(K7>H_max,"height ","")&IF(AND(env_use="Yes",NOT(OR(AND(I7<=L_bldg,J7<=W_bldg),AND(I7<=W_bldg,J7<=L_bldg)))),"footprint ","")&IF(H7>300,"lanes>300 ","")&IF(G7>6,"lifts>6 ","")&IF(AND(lane_policy<>"Free (optimize N_C)",B7<>sku_pal),"lane policy ","")&IF(AND(lane_policy<>"Free (optimize N_C)",B7=sku_pal,A7>20),"duplicate",""))) -> lane policy | AJ7: 1 | AK7: =IF(AE8=1,AF8,NA()) -> #N/A | AL7: =IF(AE28=1,AF28,NA()) -> #N/A | AM7: =IF(AE48=1,AF48,NA()) -> #N/A | AN7: =IF(AE68=1,AF68,NA()) -> #N/A | AO7: =IF(AE88=1,AF88,NA()) -> #N/A | AP7: =IF(AE108=1,AF108,NA()) -> #N/A | AQ7: =IF(AE128=1,AF128,NA()) -> #N/A | AR7: =IF(AE148=1,AF148,NA()) -> #N/A | AS7: =IF(AE168=1,AF168,NA()) -> #N/A | AT7: =IF(AE188=1,AF188,NA()) -> #N/A | AU7: =IF(AE208=1,AF208,NA()) -> #N/A
A8: 1 | B8: =$B$3 -> 6 | C8: 1 | D8: =INDEX(Tc_pl,C8) -> 0 | E8: =INDEX(Tc_S,C8) -> 0 | F8: =lam_total*D8*E8/3600 -> 0 | G8: =IF(F8<=0.000000000001,0,MAX(ROUNDUP(F8/rho_max-0.000000001,0),IF(redund="Yes",ROUNDUP(F8/rho_fail-0.000000001,0)+1,0))) -> 0 | H8: =MAX(1,ROUNDUP((P_req/(B8*C8)+G8*lpl)/2-0.000000001,0)) -> 393 | I8: =H8*u_w -> 393 | J8: =2*B8*u_d+aisle_w -> 16.9 | K8: =C8*u_h -> 2.15 | L8: =IF(G8=0,I8,I8/(2*G8)) -> 393 | M8: =((IF((lane_off+(L8))<=(v_sh^2/a_sh),(4/3)*(lane_off+(L8))^1.5/SQRT(a_sh),(4/3)*(v_sh^2/a_sh)^1.5/SQRT(a_sh)+((lane_off+(L8))^2-(v_sh^2/a_sh)^2)/(2*v_sh)+(v_sh/a_sh)*((lane_off+(L8))-(v_sh^2/a_sh))))-(IF((lane_off)<=(v_sh^2/a_sh),(4/3)*(lane_off)^1.5/SQRT(a_sh),(4/3)*(v_sh^2/a_sh)^1.5/SQRT(a_sh)+((lane_off)^2-(v_sh^2/a_sh)^2)/(2*v_sh)+(v_sh/a_sh)*((lane_off)-(v_sh^2/a_sh)))))/(L8) -> 144.08475 | N8: =IF(((B8-1)*u_d/2*(1+f_hc)+lane_off)<=0,0,IF(((B8-1)*u_d/2*(1+f_hc)+lane_off)>=v_sh^2/a_sh,((B8-1)*u_d/2*(1+f_hc)+lane_off)/v_sh+v_sh/a_sh,2*SQRT(((B8-1)*u_d/2*(1+f_hc)+lane_off)/a_sh))) -> 6.5142857 | O8: =2*t_sh+2*t_turn+2*M8+2*N8 -> 359.19806 | P8: =SUMPRODUCT((Tc_idx<=C8)*(ROUNDUP(lam_total*INDEX(Tc_P,C8,0)*O8/(3600*rho_max)-0.000000001,0)+(ROUNDUP(lam_total*INDEX(Tc_P,C8,0)*O8/(3600*rho_max)-0.000000001,0)<min_sh)*(min_sh-ROUNDUP(lam_total*INDEX(Tc_P,C8,0)*O8/(3600*rho_max)-0.000000001,0)))) -> 14 | Q8: =ROUNDUP(P8-0.000000001,0)+spares -> 16 | R8: =B8*C8*(2*H8-G8*lpl) -> 4716 | S8: =R8*fill -> 4008.6 | T8: =I8*J8 -> 6641.7 | U8: =T8*(K8+headroom) -> 24242.205 | V8: =G8*c_lift -> 0 | W8: =Q8*c_shut -> 800000 | X8: =R8*c_pos -> 471600 | Y8: =T8*c_m2+U8*c_m3 -> 3383946.2 | Z8: =SUM(V8:Y8) -> 4655546.2 | AA8: =B8*u_d/(H8*u_w) -> 0.019847328 | AB8: =IF(G8=0,0,F8/G8) -> 0 | AC8: =IF(G8>1,F8/(G8-1),"n/a") -> n/a | AD8: =moves_day*m_pallet*9.81*INDEX(Tc_mh,C8)/3600000 -> 0 | AE8: =IF(AND(K8<=H_max,H8<=300,G8<=6,NOT(AND(env_use="Yes",NOT(OR(AND(I8<=L_bldg,J8<=W_bldg),AND(I8<=W_bldg,J8<=L_bldg))))),OR(lane_policy="Free (optimize N_C)",AND(B8=sku_pal,A8<=20))),1,0) -> 0 | AF8: =IF(obj_mode="Total cost",Z8,IF(obj_mode="Shuttle cycle",O8,T8)) -> 4655546.2 | AG8: =IF(AE8=1,AF8*(1+A8*0.0000000001),1E+99) -> 1e+99 | AH8: =IF(AE8=1,"",TRIM(IF(K8>H_max,"height ","")&IF(AND(env_use="Yes",NOT(OR(AND(I8<=L_bldg,J8<=W_bldg),AND(I8<=W_bldg,J8<=L_bldg)))),"footprint ","")&IF(H8>300,"lanes>300 ","")&IF(G8>6,"lifts>6 ","")&IF(AND(lane_policy<>"Free (optimize N_C)",B8<>sku_pal),"lane policy ","")&IF(AND(lane_policy<>"Free (optimize N_C)",B8=sku_pal,A8>20),"duplicate",""))) -> footprint lanes>300 | AI8: =(MAX(0,K8/H_max-1)+IF(env_use="Yes",MIN(MAX(0,I8/L_bldg-1)+MAX(0,J8/W_bldg-1),MAX(0,I8/W_bldg-1)+MAX(0,J8/L_bldg-1)),0)+MAX(0,H8/300-1)+MAX(0,G8/6-1)+IF(AND(lane_policy<>"Free (optimize N_C)",B8<>sku_pal),1000,0))*1000000000000000+AF8*(1+A8*0.0000000001) -> 5.86e+15 | AJ8: 2 | AK8: =IF(AE9=1,AF9,NA()) -> #N/A | AL8: =IF(AE29=1,AF29,NA()) -> #N/A | AM8: =IF(AE49=1,AF49,NA()) -> #N/A | AN8: =IF(AE69=1,AF69,NA()) -> #N/A | AO8: =IF(AE89=1,AF89,NA()) -> #N/A | AP8: =IF(AE109=1,AF109,NA()) -> #N/A | AQ8: =IF(AE129=1,AF129,NA()) -> #N/A | AR8: =IF(AE149=1,AF149,NA()) -> #N/A | AS8: =IF(AE169=1,AF169,NA()) -> #N/A | AT8: =IF(AE189=1,AF189,NA()) -> #N/A | AU8: =IF(AE209=1,AF209,NA()) -> #N/A
A9: 2 | B9: =$B$3 -> 6 | C9: 2 | D9: =INDEX(Tc_pl,C9) -> 0.5 | E9: =INDEX(Tc_S,C9) -> 41.157143 | F9: =lam_total*D9*E9/3600 -> 0.57162698 | G9: =IF(F9<=0.000000000001,0,MAX(ROUNDUP(F9/rho_max-0.000000001,0),IF(redund="Yes",ROUNDUP(F9/rho_fail-0.000000001,0)+1,0))) -> 2 | H9: =MAX(1,ROUNDUP((P_req/(B9*C9)+G9*lpl)/2-0.000000001,0)) -> 200 | I9: =H9*u_w -> 200 | J9: =2*B9*u_d+aisle_w -> 16.9 | K9: =C9*u_h -> 4.3 | L9: =IF(G9=0,I9,I9/(2*G9)) -> 50 | M9: =((IF((lane_off+(L9))<=(v_sh^2/a_sh),(4/3)*(lane_off+(L9))^1.5/SQRT(a_sh),(4/3)*(v_sh^2/a_sh)^1.5/SQRT(a_sh)+((lane_off+(L9))^2-(v_sh^2/a_sh)^2)/(2*v_sh)+(v_sh/a_sh)*((lane_off+(L9))-(v_sh^2/a_sh))))-(IF((lane_off)<=(v_sh^2/a_sh),(4/3)*(lane_off)^1.5/SQRT(a_sh),(4/3)*(v_sh^2/a_sh)^1.5/SQRT(a_sh)+((lane_off)^2-(v_sh^2/a_sh)^2)/(2*v_sh)+(v_sh/a_sh)*((lane_off)-(v_sh^2/a_sh)))))/(L9) -> 21.578101 | N9: =IF(((B9-1)*u_d/2*(1+f_hc)+lane_off)<=0,0,IF(((B9-1)*u_d/2*(1+f_hc)+lane_off)>=v_sh^2/a_sh,((B9-1)*u_d/2*(1+f_hc)+lane_off)/v_sh+v_sh/a_sh,2*SQRT(((B9-1)*u_d/2*(1+f_hc)+lane_off)/a_sh))) -> 6.5142857 | O9: =2*t_sh+2*t_turn+2*M9+2*N9 -> 114.18477 | P9: =SUMPRODUCT((Tc_idx<=C9)*(ROUNDUP(lam_total*INDEX(Tc_P,C9,0)*O9/(3600*rho_max)-0.000000001,0)+(ROUNDUP(lam_total*INDEX(Tc_P,C9,0)*O9/(3600*rho_max)-0.000000001,0)<min_sh)*(min_sh-ROUNDUP(lam_total*INDEX(Tc_P,C9,0)*O9/(3600*rho_max)-0.000000001,0)))) -> 6 | Q9: =ROUNDUP(P9-0.000000001,0)+spares -> 8 | R9: =B9*C9*(2*H9-G9*lpl) -> 4728 | S9: =R9*fill -> 4018.8 | T9: =I9*J9 -> 3380 | U9: =T9*(K9+headroom) -> 19604 | V9: =G9*c_lift -> 300000 | W9: =Q9*c_shut -> 400000 | X9: =R9*c_pos -> 472800 | Y9: =T9*c_m2+U9*c_m3 -> 1940120 | Z9: =SUM(V9:Y9) -> 3112920 | AA9: =B9*u_d/(H9*u_w) -> 0.039 | AB9: =IF(G9=0,0,F9/G9) -> 0.28581349 | AC9: =IF(G9>1,F9/(G9-1),"n/a") -> 0.57162698 | AD9: =moves_day*m_pallet*9.81*INDEX(Tc_mh,C9)/3600000 -> 5.6244 | AE9: =IF(AND(K9<=H_max,H9<=300,G9<=6,NOT(AND(env_use="Yes",NOT(OR(AND(I9<=L_bldg,J9<=W_bldg),AND(I9<=W_bldg,J9<=L_bldg))))),OR(lane_policy="Free (optimize N_C)",AND(B9=sku_pal,A9<=20))),1,0) -> 0 | AF9: =IF(obj_mode="Total cost",Z9,IF(obj_mode="Shuttle cycle",O9,T9)) -> 3112920 | AG9: =IF(AE9=1,AF9*(1+A9*0.0000000001),1E+99) -> 1e+99 | AH9: =IF(AE9=1,"",TRIM(IF(K9>H_max,"height ","")&IF(AND(env_use="Yes",NOT(OR(AND(I9<=L_bldg,J9<=W_bldg),AND(I9<=W_bldg,J9<=L_bldg)))),"footprint ","")&IF(H9>300,"lanes>300 ","")&IF(G9>6,"lifts>6 ","")&IF(AND(lane_policy<>"Free (optimize N_C)",B9<>sku_pal),"lane policy ","")&IF(AND(lane_policy<>"Free (optimize N_C)",B9=sku_pal,A9>20),"duplicate",""))) -> footprint | AI9: =(MAX(0,K9/H_max-1)+IF(env_use="Yes",MIN(MAX(0,I9/L_bldg-1)+MAX(0,J9/W_bldg-1),MAX(0,I9/W_bldg-1)+MAX(0,J9/L_bldg-1)),0)+MAX(0,H9/300-1)+MAX(0,G9/6-1)+IF(AND(lane_policy<>"Free (optimize N_C)",B9<>sku_pal),1000,0))*1000000000000000+AF9*(1+A9*0.0000000001) -> 2.3333333e+15 | AJ9: 3 | AK9: =IF(AE10=1,AF10,NA()) -> #N/A | AL9: =IF(AE30=1,AF30,NA()) -> #N/A | AM9: =IF(AE50=1,AF50,NA()) -> #N/A | AN9: =IF(AE70=1,AF70,NA()) -> #N/A | AO9: =IF(AE90=1,AF90,NA()) -> #N/A | AP9: =IF(AE110=1,AF110,NA()) -> #N/A | AQ9: =IF(AE130=1,AF130,NA()) -> #N/A | AR9: =IF(AE150=1,AF150,NA()) -> #N/A | AS9: =IF(AE170=1,AF170,NA()) -> #N/A | AT9: =IF(AE190=1,AF190,NA()) -> #N/A | AU9: =IF(AE210=1,AF210,NA()) -> #N/A
A10: 3 | B10: =$B$3 -> 6 | C10: 3 | D10: =INDEX(Tc_pl,C10) -> 0.52941176 | E10: =INDEX(Tc_S,C10) -> 41.634921 | F10: =lam_total*D10*E10/3600 -> 0.61227824 | G10: =IF(F10<=0.000000000001,0,MAX(ROUNDUP(F10/rho_max-0.000000001,0),IF(redund="Yes",ROUNDUP(F10/rho_fail-0.000000001,0)+1,0))) -> 2 | H10: =MAX(1,ROUNDUP((P_req/(B10*C10)+G10*lpl)/2-0.000000001,0)) -> 134 | I10: =H10*u_w -> 134 | J10: =2*B10*u_d+aisle_w -> 16.9 | K10: =C10*u_h -> 6.45 | L10: =IF(G10=0,I10,I10/(2*G10)) -> 33.5 | M10: =((IF((lane_off+(L10))<=(v_sh^2/a_sh),(4/3)*(lane_off+(L10))^1.5/SQRT(a_sh),(4/3)*(v_sh^2/a_sh)^1.5/SQRT(a_sh)+((lane_off+(L10))^2-(v_sh^2/a_sh)^2)/(2*v_sh)+(v_sh/a_sh)*((lane_off+(L10))-(v_sh^2/a_sh))))-(IF((lane_off)<=(v_sh^2/a_sh),(4/3)*(lane_off)^1.5/SQRT(a_sh),(4/3)*(v_sh^2/a_sh)^1.5/SQRT(a_sh)+((lane_off)^2-(v_sh^2/a_sh)^2)/(2*v_sh)+(v_sh/a_sh)*((lane_off)-(v_sh^2/a_sh)))))/(L10) -> 15.681494 | N10: =IF(((B10-1)*u_d/2*(1+f_hc)+lane_off)<=0,0,IF(((B10-1)*u_d/2*(1+f_hc)+lane_off)>=v_sh^2/a_sh,((B10-1)*u_d/2*(1+f_hc)+lane_off)/v_sh+v_sh/a_sh,2*SQRT(((B10-1)*u_d/2*(1+f_hc)+lane_off)/a_sh))) -> 6.5142857 | O10: =2*t_sh+2*t_turn+2*M10+2*N10 -> 102.39156 | P10: =SUMPRODUCT((Tc_idx<=C10)*(ROUNDUP(lam_total*INDEX(Tc_P,C10,0)*O10/(3600*rho_max)-0.000000001,0)+(ROUNDUP(lam_total*INDEX(Tc_P,C10,0)*O10/(3600*rho_max)-0.000000001,0)<min_sh)*(min_sh-ROUNDUP(lam_total*INDEX(Tc_P,C10,0)*O10/(3600*rho_max)-0.000000001,0)))) -> 5 | Q10: =ROUNDUP(P10-0.000000001,0)+spares -> 7 | R10: =B10*C10*(2*H10-G10*lpl) -> 4716 | S10: =R10*fill -> 4008.6 | T10: =I10*J10 -> 2264.6 | U10: =T10*(K10+headroom) -> 18003.57 | V10: =G10*c_lift -> 300000 | W10: =Q10*c_shut -> 350000 | X10: =R10*c_pos -> 471600 | Y10: =T10*c_m2+U10*c_m3 -> 1445947.1 | Z10: =SUM(V10:Y10) -> 2567547.1 | AA10: =B10*u_d/(H10*u_w) -> 0.058208955 | AB10: =IF(G10=0,0,F10/G10) -> 0.30613912 | AC10: =IF(G10>1,F10/(G10-1),"n/a") -> 0.61227824 | AD10: =moves_day*m_pallet*9.81*INDEX(Tc_mh,C10)/3600000 -> 6.6169412 | AE10: =IF(AND(K10<=H_max,H10<=300,G10<=6,NOT(AND(env_use="Yes",NOT(OR(AND(I10<=L_bldg,J10<=W_bldg),AND(I10<=W_bldg,J10<=L_bldg))))),OR(lane_policy="Free (optimize N_C)",AND(B10=sku_pal,A10<=20))),1,0) -> 0 | AF10: =IF(obj_mode="Total cost",Z10,IF(obj_mode="Shuttle cycle",O10,T10)) -> 2567547.1 | AG10: =IF(AE10=1,AF10*(1+A10*0.0000000001),1E+99) -> 1e+99 | AH10: =IF(AE10=1,"",TRIM(IF(K10>H_max,"height ","")&IF(AND(env_use="Yes",NOT(OR(AND(I10<=L_bldg,J10<=W_bldg),AND(I10<=W_bldg,J10<=L_bldg)))),"footprint ","")&IF(H10>300,"lanes>300 ","")&IF(G10>6,"lifts>6 ","")&IF(AND(lane_policy<>"Free (optimize N_C)",B10<>sku_pal),"lane policy ","")&IF(AND(lane_policy<>"Free (optimize N_C)",B10=sku_pal,A10>20),"duplicate",""))) -> footprint | AI10: =(MAX(0,K10/H_max-1)+IF(env_use="Yes",MIN(MAX(0,I10/L_bldg-1)+MAX(0,J10/W_bldg-1),MAX(0,I10/W_bldg-1)+MAX(0,J10/L_bldg-1)),0)+MAX(0,H10/300-1)+MAX(0,G10/6-1)+IF(AND(lane_policy<>"Free (optimize N_C)",B10<>sku_pal),1000,0))*1000000000000000+AF10*(1+A10*0.0000000001) -> 1.2333333e+15 | AJ10: 4 | AK10: =IF(AE11=1,AF11,NA()) -> #N/A | AL10: =IF(AE31=1,AF31,NA()) -> #N/A | AM10: =IF(AE51=1,AF51,NA()) -> #N/A | AN10: =IF(AE71=1,AF71,NA()) -> #N/A | AO10: =IF(AE91=1,AF91,NA()) -> #N/A | AP10: =IF(AE111=1,AF111,NA()) -> #N/A | AQ10: =IF(AE131=1,AF131,NA()) -> #N/A | AR10: =IF(AE151=1,AF151,NA()) -> #N/A | AS10: =IF(AE171=1,AF171,NA()) -> #N/A | AT10: =IF(AE191=1,AF191,NA()) -> #N/A | AU10: =IF(AE211=1,AF211,NA()) -> #N/A
A11: 4 | B11: =$B$3 -> 6 | C11: 4 | D11: =INDEX(Tc_pl,C11) -> 0.55555556 | E11: =INDEX(Tc_S,C11) -> 42.447143 | F11: =lam_total*D11*E11/3600 -> 0.6550485 | G11: =IF(F11<=0.000000000001,0,MAX(ROUNDUP(F11/rho_max-0.000000001,0),IF(redund="Yes",ROUNDUP(F11/rho_fail-0.000000001,0)+1,0))) -> 2 | H11: =MAX(1,ROUNDUP((P_req/(B11*C11)+G11*lpl)/2-0.000000001,0)) -> 102 | I11: =H11*u_w -> 102 | J11: =2*B11*u_d+aisle_w -> 16.9 | K11: =C11*u_h -> 8.6 | L11: =IF(G11=0,I11,I11/(2*G11)) -> 25.5 | M11: =((IF((lane_off+(L11))<=(v_sh^2/a_sh),(4/3)*(lane_off+(L11))^1.5/SQRT(a_sh),(4/3)*(v_sh^2/a_sh)^1.5/SQRT(a_sh)+((lane_off+(L11))^2-(v_sh^2/a_sh)^2)/(2*v_sh)+(v_sh/a_sh)*((lane_off+(L11))-(v_sh^2/a_sh))))-(IF((lane_off)<=(v_sh^2/a_sh),(4/3)*(lane_off)^1.5/SQRT(a_sh),(4/3)*(v_sh^2/a_sh)^1.5/SQRT(a_sh)+((lane_off)^2-(v_sh^2/a_sh)^2)/(2*v_sh)+(v_sh/a_sh)*((lane_off)-(v_sh^2/a_sh)))))/(L11) -> 12.820786 | N11: =IF(((B11-1)*u_d/2*(1+f_hc)+lane_off)<=0,0,IF(((B11-1)*u_d/2*(1+f_hc)+lane_off)>=v_sh^2/a_sh,((B11-1)*u_d/2*(1+f_hc)+lane_off)/v_sh+v_sh/a_sh,2*SQRT(((B11-1)*u_d/2*(1+f_hc)+lane_off)/a_sh))) -> 6.5142857 | O11: =2*t_sh+2*t_turn+2*M11+2*N11 -> 96.670143 | P11: =SUMPRODUCT((Tc_idx<=C11)*(ROUNDUP(lam_total*INDEX(Tc_P,C11,0)*O11/(3600*rho_max)-0.000000001,0)+(ROUNDUP(lam_total*INDEX(Tc_P,C11,0)*O11/(3600*rho_max)-0.000000001,0)<min_sh)*(min_sh-ROUNDUP(lam_total*INDEX(Tc_P,C11,0)*O11/(3600*rho_max)-0.000000001,0)))) -> 6 | Q11: =ROUNDUP(P11-0.000000001,0)+spares -> 8 | R11: =B11*C11*(2*H11-G11*lpl) -> 4752 | S11: =R11*fill -> 4039.2 | T11: =I11*J11 -> 1723.8 | U11: =T11*(K11+headroom) -> 17410.38 | V11: =G11*c_lift -> 300000 | W11: =Q11*c_shut -> 400000 | X11: =R11*c_pos -> 475200 | Y11: =T11*c_m2+U11*c_m3 -> 1211831.4 | Z11: =SUM(V11:Y11) -> 2387031.4 | AA11: =B11*u_d/(H11*u_w) -> 0.076470588 | AB11: =IF(G11=0,0,F11/G11) -> 0.32752425 | AC11: =IF(G11>1,F11/(G11-1),"n/a") -> 0.6550485 | AD11: =moves_day*m_pallet*9.81*INDEX(Tc_mh,C11)/3600000 -> 8.1241333 | AE11: =IF(AND(K11<=H_max,H11<=300,G11<=6,NOT(AND(env_use="Yes",NOT(OR(AND(I11<=L_bldg,J11<=W_bldg),AND(I11<=W_bldg,J11<=L_bldg))))),OR(lane_policy="Free (optimize N_C)",AND(B11=sku_pal,A11<=20))),1,0) -> 0 | AF11: =IF(obj_mode="Total cost",Z11,IF(obj_mode="Shuttle cycle",O11,T11)) -> 2387031.4 | AG11: =IF(AE11=1,AF11*(1+A11*0.0000000001),1E+99) -> 1e+99 | AH11: =IF(AE11=1,"",TRIM(IF(K11>H_max,"height ","")&IF(AND(env_use="Yes",NOT(OR(AND(I11<=L_bldg,J11<=W_bldg),AND(I11<=W_bldg,J11<=L_bldg)))),"footprint ","")&IF(H11>300,"lanes>300 ","")&IF(G11>6,"lifts>6 ","")&IF(AND(lane_policy<>"Free (optimize N_C)",B11<>sku_pal),"lane policy ","")&IF(AND(lane_policy<>"Free (optimize N_C)",B11=sku_pal,A11>20),"duplicate",""))) -> footprint | AI11: =(MAX(0,K11/H_max-1)+IF(env_use="Yes",MIN(MAX(0,I11/L_bldg-1)+MAX(0,J11/W_bldg-1),MAX(0,I11/W_bldg-1)+MAX(0,J11/L_bldg-1)),0)+MAX(0,H11/300-1)+MAX(0,G11/6-1)+IF(AND(lane_policy<>"Free (optimize N_C)",B11<>sku_pal),1000,0))*1000000000000000+AF11*(1+A11*0.0000000001) -> 7e+14 | AJ11: 5 | AK11: =IF(AE12=1,AF12,NA()) -> #N/A | AL11: =IF(AE32=1,AF32,NA()) -> #N/A | AM11: =IF(AE52=1,AF52,NA()) -> #N/A | AN11: =IF(AE72=1,AF72,NA()) -> #N/A | AO11: =IF(AE92=1,AF92,NA()) -> #N/A | AP11: =IF(AE112=1,AF112,NA()) -> #N/A | AQ11: =IF(AE132=1,AF132,NA()) -> #N/A | AR11: =IF(AE152=1,AF152,NA()) -> #N/A | AS11: =IF(AE172=1,AF172,NA()) -> #N/A | AT11: =IF(AE192=1,AF192,NA()) -> #N/A | AU11: =IF(AE212=1,AF212,NA()) -> #N/A
A12: 5 | B12: =$B$3 -> 6 | C12: 5 | D12: =INDEX(Tc_pl,C12) -> 0.57894737 | E12: =INDEX(Tc_S,C12) -> 43.502597 | F12: =lam_total*D12*E12/3600 -> 0.69960317 | G12: =IF(F12<=0.000000000001,0,MAX(ROUNDUP(F12/rho_max-0.000000001,0),IF(redund="Yes",ROUNDUP(F12/rho_fail-0.000000001,0)+1,0))) -> 2 | H12: =MAX(1,ROUNDUP((P_req/(B12*C12)+G12*lpl)/2-0.000000001,0)) -> 82 | I12: =H12*u_w -> 82 | J12: =2*B12*u_d+aisle_w -> 16.9 | K12: =C12*u_h -> 10.75 | L12: =IF(G12=0,I12,I12/(2*G12)) -> 20.5 | M12: =((IF((lane_off+(L12))<=(v_sh^2/a_sh),(4/3)*(lane_off+(L12))^1.5/SQRT(a_sh),(4/3)*(v_sh^2/a_sh)^1.5/SQRT(a_sh)+((lane_off+(L12))^2-(v_sh^2/a_sh)^2)/(2*v_sh)+(v_sh/a_sh)*((lane_off+(L12))-(v_sh^2/a_sh))))-(IF((lane_off)<=(v_sh^2/a_sh),(4/3)*(lane_off)^1.5/SQRT(a_sh),(4/3)*(v_sh^2/a_sh)^1.5/SQRT(a_sh)+((lane_off)^2-(v_sh^2/a_sh)^2)/(2*v_sh)+(v_sh/a_sh)*((lane_off)-(v_sh^2/a_sh)))))/(L12) -> 11.03143 | N12: =IF(((B12-1)*u_d/2*(1+f_hc)+lane_off)<=0,0,IF(((B12-1)*u_d/2*(1+f_hc)+lane_off)>=v_sh^2/a_sh,((B12-1)*u_d/2*(1+f_hc)+lane_off)/v_sh+v_sh/a_sh,2*SQRT(((B12-1)*u_d/2*(1+f_hc)+lane_off)/a_sh))) -> 6.5142857 | O12: =2*t_sh+2*t_turn+2*M12+2*N12 -> 93.091432 | P12: =SUMPRODUCT((Tc_idx<=C12)*(ROUNDUP(lam_total*INDEX(Tc_P,C12,0)*O12/(3600*rho_max)-0.000000001,0)+(ROUNDUP(lam_total*INDEX(Tc_P,C12,0)*O12/(3600*rho_max)-0.000000001,0)<min_sh)*(min_sh-ROUNDUP(lam_total*INDEX(Tc_P,C12,0)*O12/(3600*rho_max)-0.000000001,0)))) -> 7 | Q12: =ROUNDUP(P12-0.000000001,0)+spares -> 9 | R12: =B12*C12*(2*H12-G12*lpl) -> 4740 | S12: =R12*fill -> 4029 | T12: =I12*J12 -> 1385.8 | U12: =T12*(K12+headroom) -> 16976.05 | V12: =G12*c_lift -> 300000 | W12: =Q12*c_shut -> 450000 | X12: =R12*c_pos -> 474000 | Y12: =T12*c_m2+U12*c_m3 -> 1063601.5 | Z12: =SUM(V12:Y12) -> 2287601.5 | AA12: =B12*u_d/(H12*u_w) -> 0.095121951 | AB12: =IF(G12=0,0,F12/G12) -> 0.34980159 | AC12: =IF(G12>1,F12/(G12-1),"n/a") -> 0.69960317 | AD12: =moves_day*m_pallet*9.81*INDEX(Tc_mh,C12)/3600000 -> 10.064716 | AE12: =IF(AND(K12<=H_max,H12<=300,G12<=6,NOT(AND(env_use="Yes",NOT(OR(AND(I12<=L_bldg,J12<=W_bldg),AND(I12<=W_bldg,J12<=L_bldg))))),OR(lane_policy="Free (optimize N_C)",AND(B12=sku_pal,A12<=20))),1,0) -> 0 | AF12: =IF(obj_mode="Total cost",Z12,IF(obj_mode="Shuttle cycle",O12,T12)) -> 2287601.5 | AG12: =IF(AE12=1,AF12*(1+A12*0.0000000001),1E+99) -> 1e+99 | AH12: =IF(AE12=1,"",TRIM(IF(K12>H_max,"height ","")&IF(AND(env_use="Yes",NOT(OR(AND(I12<=L_bldg,J12<=W_bldg),AND(I12<=W_bldg,J12<=L_bldg)))),"footprint ","")&IF(H12>300,"lanes>300 ","")&IF(G12>6,"lifts>6 ","")&IF(AND(lane_policy<>"Free (optimize N_C)",B12<>sku_pal),"lane policy ","")&IF(AND(lane_policy<>"Free (optimize N_C)",B12=sku_pal,A12>20),"duplicate",""))) -> footprint | AI12: =(MAX(0,K12/H_max-1)+IF(env_use="Yes",MIN(MAX(0,I12/L_bldg-1)+MAX(0,J12/W_bldg-1),MAX(0,I12/W_bldg-1)+MAX(0,J12/L_bldg-1)),0)+MAX(0,H12/300-1)+MAX(0,G12/6-1)+IF(AND(lane_policy<>"Free (optimize N_C)",B12<>sku_pal),1000,0))*1000000000000000+AF12*(1+A12*0.0000000001) -> 3.6666667e+14 | AJ12: 6 | AK12: =IF(AE13=1,AF13,NA()) -> #N/A | AL12: =IF(AE33=1,AF33,NA()) -> #N/A | AM12: =IF(AE53=1,AF53,NA()) -> #N/A | AN12: =IF(AE73=1,AF73,NA()) -> #N/A | AO12: =IF(AE93=1,AF93,NA()) -> #N/A | AP12: =IF(AE113=1,AF113,NA()) -> #N/A | AQ12: =IF(AE133=1,AF133,NA()) -> #N/A | AR12: =IF(AE153=1,AF153,NA()) -> #N/A | AS12: =IF(AE173=1,AF173,NA()) -> #N/A | AT12: =IF(AE193=1,AF193,NA()) -> #N/A | AU12: =IF(AE213=1,AF213,NA()) -> #N/A
A13: 6 | B13: =$B$3 -> 6 | C13: 6 | D13: =INDEX(Tc_pl,C13) -> 0.6 | E13: =INDEX(Tc_S,C13) -> 44.740476 | F13: =lam_total*D13*E13/3600 -> 0.7456746 | G13: =IF(F13<=0.000000000001,0,MAX(ROUNDUP(F13/rho_max-0.000000001,0),IF(redund="Yes",ROUNDUP(F13/rho_fail-0.000000001,0)+1,0))) -> 2 | H13: =MAX(1,ROUNDUP((P_req/(B13*C13)+G13*lpl)/2-0.000000001,0)) -> 69 | I13: =H13*u_w -> 69 | J13: =2*B13*u_d+aisle_w -> 16.9 | K13: =C13*u_h -> 12.9 | L13: =IF(G13=0,I13,I13/(2*G13)) -> 17.25 | M13: =((IF((lane_off+(L13))<=(v_sh^2/a_sh),(4/3)*(lane_off+(L13))^1.5/SQRT(a_sh),(4/3)*(v_sh^2/a_sh)^1.5/SQRT(a_sh)+((lane_off+(L13))^2-(v_sh^2/a_sh)^2)/(2*v_sh)+(v_sh/a_sh)*((lane_off+(L13))-(v_sh^2/a_sh))))-(IF((lane_off)<=(v_sh^2/a_sh),(4/3)*(lane_off)^1.5/SQRT(a_sh),(4/3)*(v_sh^2/a_sh)^1.5/SQRT(a_sh)+((lane_off)^2-(v_sh^2/a_sh)^2)/(2*v_sh)+(v_sh/a_sh)*((lane_off)-(v_sh^2/a_sh)))))/(L13) -> 9.8672174 | N13: =IF(((B13-1)*u_d/2*(1+f_hc)+lane_off)<=0,0,IF(((B13-1)*u_d/2*(1+f_hc)+lane_off)>=v_sh^2/a_sh,((B13-1)*u_d/2*(1+f_hc)+lane_off)/v_sh+v_sh/a_sh,2*SQRT(((B13-1)*u_d/2*(1+f_hc)+lane_off)/a_sh))) -> 6.5142857 | O13: =2*t_sh+2*t_turn+2*M13+2*N13 -> 90.763006 | P13: =SUMPRODUCT((Tc_idx<=C13)*(ROUNDUP(lam_total*INDEX(Tc_P,C13,0)*O13/(3600*rho_max)-0.000000001,0)+(ROUNDUP(lam_total*INDEX(Tc_P,C13,0)*O13/(3600*rho_max)-0.000000001,0)<min_sh)*(min_sh-ROUNDUP(lam_total*INDEX(Tc_P,C13,0)*O13/(3600*rho_max)-0.000000001,0)))) -> 8 | Q13: =ROUNDUP(P13-0.000000001,0)+spares -> 10 | R13: =B13*C13*(2*H13-G13*lpl) -> 4752 | S13: =R13*fill -> 4039.2 | T13: =I13*J13 -> 1166.1 | U13: =T13*(K13+headroom) -> 16791.84 | V13: =G13*c_lift -> 300000 | W13: =Q13*c_shut -> 500000 | X13: =R13*c_pos -> 475200 | Y13: =T13*c_m2+U13*c_m3 -> 970195.2 | Z13: =SUM(V13:Y13) -> 2245395.2 | AA13: =B13*u_d/(H13*u_w) -> 0.11304348 | AB13: =IF(G13=0,0,F13/G13) -> 0.3728373 | AC13: =IF(G13>1,F13/(G13-1),"n/a") -> 0.7456746 | AD13: =moves_day*m_pallet*9.81*INDEX(Tc_mh,C13)/3600000 -> 12.37368 | AE13: =IF(AND(K13<=H_max,H13<=300,G13<=6,NOT(AND(env_use="Yes",NOT(OR(AND(I13<=L_bldg,J13<=W_bldg),AND(I13<=W_bldg,J13<=L_bldg))))),OR(lane_policy="Free (optimize N_C)",AND(B13=sku_pal,A13<=20))),1,0) -> 0 | AF13: =IF(obj_mode="Total cost",Z13,IF(obj_mode="Shuttle cycle",O13,T13)) -> 2245395.2 | AG13: =IF(AE13=1,AF13*(1+A13*0.0000000001),1E+99) -> 1e+99 | AH13: =IF(AE13=1,"",TRIM(IF(K13>H_max,"height ","")&IF(AND(env_use="Yes",NOT(OR(AND(I13<=L_bldg,J13<=W_bldg),AND(I13<=W_bldg,J13<=L_bldg)))),"footprint ","")&IF(H13>300,"lanes>300 ","")&IF(G13>6,"lifts>6 ","")&IF(AND(lane_policy<>"Free (optimize N_C)",B13<>sku_pal),"lane policy ","")&IF(AND(lane_policy<>"Free (optimize N_C)",B13=sku_pal,A13>20),"duplicate",""))) -> footprint | AI13: =(MAX(0,K13/H_max-1)+IF(env_use="Yes",MIN(MAX(0,I13/L_bldg-1)+MAX(0,J13/W_bldg-1),MAX(0,I13/W_bldg-1)+MAX(0,J13/L_bldg-1)),0)+MAX(0,H13/300-1)+MAX(0,G13/6-1)+IF(AND(lane_policy<>"Free (optimize N_C)",B13<>sku_pal),1000,0))*1000000000000000+AF13*(1+A13*0.0000000001) -> 1.5e+14 | AJ13: 7 | AK13: =IF(AE14=1,AF14,NA()) -> 2237851 | AL13: =IF(AE34=1,AF34,NA()) -> #N/A | AM13: =IF(AE54=1,AF54,NA()) -> #N/A | AN13: =IF(AE74=1,AF74,NA()) -> #N/A | AO13: =IF(AE94=1,AF94,NA()) -> #N/A | AP13: =IF(AE114=1,AF114,NA()) -> #N/A | AQ13: =IF(AE134=1,AF134,NA()) -> #N/A | AR13: =IF(AE154=1,AF154,NA()) -> #N/A | AS13: =IF(AE174=1,AF174,NA()) -> #N/A | AT13: =IF(AE194=1,AF194,NA()) -> #N/A | AU13: =IF(AE214=1,AF214,NA()) -> #N/A
A14: 7 | B14: =$B$3 -> 6 | C14: 7 | D14: =INDEX(Tc_pl,C14) -> 0.6 | E14: =INDEX(Tc_S,C14) -> 44.919643 | F14: =lam_total*D14*E14/3600 -> 0.74866071 | G14: =IF(F14<=0.000000000001,0,MAX(ROUNDUP(F14/rho_max-0.000000001,0),IF(redund="Yes",ROUNDUP(F14/rho_fail-0.000000001,0)+1,0))) -> 2 | H14: =MAX(1,ROUNDUP((P_req/(B14*C14)+G14*lpl)/2-0.000000001,0)) -> 60 | I14: =H14*u_w -> 60 | J14: =2*B14*u_d+aisle_w -> 16.9 | K14: =C14*u_h -> 15.05 | L14: =IF(G14=0,I14,I14/(2*G14)) -> 15 | M14: =((IF((lane_off+(L14))<=(v_sh^2/a_sh),(4/3)*(lane_off+(L14))^1.5/SQRT(a_sh),(4/3)*(v_sh^2/a_sh)^1.5/SQRT(a_sh)+((lane_off+(L14))^2-(v_sh^2/a_sh)^2)/(2*v_sh)+(v_sh/a_sh)*((lane_off+(L14))-(v_sh^2/a_sh))))-(IF((lane_off)<=(v_sh^2/a_sh),(4/3)*(lane_off)^1.5/SQRT(a_sh),(4/3)*(v_sh^2/a_sh)^1.5/SQRT(a_sh)+((lane_off)^2-(v_sh^2/a_sh)^2)/(2*v_sh)+(v_sh/a_sh)*((lane_off)-(v_sh^2/a_sh)))))/(L14) -> 9.0603358 | N14: =IF(((B14-1)*u_d/2*(1+f_hc)+lane_off)<=0,0,IF(((B14-1)*u_d/2*(1+f_hc)+lane_off)>=v_sh^2/a_sh,((B14-1)*u_d/2*(1+f_hc)+lane_off)/v_sh+v_sh/a_sh,2*SQRT(((B14-1)*u_d/2*(1+f_hc)+lane_off)/a_sh))) -> 6.5142857 | O14: =2*t_sh+2*t_turn+2*M14+2*N14 -> 89.149243 | P14: =SUMPRODUCT((Tc_idx<=C14)*(ROUNDUP(lam_total*INDEX(Tc_P,C14,0)*O14/(3600*rho_max)-0.000000001,0)+(ROUNDUP(lam_total*INDEX(Tc_P,C14,0)*O14/(3600*rho_max)-0.000000001,0)<min_sh)*(min_sh-ROUNDUP(lam_total*INDEX(Tc_P,C14,0)*O14/(3600*rho_max)-0.000000001,0)))) -> 9 | Q14: =ROUNDUP(P14-0.000000001,0)+spares -> 11 | R14: =B14*C14*(2*H14-G14*lpl) -> 4788 | S14: =R14*fill -> 4069.8 | T14: =I14*J14 -> 1014 | U14: =T14*(K14+headroom) -> 16781.7 | V14: =G14*c_lift -> 300000 | W14: =Q14*c_shut -> 550000 | X14: =R14*c_pos -> 478800 | Y14: =T14*c_m2+U14*c_m3 -> 909051 | Z14: =SUM(V14:Y14) -> 2237851 | AA14: =B14*u_d/(H14*u_w) -> 0.13 | AB14: =IF(G14=0,0,F14/G14) -> 0.37433036 | AC14: =IF(G14>1,F14/(G14-1),"n/a") -> 0.74866071 | AD14: =moves_day*m_pallet*9.81*INDEX(Tc_mh,C14)/3600000 -> 12.6549 | AE14: =IF(AND(K14<=H_max,H14<=300,G14<=6,NOT(AND(env_use="Yes",NOT(OR(AND(I14<=L_bldg,J14<=W_bldg),AND(I14<=W_bldg,J14<=L_bldg))))),OR(lane_policy="Free (optimize N_C)",AND(B14=sku_pal,A14<=20))),1,0) -> 1 | AF14: =IF(obj_mode="Total cost",Z14,IF(obj_mode="Shuttle cycle",O14,T14)) -> 2237851 | AG14: =IF(AE14=1,AF14*(1+A14*0.0000000001),1E+99) -> 2237851 | AH14: =IF(AE14=1,"",TRIM(IF(K14>H_max,"height ","")&IF(AND(env_use="Yes",NOT(OR(AND(I14<=L_bldg,J14<=W_bldg),AND(I14<=W_bldg,J14<=L_bldg)))),"footprint ","")&IF(H14>300,"lanes>300 ","")&IF(G14>6,"lifts>6 ","")&IF(AND(lane_policy<>"Free (optimize N_C)",B14<>sku_pal),"lane policy ","")&IF(AND(lane_policy<>"Free (optimize N_C)",B14=sku_pal,A14>20),"duplicate",""))) | AI14: =(MAX(0,K14/H_max-1)+IF(env_use="Yes",MIN(MAX(0,I14/L_bldg-1)+MAX(0,J14/W_bldg-1),MAX(0,I14/W_bldg-1)+MAX(0,J14/L_bldg-1)),0)+MAX(0,H14/300-1)+MAX(0,G14/6-1)+IF(AND(lane_policy<>"Free (optimize N_C)",B14<>sku_pal),1000,0))*1000000000000000+AF14*(1+A14*0.0000000001) -> 2237851 | AJ14: 8 | AK14: =IF(AE15=1,AF15,NA()) -> 2240767.7 | AL14: =IF(AE35=1,AF35,NA()) -> #N/A | AM14: =IF(AE55=1,AF55,NA()) -> #N/A | AN14: =IF(AE75=1,AF75,NA()) -> #N/A | AO14: =IF(AE95=1,AF95,NA()) -> #N/A | AP14: =IF(AE115=1,AF115,NA()) -> #N/A | AQ14: =IF(AE135=1,AF135,NA()) -> #N/A | AR14: =IF(AE155=1,AF155,NA()) -> #N/A | AS14: =IF(AE175=1,AF175,NA()) -> #N/A | AT14: =IF(AE195=1,AF195,NA()) -> #N/A | AU14: =IF(AE215=1,AF215,NA()) -> #N/A
A15: 8 | B15: =$B$3 -> 6 | C15: 8 | D15: =INDEX(Tc_pl,C15) -> 0.6 | E15: =INDEX(Tc_S,C15) -> 45.09881 | F15: =lam_total*D15*E15/3600 -> 0.75164683 | G15: =IF(F15<=0.000000000001,0,MAX(ROUNDUP(F15/rho_max-0.000000001,0),IF(redund="Yes",ROUNDUP(F15/rho_fail-0.000000001,0)+1,0))) -> 2 | H15: =MAX(1,ROUNDUP((P_req/(B15*C15)+G15*lpl)/2-0.000000001,0)) -> 53 | I15: =H15*u_w -> 53 | J15: =2*B15*u_d+aisle_w -> 16.9 | K15: =C15*u_h -> 17.2 | L15: =IF(G15=0,I15,I15/(2*G15)) -> 13.25 | M15: =((IF((lane_off+(L15))<=(v_sh^2/a_sh),(4/3)*(lane_off+(L15))^1.5/SQRT(a_sh),(4/3)*(v_sh^2/a_sh)^1.5/SQRT(a_sh)+((lane_off+(L15))^2-(v_sh^2/a_sh)^2)/(2*v_sh)+(v_sh/a_sh)*((lane_off+(L15))-(v_sh^2/a_sh))))-(IF((lane_off)<=(v_sh^2/a_sh),(4/3)*(lane_off)^1.5/SQRT(a_sh),(4/3)*(v_sh^2/a_sh)^1.5/SQRT(a_sh)+((lane_off)^2-(v_sh^2/a_sh)^2)/(2*v_sh)+(v_sh/a_sh)*((lane_off)-(v_sh^2/a_sh)))))/(L15) -> 8.4319839 | N15: =IF(((B15-1)*u_d/2*(1+f_hc)+lane_off)<=0,0,IF(((B15-1)*u_d/2*(1+f_hc)+lane_off)>=v_sh^2/a_sh,((B15-1)*u_d/2*(1+f_hc)+lane_off)/v_sh+v_sh/a_sh,2*SQRT(((B15-1)*u_d/2*(1+f_hc)+lane_off)/a_sh))) -> 6.5142857 | O15: =2*t_sh+2*t_turn+2*M15+2*N15 -> 87.892539 | P15: =SUMPRODUCT((Tc_idx<=C15)*(ROUNDUP(lam_total*INDEX(Tc_P,C15,0)*O15/(3600*rho_max)-0.000000001,0)+(ROUNDUP(lam_total*INDEX(Tc_P,C15,0)*O15/(3600*rho_max)-0.000000001,0)<min_sh)*(min_sh-ROUNDUP(lam_total*INDEX(Tc_P,C15,0)*O15/(3600*rho_max)-0.000000001,0)))) -> 10 | Q15: =ROUNDUP(P15-0.000000001,0)+spares -> 12 | R15: =B15*C15*(2*H15-G15*lpl) -> 4800 | S15: =R15*fill -> 4080 | T15: =I15*J15 -> 895.7 | U15: =T15*(K15+headroom) -> 16749.59 | V15: =G15*c_lift -> 300000 | W15: =Q15*c_shut -> 600000 | X15: =R15*c_pos -> 480000 | Y15: =T15*c_m2+U15*c_m3 -> 860767.7 | Z15: =SUM(V15:Y15) -> 2240767.7 | AA15: =B15*u_d/(H15*u_w) -> 0.14716981 | AB15: =IF(G15=0,0,F15/G15) -> 0.37582341 | AC15: =IF(G15>1,F15/(G15-1),"n/a") -> 0.75164683 | AD15: =moves_day*m_pallet*9.81*INDEX(Tc_mh,C15)/3600000 -> 12.93612 | AE15: =IF(AND(K15<=H_max,H15<=300,G15<=6,NOT(AND(env_use="Yes",NOT(OR(AND(I15<=L_bldg,J15<=W_bldg),AND(I15<=W_bldg,J15<=L_bldg))))),OR(lane_policy="Free (optimize N_C)",AND(B15=sku_pal,A15<=20))),1,0) -> 1 | AF15: =IF(obj_mode="Total cost",Z15,IF(obj_mode="Shuttle cycle",O15,T15)) -> 2240767.7 | AG15: =IF(AE15=1,AF15*(1+A15*0.0000000001),1E+99) -> 2240767.7 | AH15: =IF(AE15=1,"",TRIM(IF(K15>H_max,"height ","")&IF(AND(env_use="Yes",NOT(OR(AND(I15<=L_bldg,J15<=W_bldg),AND(I15<=W_bldg,J15<=L_bldg)))),"footprint ","")&IF(H15>300,"lanes>300 ","")&IF(G15>6,"lifts>6 ","")&IF(AND(lane_policy<>"Free (optimize N_C)",B15<>sku_pal),"lane policy ","")&IF(AND(lane_policy<>"Free (optimize N_C)",B15=sku_pal,A15>20),"duplicate",""))) | AI15: =(MAX(0,K15/H_max-1)+IF(env_use="Yes",MIN(MAX(0,I15/L_bldg-1)+MAX(0,J15/W_bldg-1),MAX(0,I15/W_bldg-1)+MAX(0,J15/L_bldg-1)),0)+MAX(0,H15/300-1)+MAX(0,G15/6-1)+IF(AND(lane_policy<>"Free (optimize N_C)",B15<>sku_pal),1000,0))*1000000000000000+AF15*(1+A15*0.0000000001) -> 2240767.7 | AJ15: 9 | AK15: =IF(AE16=1,AF16,NA()) -> 2239754.6 | AL15: =IF(AE36=1,AF36,NA()) -> #N/A | AM15: =IF(AE56=1,AF56,NA()) -> #N/A | AN15: =IF(AE76=1,AF76,NA()) -> #N/A | AO15: =IF(AE96=1,AF96,NA()) -> #N/A | AP15: =IF(AE116=1,AF116,NA()) -> #N/A | AQ15: =IF(AE136=1,AF136,NA()) -> #N/A | AR15: =IF(AE156=1,AF156,NA()) -> #N/A | AS15: =IF(AE176=1,AF176,NA()) -> #N/A | AT15: =IF(AE196=1,AF196,NA()) -> #N/A | AU15: =IF(AE216=1,AF216,NA()) -> #N/A
A16: 9 | B16: =$B$3 -> 6 | C16: 9 | D16: =INDEX(Tc_pl,C16) -> 0.6 | E16: =INDEX(Tc_S,C16) -> 45.277976 | F16: =lam_total*D16*E16/3600 -> 0.75463294 | G16: =IF(F16<=0.000000000001,0,MAX(ROUNDUP(F16/rho_max-0.000000001,0),IF(redund="Yes",ROUNDUP(F16/rho_fail-0.000000001,0)+1,0))) -> 2 | H16: =MAX(1,ROUNDUP((P_req/(B16*C16)+G16*lpl)/2-0.000000001,0)) -> 47 | I16: =H16*u_w -> 47 | J16: =2*B16*u_d+aisle_w -> 16.9 | K16: =C16*u_h -> 19.35 | L16: =IF(G16=0,I16,I16/(2*G16)) -> 11.75 | M16: =((IF((lane_off+(L16))<=(v_sh^2/a_sh),(4/3)*(lane_off+(L16))^1.5/SQRT(a_sh),(4/3)*(v_sh^2/a_sh)^1.5/SQRT(a_sh)+((lane_off+(L16))^2-(v_sh^2/a_sh)^2)/(2*v_sh)+(v_sh/a_sh)*((lane_off+(L16))-(v_sh^2/a_sh))))-(IF((lane_off)<=(v_sh^2/a_sh),(4/3)*(lane_off)^1.5/SQRT(a_sh),(4/3)*(v_sh^2/a_sh)^1.5/SQRT(a_sh)+((lane_off)^2-(v_sh^2/a_sh)^2)/(2*v_sh)+(v_sh/a_sh)*((lane_off)-(v_sh^2/a_sh)))))/(L16) -> 7.8926019 | N16: =IF(((B16-1)*u_d/2*(1+f_hc)+lane_off)<=0,0,IF(((B16-1)*u_d/2*(1+f_hc)+lane_off)>=v_sh^2/a_sh,((B16-1)*u_d/2*(1+f_hc)+lane_off)/v_sh+v_sh/a_sh,2*SQRT(((B16-1)*u_d/2*(1+f_hc)+lane_off)/a_sh))) -> 6.5142857 | O16: =2*t_sh+2*t_turn+2*M16+2*N16 -> 86.813775 | P16: =SUMPRODUCT((Tc_idx<=C16)*(ROUNDUP(lam_total*INDEX(Tc_P,C16,0)*O16/(3600*rho_max)-0.000000001,0)+(ROUNDUP(lam_total*INDEX(Tc_P,C16,0)*O16/(3600*rho_max)-0.000000001,0)<min_sh)*(min_sh-ROUNDUP(lam_total*INDEX(Tc_P,C16,0)*O16/(3600*rho_max)-0.000000001,0)))) -> 11 | Q16: =ROUNDUP(P16-0.000000001,0)+spares -> 13 | R16: =B16*C16*(2*H16-G16*lpl) -> 4752 | S16: =R16*fill -> 4039.2 | T16: =I16*J16 -> 794.3 | U16: =T16*(K16+headroom) -> 16561.155 | V16: =G16*c_lift -> 300000 | W16: =Q16*c_shut -> 650000 | X16: =R16*c_pos -> 475200 | Y16: =T16*c_m2+U16*c_m3 -> 814554.65 | Z16: =SUM(V16:Y16) -> 2239754.6 | AA16: =B16*u_d/(H16*u_w) -> 0.16595745 | AB16: =IF(G16=0,0,F16/G16) -> 0.37731647 | AC16: =IF(G16>1,F16/(G16-1),"n/a") -> 0.75463294 | AD16: =moves_day*m_pallet*9.81*INDEX(Tc_mh,C16)/3600000 -> 13.21734 | AE16: =IF(AND(K16<=H_max,H16<=300,G16<=6,NOT(AND(env_use="Yes",NOT(OR(AND(I16<=L_bldg,J16<=W_bldg),AND(I16<=W_bldg,J16<=L_bldg))))),OR(lane_policy="Free (optimize N_C)",AND(B16=sku_pal,A16<=20))),1,0) -> 1 | AF16: =IF(obj_mode="Total cost",Z16,IF(obj_mode="Shuttle cycle",O16,T16)) -> 2239754.6 | AG16: =IF(AE16=1,AF16*(1+A16*0.0000000001),1E+99) -> 2239754.7 | AH16: =IF(AE16=1,"",TRIM(IF(K16>H_max,"height ","")&IF(AND(env_use="Yes",NOT(OR(AND(I16<=L_bldg,J16<=W_bldg),AND(I16<=W_bldg,J16<=L_bldg)))),"footprint ","")&IF(H16>300,"lanes>300 ","")&IF(G16>6,"lifts>6 ","")&IF(AND(lane_policy<>"Free (optimize N_C)",B16<>sku_pal),"lane policy ","")&IF(AND(lane_policy<>"Free (optimize N_C)",B16=sku_pal,A16>20),"duplicate",""))) | AI16: =(MAX(0,K16/H_max-1)+IF(env_use="Yes",MIN(MAX(0,I16/L_bldg-1)+MAX(0,J16/W_bldg-1),MAX(0,I16/W_bldg-1)+MAX(0,J16/L_bldg-1)),0)+MAX(0,H16/300-1)+MAX(0,G16/6-1)+IF(AND(lane_policy<>"Free (optimize N_C)",B16<>sku_pal),1000,0))*1000000000000000+AF16*(1+A16*0.0000000001) -> 2239754.7 | AJ16: 10 | AK16: =IF(AE17=1,AF17,NA()) -> #N/A | AL16: =IF(AE37=1,AF37,NA()) -> #N/A | AM16: =IF(AE57=1,AF57,NA()) -> #N/A | AN16: =IF(AE77=1,AF77,NA()) -> #N/A | AO16: =IF(AE97=1,AF97,NA()) -> #N/A | AP16: =IF(AE117=1,AF117,NA()) -> #N/A | AQ16: =IF(AE137=1,AF137,NA()) -> #N/A | AR16: =IF(AE157=1,AF157,NA()) -> #N/A | AS16: =IF(AE177=1,AF177,NA()) -> #N/A | AT16: =IF(AE197=1,AF197,NA()) -> #N/A | AU16: =IF(AE217=1,AF217,NA()) -> #N/A
A17: 10 | B17: =$B$3 -> 6 | C17: 10 | D17: =INDEX(Tc_pl,C17) -> 0.6 | E17: =INDEX(Tc_S,C17) -> 45.457143 | F17: =lam_total*D17*E17/3600 -> 0.75761905 | G17: =IF(F17<=0.000000000001,0,MAX(ROUNDUP(F17/rho_max-0.000000001,0),IF(redund="Yes",ROUNDUP(F17/rho_fail-0.000000001,0)+1,0))) -> 2 | H17: =MAX(1,ROUNDUP((P_req/(B17*C17)+G17*lpl)/2-0.000000001,0)) -> 43 | I17: =H17*u_w -> 43 | J17: =2*B17*u_d+aisle_w -> 16.9 | K17: =C17*u_h -> 21.5 | L17: =IF(G17=0,I17,I17/(2*G17)) -> 10.75 | M17: =((IF((lane_off+(L17))<=(v_sh^2/a_sh),(4/3)*(lane_off+(L17))^1.5/SQRT(a_sh),(4/3)*(v_sh^2/a_sh)^1.5/SQRT(a_sh)+((lane_off+(L17))^2-(v_sh^2/a_sh)^2)/(2*v_sh)+(v_sh/a_sh)*((lane_off+(L17))-(v_sh^2/a_sh))))-(IF((lane_off)<=(v_sh^2/a_sh),(4/3)*(lane_off)^1.5/SQRT(a_sh),(4/3)*(v_sh^2/a_sh)^1.5/SQRT(a_sh)+((lane_off)^2-(v_sh^2/a_sh)^2)/(2*v_sh)+(v_sh/a_sh)*((lane_off)-(v_sh^2/a_sh)))))/(L17) -> 7.5324452 | N17: =IF(((B17-1)*u_d/2*(1+f_hc)+lane_off)<=0,0,IF(((B17-1)*u_d/2*(1+f_hc)+lane_off)>=v_sh^2/a_sh,((B17-1)*u_d/2*(1+f_hc)+lane_off)/v_sh+v_sh/a_sh,2*SQRT(((B17-1)*u_d/2*(1+f_hc)+lane_off)/a_sh))) -> 6.5142857 | O17: =2*t_sh+2*t_turn+2*M17+2*N17 -> 86.093462 | P17: =SUMPRODUCT((Tc_idx<=C17)*(ROUNDUP(lam_total*INDEX(Tc_P,C17,0)*O17/(3600*rho_max)-0.000000001,0)+(ROUNDUP(lam_total*INDEX(Tc_P,C17,0)*O17/(3600*rho_max)-0.000000001,0)<min_sh)*(min_sh-ROUNDUP(lam_total*INDEX(Tc_P,C17,0)*O17/(3600*rho_max)-0.000000001,0)))) -> 12 | Q17: =ROUNDUP(P17-0.000000001,0)+spares -> 14 | R17: =B17*C17*(2*H17-G17*lpl) -> 4800 | S17: =R17*fill -> 4080 | T17: =I17*J17 -> 726.7 | U17: =T17*(K17+headroom) -> 16714.1 | V17: =G17*c_lift -> 300000 | W17: =Q17*c_shut -> 700000 | X17: =R17*c_pos -> 480000 | Y17: =T17*c_m2+U17*c_m3 -> 792103 | Z17: =SUM(V17:Y17) -> 2272103 | AA17: =B17*u_d/(H17*u_w) -> 0.18139535 | AB17: =IF(G17=0,0,F17/G17) -> 0.37880952 | AC17: =IF(G17>1,F17/(G17-1),"n/a") -> 0.75761905 | AD17: =moves_day*m_pallet*9.81*INDEX(Tc_mh,C17)/3600000 -> 13.49856 | AE17: =IF(AND(K17<=H_max,H17<=300,G17<=6,NOT(AND(env_use="Yes",NOT(OR(AND(I17<=L_bldg,J17<=W_bldg),AND(I17<=W_bldg,J17<=L_bldg))))),OR(lane_policy="Free (optimize N_C)",AND(B17=sku_pal,A17<=20))),1,0) -> 0 | AF17: =IF(obj_mode="Total cost",Z17,IF(obj_mode="Shuttle cycle",O17,T17)) -> 2272103 | AG17: =IF(AE17=1,AF17*(1+A17*0.0000000001),1E+99) -> 1e+99 | AH17: =IF(AE17=1,"",TRIM(IF(K17>H_max,"height ","")&IF(AND(env_use="Yes",NOT(OR(AND(I17<=L_bldg,J17<=W_bldg),AND(I17<=W_bldg,J17<=L_bldg)))),"footprint ","")&IF(H17>300,"lanes>300 ","")&IF(G17>6,"lifts>6 ","")&IF(AND(lane_policy<>"Free (optimize N_C)",B17<>sku_pal),"lane policy ","")&IF(AND(lane_policy<>"Free (optimize N_C)",B17=sku_pal,A17>20),"duplicate",""))) -> height | AI17: =(MAX(0,K17/H_max-1)+IF(env_use="Yes",MIN(MAX(0,I17/L_bldg-1)+MAX(0,J17/W_bldg-1),MAX(0,I17/W_bldg-1)+MAX(0,J17/L_bldg-1)),0)+MAX(0,H17/300-1)+MAX(0,G17/6-1)+IF(AND(lane_policy<>"Free (optimize N_C)",B17<>sku_pal),1000,0))*1000000000000000+AF17*(1+A17*0.0000000001) -> 7.5000002e+13 | AJ17: 11 | AK17: =IF(AE18=1,AF18,NA()) -> #N/A | AL17: =IF(AE38=1,AF38,NA()) -> #N/A | AM17: =IF(AE58=1,AF58,NA()) -> #N/A | AN17: =IF(AE78=1,AF78,NA()) -> #N/A | AO17: =IF(AE98=1,AF98,NA()) -> #N/A | AP17: =IF(AE118=1,AF118,NA()) -> #N/A | AQ17: =IF(AE138=1,AF138,NA()) -> #N/A | AR17: =IF(AE158=1,AF158,NA()) -> #N/A | AS17: =IF(AE178=1,AF178,NA()) -> #N/A | AT17: =IF(AE198=1,AF198,NA()) -> #N/A | AU17: =IF(AE218=1,AF218,NA()) -> #N/A
A18: 11 | B18: =$B$3 -> 6 | C18: 11 | D18: =INDEX(Tc_pl,C18) -> 0.6 | E18: =INDEX(Tc_S,C18) -> 45.63631 | F18: =lam_total*D18*E18/3600 -> 0.76060516 | G18: =IF(F18<=0.000000000001,0,MAX(ROUNDUP(F18/rho_max-0.000000001,0),IF(redund="Yes",ROUNDUP(F18/rho_fail-0.000000001,0)+1,0))) -> 2 | H18: =MAX(1,ROUNDUP((P_req/(B18*C18)+G18*lpl)/2-0.000000001,0)) -> 39 | I18: =H18*u_w -> 39 | J18: =2*B18*u_d+aisle_w -> 16.9 | K18: =C18*u_h -> 23.65 | L18: =IF(G18=0,I18,I18/(2*G18)) -> 9.75 | M18: =((IF((lane_off+(L18))<=(v_sh^2/a_sh),(4/3)*(lane_off+(L18))^1.5/SQRT(a_sh),(4/3)*(v_sh^2/a_sh)^1.5/SQRT(a_sh)+((lane_off+(L18))^2-(v_sh^2/a_sh)^2)/(2*v_sh)+(v_sh/a_sh)*((lane_off+(L18))-(v_sh^2/a_sh))))-(IF((lane_off)<=(v_sh^2/a_sh),(4/3)*(lane_off)^1.5/SQRT(a_sh),(4/3)*(v_sh^2/a_sh)^1.5/SQRT(a_sh)+((lane_off)^2-(v_sh^2/a_sh)^2)/(2*v_sh)+(v_sh/a_sh)*((lane_off)-(v_sh^2/a_sh)))))/(L18) -> 7.1716704 | N18: =IF(((B18-1)*u_d/2*(1+f_hc)+lane_off)<=0,0,IF(((B18-1)*u_d/2*(1+f_hc)+lane_off)>=v_sh^2/a_sh,((B18-1)*u_d/2*(1+f_hc)+lane_off)/v_sh+v_sh/a_sh,2*SQRT(((B18-1)*u_d/2*(1+f_hc)+lane_off)/a_sh))) -> 6.5142857 | O18: =2*t_sh+2*t_turn+2*M18+2*N18 -> 85.371912 | P18: =SUMPRODUCT((Tc_idx<=C18)*(ROUNDUP(lam_total*INDEX(Tc_P,C18,0)*O18/(3600*rho_max)-0.000000001,0)+(ROUNDUP(lam_total*INDEX(Tc_P,C18,0)*O18/(3600*rho_max)-0.000000001,0)<min_sh)*(min_sh-ROUNDUP(lam_total*INDEX(Tc_P,C18,0)*O18/(3600*rho_max)-0.000000001,0)))) -> 13 | Q18: =ROUNDUP(P18-0.000000001,0)+spares -> 15 | R18: =B18*C18*(2*H18-G18*lpl) -> 4752 | S18: =R18*fill -> 4039.2 | T18: =I18*J18 -> 659.1 | U18: =T18*(K18+headroom) -> 16576.365 | V18: =G18*c_lift -> 300000 | W18: =Q18*c_shut -> 750000 | X18: =R18*c_pos -> 475200 | Y18: =T18*c_m2+U18*c_m3 -> 760930.95 | Z18: =SUM(V18:Y18) -> 2286131 | AA18: =B18*u_d/(H18*u_w) -> 0.2 | AB18: =IF(G18=0,0,F18/G18) -> 0.38030258 | AC18: =IF(G18>1,F18/(G18-1),"n/a") -> 0.76060516 | AD18: =moves_day*m_pallet*9.81*INDEX(Tc_mh,C18)/3600000 -> 13.77978 | AE18: =IF(AND(K18<=H_max,H18<=300,G18<=6,NOT(AND(env_use="Yes",NOT(OR(AND(I18<=L_bldg,J18<=W_bldg),AND(I18<=W_bldg,J18<=L_bldg))))),OR(lane_policy="Free (optimize N_C)",AND(B18=sku_pal,A18<=20))),1,0) -> 0 | AF18: =IF(obj_mode="Total cost",Z18,IF(obj_mode="Shuttle cycle",O18,T18)) -> 2286131 | AG18: =IF(AE18=1,AF18*(1+A18*0.0000000001),1E+99) -> 1e+99 | AH18: =IF(AE18=1,"",TRIM(IF(K18>H_max,"height ","")&IF(AND(env_use="Yes",NOT(OR(AND(I18<=L_bldg,J18<=W_bldg),AND(I18<=W_bldg,J18<=L_bldg)))),"footprint ","")&IF(H18>300,"lanes>300 ","")&IF(G18>6,"lifts>6 ","")&IF(AND(lane_policy<>"Free (optimize N_C)",B18<>sku_pal),"lane policy ","")&IF(AND(lane_policy<>"Free (optimize N_C)",B18=sku_pal,A18>20),"duplicate",""))) -> height | AI18: =(MAX(0,K18/H_max-1)+IF(env_use="Yes",MIN(MAX(0,I18/L_bldg-1)+MAX(0,J18/W_bldg-1),MAX(0,I18/W_bldg-1)+MAX(0,J18/L_bldg-1)),0)+MAX(0,H18/300-1)+MAX(0,G18/6-1)+IF(AND(lane_policy<>"Free (optimize N_C)",B18<>sku_pal),1000,0))*1000000000000000+AF18*(1+A18*0.0000000001) -> 1.825e+14 | AJ18: 12 | AK18: =IF(AE19=1,AF19,NA()) -> #N/A | AL18: =IF(AE39=1,AF39,NA()) -> #N/A | AM18: =IF(AE59=1,AF59,NA()) -> #N/A | AN18: =IF(AE79=1,AF79,NA()) -> #N/A | AO18: =IF(AE99=1,AF99,NA()) -> #N/A | AP18: =IF(AE119=1,AF119,NA()) -> #N/A | AQ18: =IF(AE139=1,AF139,NA()) -> #N/A | AR18: =IF(AE159=1,AF159,NA()) -> #N/A | AS18: =IF(AE179=1,AF179,NA()) -> #N/A | AT18: =IF(AE199=1,AF199,NA()) -> #N/A | AU18: =IF(AE219=1,AF219,NA()) -> #N/A
A19: 12 | B19: =$B$3 -> 6 | C19: 12 | D19: =INDEX(Tc_pl,C19) -> 0.6 | E19: =INDEX(Tc_S,C19) -> 45.815476 | F19: =lam_total*D19*E19/3600 -> 0.76359127 | G19: =IF(F19<=0.000000000001,0,MAX(ROUNDUP(F19/rho_max-0.000000001,0),IF(redund="Yes",ROUNDUP(F19/rho_fail-0.000000001,0)+1,0))) -> 2 | H19: =MAX(1,ROUNDUP((P_req/(B19*C19)+G19*lpl)/2-0.000000001,0)) -> 36 | I19: =H19*u_w -> 36 | J19: =2*B19*u_d+aisle_w -> 16.9 | K19: =C19*u_h -> 25.8 | L19: =IF(G19=0,I19,I19/(2*G19)) -> 9 | M19: =((IF((lane_off+(L19))<=(v_sh^2/a_sh),(4/3)*(lane_off+(L19))^1.5/SQRT(a_sh),(4/3)*(v_sh^2/a_sh)^1.5/SQRT(a_sh)+((lane_off+(L19))^2-(v_sh^2/a_sh)^2)/(2*v_sh)+(v_sh/a_sh)*((lane_off+(L19))-(v_sh^2/a_sh))))-(IF((lane_off)<=(v_sh^2/a_sh),(4/3)*(lane_off)^1.5/SQRT(a_sh),(4/3)*(v_sh^2/a_sh)^1.5/SQRT(a_sh)+((lane_off)^2-(v_sh^2/a_sh)^2)/(2*v_sh)+(v_sh/a_sh)*((lane_off)-(v_sh^2/a_sh)))))/(L19) -> 6.9005596 | N19: =IF(((B19-1)*u_d/2*(1+f_hc)+lane_off)<=0,0,IF(((B19-1)*u_d/2*(1+f_hc)+lane_off)>=v_sh^2/a_sh,((B19-1)*u_d/2*(1+f_hc)+lane_off)/v_sh+v_sh/a_sh,2*SQRT(((B19-1)*u_d/2*(1+f_hc)+lane_off)/a_sh))) -> 6.5142857 | O19: =2*t_sh+2*t_turn+2*M19+2*N19 -> 84.829691 | P19: =SUMPRODUCT((Tc_idx<=C19)*(ROUNDUP(lam_total*INDEX(Tc_P,C19,0)*O19/(3600*rho_max)-0.000000001,0)+(ROUNDUP(lam_total*INDEX(Tc_P,C19,0)*O19/(3600*rho_max)-0.000000001,0)<min_sh)*(min_sh-ROUNDUP(lam_total*INDEX(Tc_P,C19,0)*O19/(3600*rho_max)-0.000000001,0)))) -> 14 | Q19: =ROUNDUP(P19-0.000000001,0)+spares -> 16 | R19: =B19*C19*(2*H19-G19*lpl) -> 4752 | S19: =R19*fill -> 4039.2 | T19: =I19*J19 -> 608.4 | U19: =T19*(K19+headroom) -> 16609.32 | V19: =G19*c_lift -> 300000 | W19: =Q19*c_shut -> 800000 | X19: =R19*c_pos -> 475200 | Y19: =T19*c_m2+U19*c_m3 -> 741639.6 | Z19: =SUM(V19:Y19) -> 2316839.6 | AA19: =B19*u_d/(H19*u_w) -> 0.21666667 | AB19: =IF(G19=0,0,F19/G19) -> 0.38179563 | AC19: =IF(G19>1,F19/(G19-1),"n/a") -> 0.76359127 | AD19: =moves_day*m_pallet*9.81*INDEX(Tc_mh,C19)/3600000 -> 14.061 | AE19: =IF(AND(K19<=H_max,H19<=300,G19<=6,NOT(AND(env_use="Yes",NOT(OR(AND(I19<=L_bldg,J19<=W_bldg),AND(I19<=W_bldg,J19<=L_bldg))))),OR(lane_policy="Free (optimize N_C)",AND(B19=sku_pal,A19<=20))),1,0) -> 0 | AF19: =IF(obj_mode="Total cost",Z19,IF(obj_mode="Shuttle cycle",O19,T19)) -> 2316839.6 | AG19: =IF(AE19=1,AF19*(1+A19*0.0000000001),1E+99) -> 1e+99 | AH19: =IF(AE19=1,"",TRIM(IF(K19>H_max,"height ","")&IF(AND(env_use="Yes",NOT(OR(AND(I19<=L_bldg,J19<=W_bldg),AND(I19<=W_bldg,J19<=L_bldg)))),"footprint ","")&IF(H19>300,"lanes>300 ","")&IF(G19>6,"lifts>6 ","")&IF(AND(lane_policy<>"Free (optimize N_C)",B19<>sku_pal),"lane policy ","")&IF(AND(lane_policy<>"Free (optimize N_C)",B19=sku_pal,A19>20),"duplicate",""))) -> height | AI19: =(MAX(0,K19/H_max-1)+IF(env_use="Yes",MIN(MAX(0,I19/L_bldg-1)+MAX(0,J19/W_bldg-1),MAX(0,I19/W_bldg-1)+MAX(0,J19/L_bldg-1)),0)+MAX(0,H19/300-1)+MAX(0,G19/6-1)+IF(AND(lane_policy<>"Free (optimize N_C)",B19<>sku_pal),1000,0))*1000000000000000+AF19*(1+A19*0.0000000001) -> 2.9e+14 | AJ19: 13 | AK19: =IF(AE20=1,AF20,NA()) -> #N/A | AL19: =IF(AE40=1,AF40,NA()) -> #N/A | AM19: =IF(AE60=1,AF60,NA()) -> #N/A | AN19: =IF(AE80=1,AF80,NA()) -> #N/A | AO19: =IF(AE100=1,AF100,NA()) -> #N/A | AP19: =IF(AE120=1,AF120,NA()) -> #N/A | AQ19: =IF(AE140=1,AF140,NA()) -> #N/A | AR19: =IF(AE160=1,AF160,NA()) -> #N/A | AS19: =IF(AE180=1,AF180,NA()) -> #N/A | AT19: =IF(AE200=1,AF200,NA()) -> #N/A | AU19: =IF(AE220=1,AF220,NA()) -> #N/A
... A26: 19 | B26: =$B$3 -> 6 | C26: 19 | D26: =INDEX(Tc_pl,C26) -> 0.6 | E26: =INDEX(Tc_S,C26) -> 47.069643 | F26: =lam_total*D26*E26/3600 -> 0.78449405 | G26: =IF(F26<=0.000000000001,0,MAX(ROUNDUP(F26/rho_max-0.000000001,0),IF(redund="Yes",ROUNDUP(F26/rho_fail-0.000000001,0)+1,0))) -> 2 | H26: =MAX(1,ROUNDUP((P_req/(B26*C26)+G26*lpl)/2-0.000000001,0)) -> 24 | I26: =H26*u_w -> 24 | J26: =2*B26*u_d+aisle_w -> 16.9 | K26: =C26*u_h -> 40.85 | L26: =IF(G26=0,I26,I26/(2*G26)) -> 6 | M26: =((IF((lane_off+(L26))<=(v_sh^2/a_sh),(4/3)*(lane_off+(L26))^1.5/SQRT(a_sh),(4/3)*(v_sh^2/a_sh)^1.5/SQRT(a_sh)+((lane_off+(L26))^2-(v_sh^2/a_sh)^2)/(2*v_sh)+(v_sh/a_sh)*((lane_off+(L26))-(v_sh^2/a_sh))))-(IF((lane_off)<=(v_sh^2/a_sh),(4/3)*(lane_off)^1.5/SQRT(a_sh),(4/3)*(v_sh^2/a_sh)^1.5/SQRT(a_sh)+((lane_off)^2-(v_sh^2/a_sh)^2)/(2*v_sh)+(v_sh/a_sh)*((lane_off)-(v_sh^2/a_sh)))))/(L26) -> 5.8079823 | N26: =IF(((B26-1)*u_d/2*(1+f_hc)+lane_off)<=0,0,IF(((B26-1)*u_d/2*(1+f_hc)+lane_off)>=v_sh^2/a_sh,((B26-1)*u_d/2*(1+f_hc)+lane_off)/v_sh+v_sh/a_sh,2*SQRT(((B26-1)*u_d/2*(1+f_hc)+lane_off)/a_sh))) -> 6.5142857 | O26: =2*t_sh+2*t_turn+2*M26+2*N26 -> 82.644536 | P26: =SUMPRODUCT((Tc_idx<=C26)*(ROUNDUP(lam_total*INDEX(Tc_P,C26,0)*O26/(3600*rho_max)-0.000000001,0)+(ROUNDUP(lam_total*INDEX(Tc_P,C26,0)*O26/(3600*rho_max)-0.000000001,0)<min_sh)*(min_sh-ROUNDUP(lam_total*INDEX(Tc_P,C26,0)*O26/(3600*rho_max)-0.000000001,0)))) -> 21 | Q26: =ROUNDUP(P26-0.000000001,0)+spares -> 23 | R26: =B26*C26*(2*H26-G26*lpl) -> 4788 | S26: =R26*fill -> 4069.8 | T26: =I26*J26 -> 405.6 | U26: =T26*(K26+headroom) -> 17177.16 | V26: =G26*c_lift -> 300000 | W26: =Q26*c_shut -> 1150000 | X26: =R26*c_pos -> 478800 | Y26: =T26*c_m2+U26*c_m3 -> 677554.8 | Z26: =SUM(V26:Y26) -> 2606354.8 | AA26: =B26*u_d/(H26*u_w) -> 0.325 | AB26: =IF(G26=0,0,F26/G26) -> 0.39224702 | AC26: =IF(G26>1,F26/(G26-1),"n/a") -> 0.78449405 | AD26: =moves_day*m_pallet*9.81*INDEX(Tc_mh,C26)/3600000 -> 16.02954 | AE26: =IF(AND(K26<=H_max,H26<=300,G26<=6,NOT(AND(env_use="Yes",NOT(OR(AND(I26<=L_bldg,J26<=W_bldg),AND(I26<=W_bldg,J26<=L_bldg))))),OR(lane_policy="Free (optimize N_C)",AND(B26=sku_pal,A26<=20))),1,0) -> 0 | AF26: =IF(obj_mode="Total cost",Z26,IF(obj_mode="Shuttle cycle",O26,T26)) -> 2606354.8 | AG26: =IF(AE26=1,AF26*(1+A26*0.0000000001),1E+99) -> 1e+99 | AH26: =IF(AE26=1,"",TRIM(IF(K26>H_max,"height ","")&IF(AND(env_use="Yes",NOT(OR(AND(I26<=L_bldg,J26<=W_bldg),AND(I26<=W_bldg,J26<=L_bldg)))),"footprint ","")&IF(H26>300,"lanes>300 ","")&IF(G26>6,"lifts>6 ","")&IF(AND(lane_policy<>"Free (optimize N_C)",B26<>sku_pal),"lane policy ","")&IF(AND(lane_policy<>"Free (optimize N_C)",B26=sku_pal,A26>20),"duplicate",""))) -> height | AI26: =(MAX(0,K26/H_max-1)+IF(env_use="Yes",MIN(MAX(0,I26/L_bldg-1)+MAX(0,J26/W_bldg-1),MAX(0,I26/W_bldg-1)+MAX(0,J26/L_bldg-1)),0)+MAX(0,H26/300-1)+MAX(0,G26/6-1)+IF(AND(lane_policy<>"Free (optimize N_C)",B26<>sku_pal),1000,0))*1000000000000000+AF26*(1+A26*0.0000000001) -> 1.0425e+15 | AJ26: 20 | AK26: =IF(AE27=1,AF27,NA()) -> #N/A | AL26: =IF(AE47=1,AF47,NA()) -> #N/A | AM26: =IF(AE67=1,AF67,NA()) -> #N/A | AN26: =IF(AE87=1,AF87,NA()) -> #N/A | AO26: =IF(AE107=1,AF107,NA()) -> #N/A | AP26: =IF(AE127=1,AF127,NA()) -> #N/A | AQ26: =IF(AE147=1,AF147,NA()) -> #N/A | AR26: =IF(AE167=1,AF167,NA()) -> #N/A | AS26: =IF(AE187=1,AF187,NA()) -> #N/A | AT26: =IF(AE207=1,AF207,NA()) -> #N/A | AU26: =IF(AE227=1,AF227,NA()) -> #N/A
A27: 20 | B27: =$B$3 -> 6 | C27: 20 | D27: =INDEX(Tc_pl,C27) -> 0.6 | E27: =INDEX(Tc_S,C27) -> 47.24881 | F27: =lam_total*D27*E27/3600 -> 0.78748016 | G27: =IF(F27<=0.000000000001,0,MAX(ROUNDUP(F27/rho_max-0.000000001,0),IF(redund="Yes",ROUNDUP(F27/rho_fail-0.000000001,0)+1,0))) -> 2 | H27: =MAX(1,ROUNDUP((P_req/(B27*C27)+G27*lpl)/2-0.000000001,0)) -> 23 | I27: =H27*u_w -> 23 | J27: =2*B27*u_d+aisle_w -> 16.9 | K27: =C27*u_h -> 43 | L27: =IF(G27=0,I27,I27/(2*G27)) -> 5.75 | M27: =((IF((lane_off+(L27))<=(v_sh^2/a_sh),(4/3)*(lane_off+(L27))^1.5/SQRT(a_sh),(4/3)*(v_sh^2/a_sh)^1.5/SQRT(a_sh)+((lane_off+(L27))^2-(v_sh^2/a_sh)^2)/(2*v_sh)+(v_sh/a_sh)*((lane_off+(L27))-(v_sh^2/a_sh))))-(IF((lane_off)<=(v_sh^2/a_sh),(4/3)*(lane_off)^1.5/SQRT(a_sh),(4/3)*(v_sh^2/a_sh)^1.5/SQRT(a_sh)+((lane_off)^2-(v_sh^2/a_sh)^2)/(2*v_sh)+(v_sh/a_sh)*((lane_off)-(v_sh^2/a_sh)))))/(L27) -> 5.715938 | N27: =IF(((B27-1)*u_d/2*(1+f_hc)+lane_off)<=0,0,IF(((B27-1)*u_d/2*(1+f_hc)+lane_off)>=v_sh^2/a_sh,((B27-1)*u_d/2*(1+f_hc)+lane_off)/v_sh+v_sh/a_sh,2*SQRT(((B27-1)*u_d/2*(1+f_hc)+lane_off)/a_sh))) -> 6.5142857 | O27: =2*t_sh+2*t_turn+2*M27+2*N27 -> 82.460447 | P27: =SUMPRODUCT((Tc_idx<=C27)*(ROUNDUP(lam_total*INDEX(Tc_P,C27,0)*O27/(3600*rho_max)-0.000000001,0)+(ROUNDUP(lam_total*INDEX(Tc_P,C27,0)*O27/(3600*rho_max)-0.000000001,0)<min_sh)*(min_sh-ROUNDUP(lam_total*INDEX(Tc_P,C27,0)*O27/(3600*rho_max)-0.000000001,0)))) -> 22 | Q27: =ROUNDUP(P27-0.000000001,0)+spares -> 24 | R27: =B27*C27*(2*H27-G27*lpl) -> 4800 | S27: =R27*fill -> 4080 | T27: =I27*J27 -> 388.7 | U27: =T27*(K27+headroom) -> 17297.15 | V27: =G27*c_lift -> 300000 | W27: =Q27*c_shut -> 1200000 | X27: =R27*c_pos -> 480000 | Y27: =T27*c_m2+U27*c_m3 -> 674394.5 | Z27: =SUM(V27:Y27) -> 2654394.5 | AA27: =B27*u_d/(H27*u_w) -> 0.33913043 | AB27: =IF(G27=0,0,F27/G27) -> 0.39374008 | AC27: =IF(G27>1,F27/(G27-1),"n/a") -> 0.78748016 | AD27: =moves_day*m_pallet*9.81*INDEX(Tc_mh,C27)/3600000 -> 16.31076 | AE27: =IF(AND(K27<=H_max,H27<=300,G27<=6,NOT(AND(env_use="Yes",NOT(OR(AND(I27<=L_bldg,J27<=W_bldg),AND(I27<=W_bldg,J27<=L_bldg))))),OR(lane_policy="Free (optimize N_C)",AND(B27=sku_pal,A27<=20))),1,0) -> 0 | AF27: =IF(obj_mode="Total cost",Z27,IF(obj_mode="Shuttle cycle",O27,T27)) -> 2654394.5 | AG27: =IF(AE27=1,AF27*(1+A27*0.0000000001),1E+99) -> 1e+99 | AH27: =IF(AE27=1,"",TRIM(IF(K27>H_max,"height ","")&IF(AND(env_use="Yes",NOT(OR(AND(I27<=L_bldg,J27<=W_bldg),AND(I27<=W_bldg,J27<=L_bldg)))),"footprint ","")&IF(H27>300,"lanes>300 ","")&IF(G27>6,"lifts>6 ","")&IF(AND(lane_policy<>"Free (optimize N_C)",B27<>sku_pal),"lane policy ","")&IF(AND(lane_policy<>"Free (optimize N_C)",B27=sku_pal,A27>20),"duplicate",""))) -> height | AI27: =(MAX(0,K27/H_max-1)+IF(env_use="Yes",MIN(MAX(0,I27/L_bldg-1)+MAX(0,J27/W_bldg-1),MAX(0,I27/W_bldg-1)+MAX(0,J27/L_bldg-1)),0)+MAX(0,H27/300-1)+MAX(0,G27/6-1)+IF(AND(lane_policy<>"Free (optimize N_C)",B27<>sku_pal),1000,0))*1000000000000000+AF27*(1+A27*0.0000000001) -> 1.15e+15
A28: 21 | B28: =$C$3 -> 6 | C28: 1 | D28: =INDEX(Tc_pl,C28) -> 0 | E28: =INDEX(Tc_S,C28) -> 0 | F28: =lam_total*D28*E28/3600 -> 0 | G28: =IF(F28<=0.000000000001,0,MAX(ROUNDUP(F28/rho_max-0.000000001,0),IF(redund="Yes",ROUNDUP(F28/rho_fail-0.000000001,0)+1,0))) -> 0 | H28: =MAX(1,ROUNDUP((P_req/(B28*C28)+G28*lpl)/2-0.000000001,0)) -> 393 | I28: =H28*u_w -> 393 | J28: =2*B28*u_d+aisle_w -> 16.9 | K28: =C28*u_h -> 2.15 | L28: =IF(G28=0,I28,I28/(2*G28)) -> 393 | M28: =((IF((lane_off+(L28))<=(v_sh^2/a_sh),(4/3)*(lane_off+(L28))^1.5/SQRT(a_sh),(4/3)*(v_sh^2/a_sh)^1.5/SQRT(a_sh)+((lane_off+(L28))^2-(v_sh^2/a_sh)^2)/(2*v_sh)+(v_sh/a_sh)*((lane_off+(L28))-(v_sh^2/a_sh))))-(IF((lane_off)<=(v_sh^2/a_sh),(4/3)*(lane_off)^1.5/SQRT(a_sh),(4/3)*(v_sh^2/a_sh)^1.5/SQRT(a_sh)+((lane_off)^2-(v_sh^2/a_sh)^2)/(2*v_sh)+(v_sh/a_sh)*((lane_off)-(v_sh^2/a_sh)))))/(L28) -> 144.08475 | N28: =IF(((B28-1)*u_d/2*(1+f_hc)+lane_off)<=0,0,IF(((B28-1)*u_d/2*(1+f_hc)+lane_off)>=v_sh^2/a_sh,((B28-1)*u_d/2*(1+f_hc)+lane_off)/v_sh+v_sh/a_sh,2*SQRT(((B28-1)*u_d/2*(1+f_hc)+lane_off)/a_sh))) -> 6.5142857 | O28: =2*t_sh+2*t_turn+2*M28+2*N28 -> 359.19806 | P28: =SUMPRODUCT((Tc_idx<=C28)*(ROUNDUP(lam_total*INDEX(Tc_P,C28,0)*O28/(3600*rho_max)-0.000000001,0)+(ROUNDUP(lam_total*INDEX(Tc_P,C28,0)*O28/(3600*rho_max)-0.000000001,0)<min_sh)*(min_sh-ROUNDUP(lam_total*INDEX(Tc_P,C28,0)*O28/(3600*rho_max)-0.000000001,0)))) -> 14 | Q28: =ROUNDUP(P28-0.000000001,0)+spares -> 16 | R28: =B28*C28*(2*H28-G28*lpl) -> 4716 | S28: =R28*fill -> 4008.6 | T28: =I28*J28 -> 6641.7 | U28: =T28*(K28+headroom) -> 24242.205 | V28: =G28*c_lift -> 0 | W28: =Q28*c_shut -> 800000 | X28: =R28*c_pos -> 471600 | Y28: =T28*c_m2+U28*c_m3 -> 3383946.2 | Z28: =SUM(V28:Y28) -> 4655546.2 | AA28: =B28*u_d/(H28*u_w) -> 0.019847328 | AB28: =IF(G28=0,0,F28/G28) -> 0 | AC28: =IF(G28>1,F28/(G28-1),"n/a") -> n/a | AD28: =moves_day*m_pallet*9.81*INDEX(Tc_mh,C28)/3600000 -> 0 | AE28: =IF(AND(K28<=H_max,H28<=300,G28<=6,NOT(AND(env_use="Yes",NOT(OR(AND(I28<=L_bldg,J28<=W_bldg),AND(I28<=W_bldg,J28<=L_bldg))))),OR(lane_policy="Free (optimize N_C)",AND(B28=sku_pal,A28<=20))),1,0) -> 0 | AF28: =IF(obj_mode="Total cost",Z28,IF(obj_mode="Shuttle cycle",O28,T28)) -> 4655546.2 | AG28: =IF(AE28=1,AF28*(1+A28*0.0000000001),1E+99) -> 1e+99 | AH28: =IF(AE28=1,"",TRIM(IF(K28>H_max,"height ","")&IF(AND(env_use="Yes",NOT(OR(AND(I28<=L_bldg,J28<=W_bldg),AND(I28<=W_bldg,J28<=L_bldg)))),"footprint ","")&IF(H28>300,"lanes>300 ","")&IF(G28>6,"lifts>6 ","")&IF(AND(lane_policy<>"Free (optimize N_C)",B28<>sku_pal),"lane policy ","")&IF(AND(lane_policy<>"Free (optimize N_C)",B28=sku_pal,A28>20),"duplicate",""))) -> footprint lanes>300 duplicate | AI28: =(MAX(0,K28/H_max-1)+IF(env_use="Yes",MIN(MAX(0,I28/L_bldg-1)+MAX(0,J28/W_bldg-1),MAX(0,I28/W_bldg-1)+MAX(0,J28/L_bldg-1)),0)+MAX(0,H28/300-1)+MAX(0,G28/6-1)+IF(AND(lane_policy<>"Free (optimize N_C)",B28<>sku_pal),1000,0))*1000000000000000+AF28*(1+A28*0.0000000001) -> 5.86e+15
A29: 22 | B29: =$C$3 -> 6 | C29: 2 | D29: =INDEX(Tc_pl,C29) -> 0.5 | E29: =INDEX(Tc_S,C29) -> 41.157143 | F29: =lam_total*D29*E29/3600 -> 0.57162698 | G29: =IF(F29<=0.000000000001,0,MAX(ROUNDUP(F29/rho_max-0.000000001,0),IF(redund="Yes",ROUNDUP(F29/rho_fail-0.000000001,0)+1,0))) -> 2 | H29: =MAX(1,ROUNDUP((P_req/(B29*C29)+G29*lpl)/2-0.000000001,0)) -> 200 | I29: =H29*u_w -> 200 | J29: =2*B29*u_d+aisle_w -> 16.9 | K29: =C29*u_h -> 4.3 | L29: =IF(G29=0,I29,I29/(2*G29)) -> 50 | M29: =((IF((lane_off+(L29))<=(v_sh^2/a_sh),(4/3)*(lane_off+(L29))^1.5/SQRT(a_sh),(4/3)*(v_sh^2/a_sh)^1.5/SQRT(a_sh)+((lane_off+(L29))^2-(v_sh^2/a_sh)^2)/(2*v_sh)+(v_sh/a_sh)*((lane_off+(L29))-(v_sh^2/a_sh))))-(IF((lane_off)<=(v_sh^2/a_sh),(4/3)*(lane_off)^1.5/SQRT(a_sh),(4/3)*(v_sh^2/a_sh)^1.5/SQRT(a_sh)+((lane_off)^2-(v_sh^2/a_sh)^2)/(2*v_sh)+(v_sh/a_sh)*((lane_off)-(v_sh^2/a_sh)))))/(L29) -> 21.578101 | N29: =IF(((B29-1)*u_d/2*(1+f_hc)+lane_off)<=0,0,IF(((B29-1)*u_d/2*(1+f_hc)+lane_off)>=v_sh^2/a_sh,((B29-1)*u_d/2*(1+f_hc)+lane_off)/v_sh+v_sh/a_sh,2*SQRT(((B29-1)*u_d/2*(1+f_hc)+lane_off)/a_sh))) -> 6.5142857 | O29: =2*t_sh+2*t_turn+2*M29+2*N29 -> 114.18477 | P29: =SUMPRODUCT((Tc_idx<=C29)*(ROUNDUP(lam_total*INDEX(Tc_P,C29,0)*O29/(3600*rho_max)-0.000000001,0)+(ROUNDUP(lam_total*INDEX(Tc_P,C29,0)*O29/(3600*rho_max)-0.000000001,0)<min_sh)*(min_sh-ROUNDUP(lam_total*INDEX(Tc_P,C29,0)*O29/(3600*rho_max)-0.000000001,0)))) -> 6 | Q29: =ROUNDUP(P29-0.000000001,0)+spares -> 8 | R29: =B29*C29*(2*H29-G29*lpl) -> 4728 | S29: =R29*fill -> 4018.8 | T29: =I29*J29 -> 3380 | U29: =T29*(K29+headroom) -> 19604 | V29: =G29*c_lift -> 300000 | W29: =Q29*c_shut -> 400000 | X29: =R29*c_pos -> 472800 | Y29: =T29*c_m2+U29*c_m3 -> 1940120 | Z29: =SUM(V29:Y29) -> 3112920 | AA29: =B29*u_d/(H29*u_w) -> 0.039 | AB29: =IF(G29=0,0,F29/G29) -> 0.28581349 | AC29: =IF(G29>1,F29/(G29-1),"n/a") -> 0.57162698 | AD29: =moves_day*m_pallet*9.81*INDEX(Tc_mh,C29)/3600000 -> 5.6244 | AE29: =IF(AND(K29<=H_max,H29<=300,G29<=6,NOT(AND(env_use="Yes",NOT(OR(AND(I29<=L_bldg,J29<=W_bldg),AND(I29<=W_bldg,J29<=L_bldg))))),OR(lane_policy="Free (optimize N_C)",AND(B29=sku_pal,A29<=20))),1,0) -> 0 | AF29: =IF(obj_mode="Total cost",Z29,IF(obj_mode="Shuttle cycle",O29,T29)) -> 3112920 | AG29: =IF(AE29=1,AF29*(1+A29*0.0000000001),1E+99) -> 1e+99 | AH29: =IF(AE29=1,"",TRIM(IF(K29>H_max,"height ","")&IF(AND(env_use="Yes",NOT(OR(AND(I29<=L_bldg,J29<=W_bldg),AND(I29<=W_bldg,J29<=L_bldg)))),"footprint ","")&IF(H29>300,"lanes>300 ","")&IF(G29>6,"lifts>6 ","")&IF(AND(lane_policy<>"Free (optimize N_C)",B29<>sku_pal),"lane policy ","")&IF(AND(lane_policy<>"Free (optimize N_C)",B29=sku_pal,A29>20),"duplicate",""))) -> footprint duplicate | AI29: =(MAX(0,K29/H_max-1)+IF(env_use="Yes",MIN(MAX(0,I29/L_bldg-1)+MAX(0,J29/W_bldg-1),MAX(0,I29/W_bldg-1)+MAX(0,J29/L_bldg-1)),0)+MAX(0,H29/300-1)+MAX(0,G29/6-1)+IF(AND(lane_policy<>"Free (optimize N_C)",B29<>sku_pal),1000,0))*1000000000000000+AF29*(1+A29*0.0000000001) -> 2.3333333e+15
A30: 23 | B30: =$C$3 -> 6 | C30: 3 | D30: =INDEX(Tc_pl,C30) -> 0.52941176 | E30: =INDEX(Tc_S,C30) -> 41.634921 | F30: =lam_total*D30*E30/3600 -> 0.61227824 | G30: =IF(F30<=0.000000000001,0,MAX(ROUNDUP(F30/rho_max-0.000000001,0),IF(redund="Yes",ROUNDUP(F30/rho_fail-0.000000001,0)+1,0))) -> 2 | H30: =MAX(1,ROUNDUP((P_req/(B30*C30)+G30*lpl)/2-0.000000001,0)) -> 134 | I30: =H30*u_w -> 134 | J30: =2*B30*u_d+aisle_w -> 16.9 | K30: =C30*u_h -> 6.45 | L30: =IF(G30=0,I30,I30/(2*G30)) -> 33.5 | M30: =((IF((lane_off+(L30))<=(v_sh^2/a_sh),(4/3)*(lane_off+(L30))^1.5/SQRT(a_sh),(4/3)*(v_sh^2/a_sh)^1.5/SQRT(a_sh)+((lane_off+(L30))^2-(v_sh^2/a_sh)^2)/(2*v_sh)+(v_sh/a_sh)*((lane_off+(L30))-(v_sh^2/a_sh))))-(IF((lane_off)<=(v_sh^2/a_sh),(4/3)*(lane_off)^1.5/SQRT(a_sh),(4/3)*(v_sh^2/a_sh)^1.5/SQRT(a_sh)+((lane_off)^2-(v_sh^2/a_sh)^2)/(2*v_sh)+(v_sh/a_sh)*((lane_off)-(v_sh^2/a_sh)))))/(L30) -> 15.681494 | N30: =IF(((B30-1)*u_d/2*(1+f_hc)+lane_off)<=0,0,IF(((B30-1)*u_d/2*(1+f_hc)+lane_off)>=v_sh^2/a_sh,((B30-1)*u_d/2*(1+f_hc)+lane_off)/v_sh+v_sh/a_sh,2*SQRT(((B30-1)*u_d/2*(1+f_hc)+lane_off)/a_sh))) -> 6.5142857 | O30: =2*t_sh+2*t_turn+2*M30+2*N30 -> 102.39156 | P30: =SUMPRODUCT((Tc_idx<=C30)*(ROUNDUP(lam_total*INDEX(Tc_P,C30,0)*O30/(3600*rho_max)-0.000000001,0)+(ROUNDUP(lam_total*INDEX(Tc_P,C30,0)*O30/(3600*rho_max)-0.000000001,0)<min_sh)*(min_sh-ROUNDUP(lam_total*INDEX(Tc_P,C30,0)*O30/(3600*rho_max)-0.000000001,0)))) -> 5 | Q30: =ROUNDUP(P30-0.000000001,0)+spares -> 7 | R30: =B30*C30*(2*H30-G30*lpl) -> 4716 | S30: =R30*fill -> 4008.6 | T30: =I30*J30 -> 2264.6 | U30: =T30*(K30+headroom) -> 18003.57 | V30: =G30*c_lift -> 300000 | W30: =Q30*c_shut -> 350000 | X30: =R30*c_pos -> 471600 | Y30: =T30*c_m2+U30*c_m3 -> 1445947.1 | Z30: =SUM(V30:Y30) -> 2567547.1 | AA30: =B30*u_d/(H30*u_w) -> 0.058208955 | AB30: =IF(G30=0,0,F30/G30) -> 0.30613912 | AC30: =IF(G30>1,F30/(G30-1),"n/a") -> 0.61227824 | AD30: =moves_day*m_pallet*9.81*INDEX(Tc_mh,C30)/3600000 -> 6.6169412 | AE30: =IF(AND(K30<=H_max,H30<=300,G30<=6,NOT(AND(env_use="Yes",NOT(OR(AND(I30<=L_bldg,J30<=W_bldg),AND(I30<=W_bldg,J30<=L_bldg))))),OR(lane_policy="Free (optimize N_C)",AND(B30=sku_pal,A30<=20))),1,0) -> 0 | AF30: =IF(obj_mode="Total cost",Z30,IF(obj_mode="Shuttle cycle",O30,T30)) -> 2567547.1 | AG30: =IF(AE30=1,AF30*(1+A30*0.0000000001),1E+99) -> 1e+99 | AH30: =IF(AE30=1,"",TRIM(IF(K30>H_max,"height ","")&IF(AND(env_use="Yes",NOT(OR(AND(I30<=L_bldg,J30<=W_bldg),AND(I30<=W_bldg,J30<=L_bldg)))),"footprint ","")&IF(H30>300,"lanes>300 ","")&IF(G30>6,"lifts>6 ","")&IF(AND(lane_policy<>"Free (optimize N_C)",B30<>sku_pal),"lane policy ","")&IF(AND(lane_policy<>"Free (optimize N_C)",B30=sku_pal,A30>20),"duplicate",""))) -> footprint duplicate | AI30: =(MAX(0,K30/H_max-1)+IF(env_use="Yes",MIN(MAX(0,I30/L_bldg-1)+MAX(0,J30/W_bldg-1),MAX(0,I30/W_bldg-1)+MAX(0,J30/L_bldg-1)),0)+MAX(0,H30/300-1)+MAX(0,G30/6-1)+IF(AND(lane_policy<>"Free (optimize N_C)",B30<>sku_pal),1000,0))*1000000000000000+AF30*(1+A30*0.0000000001) -> 1.2333333e+15
A31: 24 | B31: =$C$3 -> 6 | C31: 4 | D31: =INDEX(Tc_pl,C31) -> 0.55555556 | E31: =INDEX(Tc_S,C31) -> 42.447143 | F31: =lam_total*D31*E31/3600 -> 0.6550485 | G31: =IF(F31<=0.000000000001,0,MAX(ROUNDUP(F31/rho_max-0.000000001,0),IF(redund="Yes",ROUNDUP(F31/rho_fail-0.000000001,0)+1,0))) -> 2 | H31: =MAX(1,ROUNDUP((P_req/(B31*C31)+G31*lpl)/2-0.000000001,0)) -> 102 | I31: =H31*u_w -> 102 | J31: =2*B31*u_d+aisle_w -> 16.9 | K31: =C31*u_h -> 8.6 | L31: =IF(G31=0,I31,I31/(2*G31)) -> 25.5 | M31: =((IF((lane_off+(L31))<=(v_sh^2/a_sh),(4/3)*(lane_off+(L31))^1.5/SQRT(a_sh),(4/3)*(v_sh^2/a_sh)^1.5/SQRT(a_sh)+((lane_off+(L31))^2-(v_sh^2/a_sh)^2)/(2*v_sh)+(v_sh/a_sh)*((lane_off+(L31))-(v_sh^2/a_sh))))-(IF((lane_off)<=(v_sh^2/a_sh),(4/3)*(lane_off)^1.5/SQRT(a_sh),(4/3)*(v_sh^2/a_sh)^1.5/SQRT(a_sh)+((lane_off)^2-(v_sh^2/a_sh)^2)/(2*v_sh)+(v_sh/a_sh)*((lane_off)-(v_sh^2/a_sh)))))/(L31) -> 12.820786 | N31: =IF(((B31-1)*u_d/2*(1+f_hc)+lane_off)<=0,0,IF(((B31-1)*u_d/2*(1+f_hc)+lane_off)>=v_sh^2/a_sh,((B31-1)*u_d/2*(1+f_hc)+lane_off)/v_sh+v_sh/a_sh,2*SQRT(((B31-1)*u_d/2*(1+f_hc)+lane_off)/a_sh))) -> 6.5142857 | O31: =2*t_sh+2*t_turn+2*M31+2*N31 -> 96.670143 | P31: =SUMPRODUCT((Tc_idx<=C31)*(ROUNDUP(lam_total*INDEX(Tc_P,C31,0)*O31/(3600*rho_max)-0.000000001,0)+(ROUNDUP(lam_total*INDEX(Tc_P,C31,0)*O31/(3600*rho_max)-0.000000001,0)<min_sh)*(min_sh-ROUNDUP(lam_total*INDEX(Tc_P,C31,0)*O31/(3600*rho_max)-0.000000001,0)))) -> 6 | Q31: =ROUNDUP(P31-0.000000001,0)+spares -> 8 | R31: =B31*C31*(2*H31-G31*lpl) -> 4752 | S31: =R31*fill -> 4039.2 | T31: =I31*J31 -> 1723.8 | U31: =T31*(K31+headroom) -> 17410.38 | V31: =G31*c_lift -> 300000 | W31: =Q31*c_shut -> 400000 | X31: =R31*c_pos -> 475200 | Y31: =T31*c_m2+U31*c_m3 -> 1211831.4 | Z31: =SUM(V31:Y31) -> 2387031.4 | AA31: =B31*u_d/(H31*u_w) -> 0.076470588 | AB31: =IF(G31=0,0,F31/G31) -> 0.32752425 | AC31: =IF(G31>1,F31/(G31-1),"n/a") -> 0.6550485 | AD31: =moves_day*m_pallet*9.81*INDEX(Tc_mh,C31)/3600000 -> 8.1241333 | AE31: =IF(AND(K31<=H_max,H31<=300,G31<=6,NOT(AND(env_use="Yes",NOT(OR(AND(I31<=L_bldg,J31<=W_bldg),AND(I31<=W_bldg,J31<=L_bldg))))),OR(lane_policy="Free (optimize N_C)",AND(B31=sku_pal,A31<=20))),1,0) -> 0 | AF31: =IF(obj_mode="Total cost",Z31,IF(obj_mode="Shuttle cycle",O31,T31)) -> 2387031.4 | AG31: =IF(AE31=1,AF31*(1+A31*0.0000000001),1E+99) -> 1e+99 | AH31: =IF(AE31=1,"",TRIM(IF(K31>H_max,"height ","")&IF(AND(env_use="Yes",NOT(OR(AND(I31<=L_bldg,J31<=W_bldg),AND(I31<=W_bldg,J31<=L_bldg)))),"footprint ","")&IF(H31>300,"lanes>300 ","")&IF(G31>6,"lifts>6 ","")&IF(AND(lane_policy<>"Free (optimize N_C)",B31<>sku_pal),"lane policy ","")&IF(AND(lane_policy<>"Free (optimize N_C)",B31=sku_pal,A31>20),"duplicate",""))) -> footprint duplicate | AI31: =(MAX(0,K31/H_max-1)+IF(env_use="Yes",MIN(MAX(0,I31/L_bldg-1)+MAX(0,J31/W_bldg-1),MAX(0,I31/W_bldg-1)+MAX(0,J31/L_bldg-1)),0)+MAX(0,H31/300-1)+MAX(0,G31/6-1)+IF(AND(lane_policy<>"Free (optimize N_C)",B31<>sku_pal),1000,0))*1000000000000000+AF31*(1+A31*0.0000000001) -> 7e+14
A32: 25 | B32: =$C$3 -> 6 | C32: 5 | D32: =INDEX(Tc_pl,C32) -> 0.57894737 | E32: =INDEX(Tc_S,C32) -> 43.502597 | F32: =lam_total*D32*E32/3600 -> 0.69960317 | G32: =IF(F32<=0.000000000001,0,MAX(ROUNDUP(F32/rho_max-0.000000001,0),IF(redund="Yes",ROUNDUP(F32/rho_fail-0.000000001,0)+1,0))) -> 2 | H32: =MAX(1,ROUNDUP((P_req/(B32*C32)+G32*lpl)/2-0.000000001,0)) -> 82 | I32: =H32*u_w -> 82 | J32: =2*B32*u_d+aisle_w -> 16.9 | K32: =C32*u_h -> 10.75 | L32: =IF(G32=0,I32,I32/(2*G32)) -> 20.5 | M32: =((IF((lane_off+(L32))<=(v_sh^2/a_sh),(4/3)*(lane_off+(L32))^1.5/SQRT(a_sh),(4/3)*(v_sh^2/a_sh)^1.5/SQRT(a_sh)+((lane_off+(L32))^2-(v_sh^2/a_sh)^2)/(2*v_sh)+(v_sh/a_sh)*((lane_off+(L32))-(v_sh^2/a_sh))))-(IF((lane_off)<=(v_sh^2/a_sh),(4/3)*(lane_off)^1.5/SQRT(a_sh),(4/3)*(v_sh^2/a_sh)^1.5/SQRT(a_sh)+((lane_off)^2-(v_sh^2/a_sh)^2)/(2*v_sh)+(v_sh/a_sh)*((lane_off)-(v_sh^2/a_sh)))))/(L32) -> 11.03143 | N32: =IF(((B32-1)*u_d/2*(1+f_hc)+lane_off)<=0,0,IF(((B32-1)*u_d/2*(1+f_hc)+lane_off)>=v_sh^2/a_sh,((B32-1)*u_d/2*(1+f_hc)+lane_off)/v_sh+v_sh/a_sh,2*SQRT(((B32-1)*u_d/2*(1+f_hc)+lane_off)/a_sh))) -> 6.5142857 | O32: =2*t_sh+2*t_turn+2*M32+2*N32 -> 93.091432 | P32: =SUMPRODUCT((Tc_idx<=C32)*(ROUNDUP(lam_total*INDEX(Tc_P,C32,0)*O32/(3600*rho_max)-0.000000001,0)+(ROUNDUP(lam_total*INDEX(Tc_P,C32,0)*O32/(3600*rho_max)-0.000000001,0)<min_sh)*(min_sh-ROUNDUP(lam_total*INDEX(Tc_P,C32,0)*O32/(3600*rho_max)-0.000000001,0)))) -> 7 | Q32: =ROUNDUP(P32-0.000000001,0)+spares -> 9 | R32: =B32*C32*(2*H32-G32*lpl) -> 4740 | S32: =R32*fill -> 4029 | T32: =I32*J32 -> 1385.8 | U32: =T32*(K32+headroom) -> 16976.05 | V32: =G32*c_lift -> 300000 | W32: =Q32*c_shut -> 450000 | X32: =R32*c_pos -> 474000 | Y32: =T32*c_m2+U32*c_m3 -> 1063601.5 | Z32: =SUM(V32:Y32) -> 2287601.5 | AA32: =B32*u_d/(H32*u_w) -> 0.095121951 | AB32: =IF(G32=0,0,F32/G32) -> 0.34980159 | AC32: =IF(G32>1,F32/(G32-1),"n/a") -> 0.69960317 | AD32: =moves_day*m_pallet*9.81*INDEX(Tc_mh,C32)/3600000 -> 10.064716 | AE32: =IF(AND(K32<=H_max,H32<=300,G32<=6,NOT(AND(env_use="Yes",NOT(OR(AND(I32<=L_bldg,J32<=W_bldg),AND(I32<=W_bldg,J32<=L_bldg))))),OR(lane_policy="Free (optimize N_C)",AND(B32=sku_pal,A32<=20))),1,0) -> 0 | AF32: =IF(obj_mode="Total cost",Z32,IF(obj_mode="Shuttle cycle",O32,T32)) -> 2287601.5 | AG32: =IF(AE32=1,AF32*(1+A32*0.0000000001),1E+99) -> 1e+99 | AH32: =IF(AE32=1,"",TRIM(IF(K32>H_max,"height ","")&IF(AND(env_use="Yes",NOT(OR(AND(I32<=L_bldg,J32<=W_bldg),AND(I32<=W_bldg,J32<=L_bldg)))),"footprint ","")&IF(H32>300,"lanes>300 ","")&IF(G32>6,"lifts>6 ","")&IF(AND(lane_policy<>"Free (optimize N_C)",B32<>sku_pal),"lane policy ","")&IF(AND(lane_policy<>"Free (optimize N_C)",B32=sku_pal,A32>20),"duplicate",""))) -> footprint duplicate | AI32: =(MAX(0,K32/H_max-1)+IF(env_use="Yes",MIN(MAX(0,I32/L_bldg-1)+MAX(0,J32/W_bldg-1),MAX(0,I32/W_bldg-1)+MAX(0,J32/L_bldg-1)),0)+MAX(0,H32/300-1)+MAX(0,G32/6-1)+IF(AND(lane_policy<>"Free (optimize N_C)",B32<>sku_pal),1000,0))*1000000000000000+AF32*(1+A32*0.0000000001) -> 3.6666667e+14
A33: 26 | B33: =$C$3 -> 6 | C33: 6 | D33: =INDEX(Tc_pl,C33) -> 0.6 | E33: =INDEX(Tc_S,C33) -> 44.740476 | F33: =lam_total*D33*E33/3600 -> 0.7456746 | G33: =IF(F33<=0.000000000001,0,MAX(ROUNDUP(F33/rho_max-0.000000001,0),IF(redund="Yes",ROUNDUP(F33/rho_fail-0.000000001,0)+1,0))) -> 2 | H33: =MAX(1,ROUNDUP((P_req/(B33*C33)+G33*lpl)/2-0.000000001,0)) -> 69 | I33: =H33*u_w -> 69 | J33: =2*B33*u_d+aisle_w -> 16.9 | K33: =C33*u_h -> 12.9 | L33: =IF(G33=0,I33,I33/(2*G33)) -> 17.25 | M33: =((IF((lane_off+(L33))<=(v_sh^2/a_sh),(4/3)*(lane_off+(L33))^1.5/SQRT(a_sh),(4/3)*(v_sh^2/a_sh)^1.5/SQRT(a_sh)+((lane_off+(L33))^2-(v_sh^2/a_sh)^2)/(2*v_sh)+(v_sh/a_sh)*((lane_off+(L33))-(v_sh^2/a_sh))))-(IF((lane_off)<=(v_sh^2/a_sh),(4/3)*(lane_off)^1.5/SQRT(a_sh),(4/3)*(v_sh^2/a_sh)^1.5/SQRT(a_sh)+((lane_off)^2-(v_sh^2/a_sh)^2)/(2*v_sh)+(v_sh/a_sh)*((lane_off)-(v_sh^2/a_sh)))))/(L33) -> 9.8672174 | N33: =IF(((B33-1)*u_d/2*(1+f_hc)+lane_off)<=0,0,IF(((B33-1)*u_d/2*(1+f_hc)+lane_off)>=v_sh^2/a_sh,((B33-1)*u_d/2*(1+f_hc)+lane_off)/v_sh+v_sh/a_sh,2*SQRT(((B33-1)*u_d/2*(1+f_hc)+lane_off)/a_sh))) -> 6.5142857 | O33: =2*t_sh+2*t_turn+2*M33+2*N33 -> 90.763006 | P33: =SUMPRODUCT((Tc_idx<=C33)*(ROUNDUP(lam_total*INDEX(Tc_P,C33,0)*O33/(3600*rho_max)-0.000000001,0)+(ROUNDUP(lam_total*INDEX(Tc_P,C33,0)*O33/(3600*rho_max)-0.000000001,0)<min_sh)*(min_sh-ROUNDUP(lam_total*INDEX(Tc_P,C33,0)*O33/(3600*rho_max)-0.000000001,0)))) -> 8 | Q33: =ROUNDUP(P33-0.000000001,0)+spares -> 10 | R33: =B33*C33*(2*H33-G33*lpl) -> 4752 | S33: =R33*fill -> 4039.2 | T33: =I33*J33 -> 1166.1 | U33: =T33*(K33+headroom) -> 16791.84 | V33: =G33*c_lift -> 300000 | W33: =Q33*c_shut -> 500000 | X33: =R33*c_pos -> 475200 | Y33: =T33*c_m2+U33*c_m3 -> 970195.2 | Z33: =SUM(V33:Y33) -> 2245395.2 | AA33: =B33*u_d/(H33*u_w) -> 0.11304348 | AB33: =IF(G33=0,0,F33/G33) -> 0.3728373 | AC33: =IF(G33>1,F33/(G33-1),"n/a") -> 0.7456746 | AD33: =moves_day*m_pallet*9.81*INDEX(Tc_mh,C33)/3600000 -> 12.37368 | AE33: =IF(AND(K33<=H_max,H33<=300,G33<=6,NOT(AND(env_use="Yes",NOT(OR(AND(I33<=L_bldg,J33<=W_bldg),AND(I33<=W_bldg,J33<=L_bldg))))),OR(lane_policy="Free (optimize N_C)",AND(B33=sku_pal,A33<=20))),1,0) -> 0 | AF33: =IF(obj_mode="Total cost",Z33,IF(obj_mode="Shuttle cycle",O33,T33)) -> 2245395.2 | AG33: =IF(AE33=1,AF33*(1+A33*0.0000000001),1E+99) -> 1e+99 | AH33: =IF(AE33=1,"",TRIM(IF(K33>H_max,"height ","")&IF(AND(env_use="Yes",NOT(OR(AND(I33<=L_bldg,J33<=W_bldg),AND(I33<=W_bldg,J33<=L_bldg)))),"footprint ","")&IF(H33>300,"lanes>300 ","")&IF(G33>6,"lifts>6 ","")&IF(AND(lane_policy<>"Free (optimize N_C)",B33<>sku_pal),"lane policy ","")&IF(AND(lane_policy<>"Free (optimize N_C)",B33=sku_pal,A33>20),"duplicate",""))) -> footprint duplicate | AI33: =(MAX(0,K33/H_max-1)+IF(env_use="Yes",MIN(MAX(0,I33/L_bldg-1)+MAX(0,J33/W_bldg-1),MAX(0,I33/W_bldg-1)+MAX(0,J33/L_bldg-1)),0)+MAX(0,H33/300-1)+MAX(0,G33/6-1)+IF(AND(lane_policy<>"Free (optimize N_C)",B33<>sku_pal),1000,0))*1000000000000000+AF33*(1+A33*0.0000000001) -> 1.5e+14
A34: 27 | B34: =$C$3 -> 6 | C34: 7 | D34: =INDEX(Tc_pl,C34) -> 0.6 | E34: =INDEX(Tc_S,C34) -> 44.919643 | F34: =lam_total*D34*E34/3600 -> 0.74866071 | G34: =IF(F34<=0.000000000001,0,MAX(ROUNDUP(F34/rho_max-0.000000001,0),IF(redund="Yes",ROUNDUP(F34/rho_fail-0.000000001,0)+1,0))) -> 2 | H34: =MAX(1,ROUNDUP((P_req/(B34*C34)+G34*lpl)/2-0.000000001,0)) -> 60 | I34: =H34*u_w -> 60 | J34: =2*B34*u_d+aisle_w -> 16.9 | K34: =C34*u_h -> 15.05 | L34: =IF(G34=0,I34,I34/(2*G34)) -> 15 | M34: =((IF((lane_off+(L34))<=(v_sh^2/a_sh),(4/3)*(lane_off+(L34))^1.5/SQRT(a_sh),(4/3)*(v_sh^2/a_sh)^1.5/SQRT(a_sh)+((lane_off+(L34))^2-(v_sh^2/a_sh)^2)/(2*v_sh)+(v_sh/a_sh)*((lane_off+(L34))-(v_sh^2/a_sh))))-(IF((lane_off)<=(v_sh^2/a_sh),(4/3)*(lane_off)^1.5/SQRT(a_sh),(4/3)*(v_sh^2/a_sh)^1.5/SQRT(a_sh)+((lane_off)^2-(v_sh^2/a_sh)^2)/(2*v_sh)+(v_sh/a_sh)*((lane_off)-(v_sh^2/a_sh)))))/(L34) -> 9.0603358 | N34: =IF(((B34-1)*u_d/2*(1+f_hc)+lane_off)<=0,0,IF(((B34-1)*u_d/2*(1+f_hc)+lane_off)>=v_sh^2/a_sh,((B34-1)*u_d/2*(1+f_hc)+lane_off)/v_sh+v_sh/a_sh,2*SQRT(((B34-1)*u_d/2*(1+f_hc)+lane_off)/a_sh))) -> 6.5142857 | O34: =2*t_sh+2*t_turn+2*M34+2*N34 -> 89.149243 | P34: =SUMPRODUCT((Tc_idx<=C34)*(ROUNDUP(lam_total*INDEX(Tc_P,C34,0)*O34/(3600*rho_max)-0.000000001,0)+(ROUNDUP(lam_total*INDEX(Tc_P,C34,0)*O34/(3600*rho_max)-0.000000001,0)<min_sh)*(min_sh-ROUNDUP(lam_total*INDEX(Tc_P,C34,0)*O34/(3600*rho_max)-0.000000001,0)))) -> 9 | Q34: =ROUNDUP(P34-0.000000001,0)+spares -> 11 | R34: =B34*C34*(2*H34-G34*lpl) -> 4788 | S34: =R34*fill -> 4069.8 | T34: =I34*J34 -> 1014 | U34: =T34*(K34+headroom) -> 16781.7 | V34: =G34*c_lift -> 300000 | W34: =Q34*c_shut -> 550000 | X34: =R34*c_pos -> 478800 | Y34: =T34*c_m2+U34*c_m3 -> 909051 | Z34: =SUM(V34:Y34) -> 2237851 | AA34: =B34*u_d/(H34*u_w) -> 0.13 | AB34: =IF(G34=0,0,F34/G34) -> 0.37433036 | AC34: =IF(G34>1,F34/(G34-1),"n/a") -> 0.74866071 | AD34: =moves_day*m_pallet*9.81*INDEX(Tc_mh,C34)/3600000 -> 12.6549 | AE34: =IF(AND(K34<=H_max,H34<=300,G34<=6,NOT(AND(env_use="Yes",NOT(OR(AND(I34<=L_bldg,J34<=W_bldg),AND(I34<=W_bldg,J34<=L_bldg))))),OR(lane_policy="Free (optimize N_C)",AND(B34=sku_pal,A34<=20))),1,0) -> 0 | AF34: =IF(obj_mode="Total cost",Z34,IF(obj_mode="Shuttle cycle",O34,T34)) -> 2237851 | AG34: =IF(AE34=1,AF34*(1+A34*0.0000000001),1E+99) -> 1e+99 | AH34: =IF(AE34=1,"",TRIM(IF(K34>H_max,"height ","")&IF(AND(env_use="Yes",NOT(OR(AND(I34<=L_bldg,J34<=W_bldg),AND(I34<=W_bldg,J34<=L_bldg)))),"footprint ","")&IF(H34>300,"lanes>300 ","")&IF(G34>6,"lifts>6 ","")&IF(AND(lane_policy<>"Free (optimize N_C)",B34<>sku_pal),"lane policy ","")&IF(AND(lane_policy<>"Free (optimize N_C)",B34=sku_pal,A34>20),"duplicate",""))) -> duplicate | AI34: =(MAX(0,K34/H_max-1)+IF(env_use="Yes",MIN(MAX(0,I34/L_bldg-1)+MAX(0,J34/W_bldg-1),MAX(0,I34/W_bldg-1)+MAX(0,J34/L_bldg-1)),0)+MAX(0,H34/300-1)+MAX(0,G34/6-1)+IF(AND(lane_policy<>"Free (optimize N_C)",B34<>sku_pal),1000,0))*1000000000000000+AF34*(1+A34*0.0000000001) -> 2237851
A35: 28 | B35: =$C$3 -> 6 | C35: 8 | D35: =INDEX(Tc_pl,C35) -> 0.6 | E35: =INDEX(Tc_S,C35) -> 45.09881 | F35: =lam_total*D35*E35/3600 -> 0.75164683 | G35: =IF(F35<=0.000000000001,0,MAX(ROUNDUP(F35/rho_max-0.000000001,0),IF(redund="Yes",ROUNDUP(F35/rho_fail-0.000000001,0)+1,0))) -> 2 | H35: =MAX(1,ROUNDUP((P_req/(B35*C35)+G35*lpl)/2-0.000000001,0)) -> 53 | I35: =H35*u_w -> 53 | J35: =2*B35*u_d+aisle_w -> 16.9 | K35: =C35*u_h -> 17.2 | L35: =IF(G35=0,I35,I35/(2*G35)) -> 13.25 | M35: =((IF((lane_off+(L35))<=(v_sh^2/a_sh),(4/3)*(lane_off+(L35))^1.5/SQRT(a_sh),(4/3)*(v_sh^2/a_sh)^1.5/SQRT(a_sh)+((lane_off+(L35))^2-(v_sh^2/a_sh)^2)/(2*v_sh)+(v_sh/a_sh)*((lane_off+(L35))-(v_sh^2/a_sh))))-(IF((lane_off)<=(v_sh^2/a_sh),(4/3)*(lane_off)^1.5/SQRT(a_sh),(4/3)*(v_sh^2/a_sh)^1.5/SQRT(a_sh)+((lane_off)^2-(v_sh^2/a_sh)^2)/(2*v_sh)+(v_sh/a_sh)*((lane_off)-(v_sh^2/a_sh)))))/(L35) -> 8.4319839 | N35: =IF(((B35-1)*u_d/2*(1+f_hc)+lane_off)<=0,0,IF(((B35-1)*u_d/2*(1+f_hc)+lane_off)>=v_sh^2/a_sh,((B35-1)*u_d/2*(1+f_hc)+lane_off)/v_sh+v_sh/a_sh,2*SQRT(((B35-1)*u_d/2*(1+f_hc)+lane_off)/a_sh))) -> 6.5142857 | O35: =2*t_sh+2*t_turn+2*M35+2*N35 -> 87.892539 | P35: =SUMPRODUCT((Tc_idx<=C35)*(ROUNDUP(lam_total*INDEX(Tc_P,C35,0)*O35/(3600*rho_max)-0.000000001,0)+(ROUNDUP(lam_total*INDEX(Tc_P,C35,0)*O35/(3600*rho_max)-0.000000001,0)<min_sh)*(min_sh-ROUNDUP(lam_total*INDEX(Tc_P,C35,0)*O35/(3600*rho_max)-0.000000001,0)))) -> 10 | Q35: =ROUNDUP(P35-0.000000001,0)+spares -> 12 | R35: =B35*C35*(2*H35-G35*lpl) -> 4800 | S35: =R35*fill -> 4080 | T35: =I35*J35 -> 895.7 | U35: =T35*(K35+headroom) -> 16749.59 | V35: =G35*c_lift -> 300000 | W35: =Q35*c_shut -> 600000 | X35: =R35*c_pos -> 480000 | Y35: =T35*c_m2+U35*c_m3 -> 860767.7 | Z35: =SUM(V35:Y35) -> 2240767.7 | AA35: =B35*u_d/(H35*u_w) -> 0.14716981 | AB35: =IF(G35=0,0,F35/G35) -> 0.37582341 | AC35: =IF(G35>1,F35/(G35-1),"n/a") -> 0.75164683 | AD35: =moves_day*m_pallet*9.81*INDEX(Tc_mh,C35)/3600000 -> 12.93612 | AE35: =IF(AND(K35<=H_max,H35<=300,G35<=6,NOT(AND(env_use="Yes",NOT(OR(AND(I35<=L_bldg,J35<=W_bldg),AND(I35<=W_bldg,J35<=L_bldg))))),OR(lane_policy="Free (optimize N_C)",AND(B35=sku_pal,A35<=20))),1,0) -> 0 | AF35: =IF(obj_mode="Total cost",Z35,IF(obj_mode="Shuttle cycle",O35,T35)) -> 2240767.7 | AG35: =IF(AE35=1,AF35*(1+A35*0.0000000001),1E+99) -> 1e+99 | AH35: =IF(AE35=1,"",TRIM(IF(K35>H_max,"height ","")&IF(AND(env_use="Yes",NOT(OR(AND(I35<=L_bldg,J35<=W_bldg),AND(I35<=W_bldg,J35<=L_bldg)))),"footprint ","")&IF(H35>300,"lanes>300 ","")&IF(G35>6,"lifts>6 ","")&IF(AND(lane_policy<>"Free (optimize N_C)",B35<>sku_pal),"lane policy ","")&IF(AND(lane_policy<>"Free (optimize N_C)",B35=sku_pal,A35>20),"duplicate",""))) -> duplicate | AI35: =(MAX(0,K35/H_max-1)+IF(env_use="Yes",MIN(MAX(0,I35/L_bldg-1)+MAX(0,J35/W_bldg-1),MAX(0,I35/W_bldg-1)+MAX(0,J35/L_bldg-1)),0)+MAX(0,H35/300-1)+MAX(0,G35/6-1)+IF(AND(lane_policy<>"Free (optimize N_C)",B35<>sku_pal),1000,0))*1000000000000000+AF35*(1+A35*0.0000000001) -> 2240767.7
A36: 29 | B36: =$C$3 -> 6 | C36: 9 | D36: =INDEX(Tc_pl,C36) -> 0.6 | E36: =INDEX(Tc_S,C36) -> 45.277976 | F36: =lam_total*D36*E36/3600 -> 0.75463294 | G36: =IF(F36<=0.000000000001,0,MAX(ROUNDUP(F36/rho_max-0.000000001,0),IF(redund="Yes",ROUNDUP(F36/rho_fail-0.000000001,0)+1,0))) -> 2 | H36: =MAX(1,ROUNDUP((P_req/(B36*C36)+G36*lpl)/2-0.000000001,0)) -> 47 | I36: =H36*u_w -> 47 | J36: =2*B36*u_d+aisle_w -> 16.9 | K36: =C36*u_h -> 19.35 | L36: =IF(G36=0,I36,I36/(2*G36)) -> 11.75 | M36: =((IF((lane_off+(L36))<=(v_sh^2/a_sh),(4/3)*(lane_off+(L36))^1.5/SQRT(a_sh),(4/3)*(v_sh^2/a_sh)^1.5/SQRT(a_sh)+((lane_off+(L36))^2-(v_sh^2/a_sh)^2)/(2*v_sh)+(v_sh/a_sh)*((lane_off+(L36))-(v_sh^2/a_sh))))-(IF((lane_off)<=(v_sh^2/a_sh),(4/3)*(lane_off)^1.5/SQRT(a_sh),(4/3)*(v_sh^2/a_sh)^1.5/SQRT(a_sh)+((lane_off)^2-(v_sh^2/a_sh)^2)/(2*v_sh)+(v_sh/a_sh)*((lane_off)-(v_sh^2/a_sh)))))/(L36) -> 7.8926019 | N36: =IF(((B36-1)*u_d/2*(1+f_hc)+lane_off)<=0,0,IF(((B36-1)*u_d/2*(1+f_hc)+lane_off)>=v_sh^2/a_sh,((B36-1)*u_d/2*(1+f_hc)+lane_off)/v_sh+v_sh/a_sh,2*SQRT(((B36-1)*u_d/2*(1+f_hc)+lane_off)/a_sh))) -> 6.5142857 | O36: =2*t_sh+2*t_turn+2*M36+2*N36 -> 86.813775 | P36: =SUMPRODUCT((Tc_idx<=C36)*(ROUNDUP(lam_total*INDEX(Tc_P,C36,0)*O36/(3600*rho_max)-0.000000001,0)+(ROUNDUP(lam_total*INDEX(Tc_P,C36,0)*O36/(3600*rho_max)-0.000000001,0)<min_sh)*(min_sh-ROUNDUP(lam_total*INDEX(Tc_P,C36,0)*O36/(3600*rho_max)-0.000000001,0)))) -> 11 | Q36: =ROUNDUP(P36-0.000000001,0)+spares -> 13 | R36: =B36*C36*(2*H36-G36*lpl) -> 4752 | S36: =R36*fill -> 4039.2 | T36: =I36*J36 -> 794.3 | U36: =T36*(K36+headroom) -> 16561.155 | V36: =G36*c_lift -> 300000 | W36: =Q36*c_shut -> 650000 | X36: =R36*c_pos -> 475200 | Y36: =T36*c_m2+U36*c_m3 -> 814554.65 | Z36: =SUM(V36:Y36) -> 2239754.6 | AA36: =B36*u_d/(H36*u_w) -> 0.16595745 | AB36: =IF(G36=0,0,F36/G36) -> 0.37731647 | AC36: =IF(G36>1,F36/(G36-1),"n/a") -> 0.75463294 | AD36: =moves_day*m_pallet*9.81*INDEX(Tc_mh,C36)/3600000 -> 13.21734 | AE36: =IF(AND(K36<=H_max,H36<=300,G36<=6,NOT(AND(env_use="Yes",NOT(OR(AND(I36<=L_bldg,J36<=W_bldg),AND(I36<=W_bldg,J36<=L_bldg))))),OR(lane_policy="Free (optimize N_C)",AND(B36=sku_pal,A36<=20))),1,0) -> 0 | AF36: =IF(obj_mode="Total cost",Z36,IF(obj_mode="Shuttle cycle",O36,T36)) -> 2239754.6 | AG36: =IF(AE36=1,AF36*(1+A36*0.0000000001),1E+99) -> 1e+99 | AH36: =IF(AE36=1,"",TRIM(IF(K36>H_max,"height ","")&IF(AND(env_use="Yes",NOT(OR(AND(I36<=L_bldg,J36<=W_bldg),AND(I36<=W_bldg,J36<=L_bldg)))),"footprint ","")&IF(H36>300,"lanes>300 ","")&IF(G36>6,"lifts>6 ","")&IF(AND(lane_policy<>"Free (optimize N_C)",B36<>sku_pal),"lane policy ","")&IF(AND(lane_policy<>"Free (optimize N_C)",B36=sku_pal,A36>20),"duplicate",""))) -> duplicate | AI36: =(MAX(0,K36/H_max-1)+IF(env_use="Yes",MIN(MAX(0,I36/L_bldg-1)+MAX(0,J36/W_bldg-1),MAX(0,I36/W_bldg-1)+MAX(0,J36/L_bldg-1)),0)+MAX(0,H36/300-1)+MAX(0,G36/6-1)+IF(AND(lane_policy<>"Free (optimize N_C)",B36<>sku_pal),1000,0))*1000000000000000+AF36*(1+A36*0.0000000001) -> 2239754.7
A37: 30 | B37: =$C$3 -> 6 | C37: 10 | D37: =INDEX(Tc_pl,C37) -> 0.6 | E37: =INDEX(Tc_S,C37) -> 45.457143 | F37: =lam_total*D37*E37/3600 -> 0.75761905 | G37: =IF(F37<=0.000000000001,0,MAX(ROUNDUP(F37/rho_max-0.000000001,0),IF(redund="Yes",ROUNDUP(F37/rho_fail-0.000000001,0)+1,0))) -> 2 | H37: =MAX(1,ROUNDUP((P_req/(B37*C37)+G37*lpl)/2-0.000000001,0)) -> 43 | I37: =H37*u_w -> 43 | J37: =2*B37*u_d+aisle_w -> 16.9 | K37: =C37*u_h -> 21.5 | L37: =IF(G37=0,I37,I37/(2*G37)) -> 10.75 | M37: =((IF((lane_off+(L37))<=(v_sh^2/a_sh),(4/3)*(lane_off+(L37))^1.5/SQRT(a_sh),(4/3)*(v_sh^2/a_sh)^1.5/SQRT(a_sh)+((lane_off+(L37))^2-(v_sh^2/a_sh)^2)/(2*v_sh)+(v_sh/a_sh)*((lane_off+(L37))-(v_sh^2/a_sh))))-(IF((lane_off)<=(v_sh^2/a_sh),(4/3)*(lane_off)^1.5/SQRT(a_sh),(4/3)*(v_sh^2/a_sh)^1.5/SQRT(a_sh)+((lane_off)^2-(v_sh^2/a_sh)^2)/(2*v_sh)+(v_sh/a_sh)*((lane_off)-(v_sh^2/a_sh)))))/(L37) -> 7.5324452 | N37: =IF(((B37-1)*u_d/2*(1+f_hc)+lane_off)<=0,0,IF(((B37-1)*u_d/2*(1+f_hc)+lane_off)>=v_sh^2/a_sh,((B37-1)*u_d/2*(1+f_hc)+lane_off)/v_sh+v_sh/a_sh,2*SQRT(((B37-1)*u_d/2*(1+f_hc)+lane_off)/a_sh))) -> 6.5142857 | O37: =2*t_sh+2*t_turn+2*M37+2*N37 -> 86.093462 | P37: =SUMPRODUCT((Tc_idx<=C37)*(ROUNDUP(lam_total*INDEX(Tc_P,C37,0)*O37/(3600*rho_max)-0.000000001,0)+(ROUNDUP(lam_total*INDEX(Tc_P,C37,0)*O37/(3600*rho_max)-0.000000001,0)<min_sh)*(min_sh-ROUNDUP(lam_total*INDEX(Tc_P,C37,0)*O37/(3600*rho_max)-0.000000001,0)))) -> 12 | Q37: =ROUNDUP(P37-0.000000001,0)+spares -> 14 | R37: =B37*C37*(2*H37-G37*lpl) -> 4800 | S37: =R37*fill -> 4080 | T37: =I37*J37 -> 726.7 | U37: =T37*(K37+headroom) -> 16714.1 | V37: =G37*c_lift -> 300000 | W37: =Q37*c_shut -> 700000 | X37: =R37*c_pos -> 480000 | Y37: =T37*c_m2+U37*c_m3 -> 792103 | Z37: =SUM(V37:Y37) -> 2272103 | AA37: =B37*u_d/(H37*u_w) -> 0.18139535 | AB37: =IF(G37=0,0,F37/G37) -> 0.37880952 | AC37: =IF(G37>1,F37/(G37-1),"n/a") -> 0.75761905 | AD37: =moves_day*m_pallet*9.81*INDEX(Tc_mh,C37)/3600000 -> 13.49856 | AE37: =IF(AND(K37<=H_max,H37<=300,G37<=6,NOT(AND(env_use="Yes",NOT(OR(AND(I37<=L_bldg,J37<=W_bldg),AND(I37<=W_bldg,J37<=L_bldg))))),OR(lane_policy="Free (optimize N_C)",AND(B37=sku_pal,A37<=20))),1,0) -> 0 | AF37: =IF(obj_mode="Total cost",Z37,IF(obj_mode="Shuttle cycle",O37,T37)) -> 2272103 | AG37: =IF(AE37=1,AF37*(1+A37*0.0000000001),1E+99) -> 1e+99 | AH37: =IF(AE37=1,"",TRIM(IF(K37>H_max,"height ","")&IF(AND(env_use="Yes",NOT(OR(AND(I37<=L_bldg,J37<=W_bldg),AND(I37<=W_bldg,J37<=L_bldg)))),"footprint ","")&IF(H37>300,"lanes>300 ","")&IF(G37>6,"lifts>6 ","")&IF(AND(lane_policy<>"Free (optimize N_C)",B37<>sku_pal),"lane policy ","")&IF(AND(lane_policy<>"Free (optimize N_C)",B37=sku_pal,A37>20),"duplicate",""))) -> height duplicate | AI37: =(MAX(0,K37/H_max-1)+IF(env_use="Yes",MIN(MAX(0,I37/L_bldg-1)+MAX(0,J37/W_bldg-1),MAX(0,I37/W_bldg-1)+MAX(0,J37/L_bldg-1)),0)+MAX(0,H37/300-1)+MAX(0,G37/6-1)+IF(AND(lane_policy<>"Free (optimize N_C)",B37<>sku_pal),1000,0))*1000000000000000+AF37*(1+A37*0.0000000001) -> 7.5000002e+13
A38: 31 | B38: =$C$3 -> 6 | C38: 11 | D38: =INDEX(Tc_pl,C38) -> 0.6 | E38: =INDEX(Tc_S,C38) -> 45.63631 | F38: =lam_total*D38*E38/3600 -> 0.76060516 | G38: =IF(F38<=0.000000000001,0,MAX(ROUNDUP(F38/rho_max-0.000000001,0),IF(redund="Yes",ROUNDUP(F38/rho_fail-0.000000001,0)+1,0))) -> 2 | H38: =MAX(1,ROUNDUP((P_req/(B38*C38)+G38*lpl)/2-0.000000001,0)) -> 39 | I38: =H38*u_w -> 39 | J38: =2*B38*u_d+aisle_w -> 16.9 | K38: =C38*u_h -> 23.65 | L38: =IF(G38=0,I38,I38/(2*G38)) -> 9.75 | M38: =((IF((lane_off+(L38))<=(v_sh^2/a_sh),(4/3)*(lane_off+(L38))^1.5/SQRT(a_sh),(4/3)*(v_sh^2/a_sh)^1.5/SQRT(a_sh)+((lane_off+(L38))^2-(v_sh^2/a_sh)^2)/(2*v_sh)+(v_sh/a_sh)*((lane_off+(L38))-(v_sh^2/a_sh))))-(IF((lane_off)<=(v_sh^2/a_sh),(4/3)*(lane_off)^1.5/SQRT(a_sh),(4/3)*(v_sh^2/a_sh)^1.5/SQRT(a_sh)+((lane_off)^2-(v_sh^2/a_sh)^2)/(2*v_sh)+(v_sh/a_sh)*((lane_off)-(v_sh^2/a_sh)))))/(L38) -> 7.1716704 | N38: =IF(((B38-1)*u_d/2*(1+f_hc)+lane_off)<=0,0,IF(((B38-1)*u_d/2*(1+f_hc)+lane_off)>=v_sh^2/a_sh,((B38-1)*u_d/2*(1+f_hc)+lane_off)/v_sh+v_sh/a_sh,2*SQRT(((B38-1)*u_d/2*(1+f_hc)+lane_off)/a_sh))) -> 6.5142857 | O38: =2*t_sh+2*t_turn+2*M38+2*N38 -> 85.371912 | P38: =SUMPRODUCT((Tc_idx<=C38)*(ROUNDUP(lam_total*INDEX(Tc_P,C38,0)*O38/(3600*rho_max)-0.000000001,0)+(ROUNDUP(lam_total*INDEX(Tc_P,C38,0)*O38/(3600*rho_max)-0.000000001,0)<min_sh)*(min_sh-ROUNDUP(lam_total*INDEX(Tc_P,C38,0)*O38/(3600*rho_max)-0.000000001,0)))) -> 13 | Q38: =ROUNDUP(P38-0.000000001,0)+spares -> 15 | R38: =B38*C38*(2*H38-G38*lpl) -> 4752 | S38: =R38*fill -> 4039.2 | T38: =I38*J38 -> 659.1 | U38: =T38*(K38+headroom) -> 16576.365 | V38: =G38*c_lift -> 300000 | W38: =Q38*c_shut -> 750000 | X38: =R38*c_pos -> 475200 | Y38: =T38*c_m2+U38*c_m3 -> 760930.95 | Z38: =SUM(V38:Y38) -> 2286131 | AA38: =B38*u_d/(H38*u_w) -> 0.2 | AB38: =IF(G38=0,0,F38/G38) -> 0.38030258 | AC38: =IF(G38>1,F38/(G38-1),"n/a") -> 0.76060516 | AD38: =moves_day*m_pallet*9.81*INDEX(Tc_mh,C38)/3600000 -> 13.77978 | AE38: =IF(AND(K38<=H_max,H38<=300,G38<=6,NOT(AND(env_use="Yes",NOT(OR(AND(I38<=L_bldg,J38<=W_bldg),AND(I38<=W_bldg,J38<=L_bldg))))),OR(lane_policy="Free (optimize N_C)",AND(B38=sku_pal,A38<=20))),1,0) -> 0 | AF38: =IF(obj_mode="Total cost",Z38,IF(obj_mode="Shuttle cycle",O38,T38)) -> 2286131 | AG38: =IF(AE38=1,AF38*(1+A38*0.0000000001),1E+99) -> 1e+99 | AH38: =IF(AE38=1,"",TRIM(IF(K38>H_max,"height ","")&IF(AND(env_use="Yes",NOT(OR(AND(I38<=L_bldg,J38<=W_bldg),AND(I38<=W_bldg,J38<=L_bldg)))),"footprint ","")&IF(H38>300,"lanes>300 ","")&IF(G38>6,"lifts>6 ","")&IF(AND(lane_policy<>"Free (optimize N_C)",B38<>sku_pal),"lane policy ","")&IF(AND(lane_policy<>"Free (optimize N_C)",B38=sku_pal,A38>20),"duplicate",""))) -> height duplicate | AI38: =(MAX(0,K38/H_max-1)+IF(env_use="Yes",MIN(MAX(0,I38/L_bldg-1)+MAX(0,J38/W_bldg-1),MAX(0,I38/W_bldg-1)+MAX(0,J38/L_bldg-1)),0)+MAX(0,H38/300-1)+MAX(0,G38/6-1)+IF(AND(lane_policy<>"Free (optimize N_C)",B38<>sku_pal),1000,0))*1000000000000000+AF38*(1+A38*0.0000000001) -> 1.825e+14
A39: 32 | B39: =$C$3 -> 6 | C39: 12 | D39: =INDEX(Tc_pl,C39) -> 0.6 | E39: =INDEX(Tc_S,C39) -> 45.815476 | F39: =lam_total*D39*E39/3600 -> 0.76359127 | G39: =IF(F39<=0.000000000001,0,MAX(ROUNDUP(F39/rho_max-0.000000001,0),IF(redund="Yes",ROUNDUP(F39/rho_fail-0.000000001,0)+1,0))) -> 2 | H39: =MAX(1,ROUNDUP((P_req/(B39*C39)+G39*lpl)/2-0.000000001,0)) -> 36 | I39: =H39*u_w -> 36 | J39: =2*B39*u_d+aisle_w -> 16.9 | K39: =C39*u_h -> 25.8 | L39: =IF(G39=0,I39,I39/(2*G39)) -> 9 | M39: =((IF((lane_off+(L39))<=(v_sh^2/a_sh),(4/3)*(lane_off+(L39))^1.5/SQRT(a_sh),(4/3)*(v_sh^2/a_sh)^1.5/SQRT(a_sh)+((lane_off+(L39))^2-(v_sh^2/a_sh)^2)/(2*v_sh)+(v_sh/a_sh)*((lane_off+(L39))-(v_sh^2/a_sh))))-(IF((lane_off)<=(v_sh^2/a_sh),(4/3)*(lane_off)^1.5/SQRT(a_sh),(4/3)*(v_sh^2/a_sh)^1.5/SQRT(a_sh)+((lane_off)^2-(v_sh^2/a_sh)^2)/(2*v_sh)+(v_sh/a_sh)*((lane_off)-(v_sh^2/a_sh)))))/(L39) -> 6.9005596 | N39: =IF(((B39-1)*u_d/2*(1+f_hc)+lane_off)<=0,0,IF(((B39-1)*u_d/2*(1+f_hc)+lane_off)>=v_sh^2/a_sh,((B39-1)*u_d/2*(1+f_hc)+lane_off)/v_sh+v_sh/a_sh,2*SQRT(((B39-1)*u_d/2*(1+f_hc)+lane_off)/a_sh))) -> 6.5142857 | O39: =2*t_sh+2*t_turn+2*M39+2*N39 -> 84.829691 | P39: =SUMPRODUCT((Tc_idx<=C39)*(ROUNDUP(lam_total*INDEX(Tc_P,C39,0)*O39/(3600*rho_max)-0.000000001,0)+(ROUNDUP(lam_total*INDEX(Tc_P,C39,0)*O39/(3600*rho_max)-0.000000001,0)<min_sh)*(min_sh-ROUNDUP(lam_total*INDEX(Tc_P,C39,0)*O39/(3600*rho_max)-0.000000001,0)))) -> 14 | Q39: =ROUNDUP(P39-0.000000001,0)+spares -> 16 | R39: =B39*C39*(2*H39-G39*lpl) -> 4752 | S39: =R39*fill -> 4039.2 | T39: =I39*J39 -> 608.4 | U39: =T39*(K39+headroom) -> 16609.32 | V39: =G39*c_lift -> 300000 | W39: =Q39*c_shut -> 800000 | X39: =R39*c_pos -> 475200 | Y39: =T39*c_m2+U39*c_m3 -> 741639.6 | Z39: =SUM(V39:Y39) -> 2316839.6 | AA39: =B39*u_d/(H39*u_w) -> 0.21666667 | AB39: =IF(G39=0,0,F39/G39) -> 0.38179563 | AC39: =IF(G39>1,F39/(G39-1),"n/a") -> 0.76359127 | AD39: =moves_day*m_pallet*9.81*INDEX(Tc_mh,C39)/3600000 -> 14.061 | AE39: =IF(AND(K39<=H_max,H39<=300,G39<=6,NOT(AND(env_use="Yes",NOT(OR(AND(I39<=L_bldg,J39<=W_bldg),AND(I39<=W_bldg,J39<=L_bldg))))),OR(lane_policy="Free (optimize N_C)",AND(B39=sku_pal,A39<=20))),1,0) -> 0 | AF39: =IF(obj_mode="Total cost",Z39,IF(obj_mode="Shuttle cycle",O39,T39)) -> 2316839.6 | AG39: =IF(AE39=1,AF39*(1+A39*0.0000000001),1E+99) -> 1e+99 | AH39: =IF(AE39=1,"",TRIM(IF(K39>H_max,"height ","")&IF(AND(env_use="Yes",NOT(OR(AND(I39<=L_bldg,J39<=W_bldg),AND(I39<=W_bldg,J39<=L_bldg)))),"footprint ","")&IF(H39>300,"lanes>300 ","")&IF(G39>6,"lifts>6 ","")&IF(AND(lane_policy<>"Free (optimize N_C)",B39<>sku_pal),"lane policy ","")&IF(AND(lane_policy<>"Free (optimize N_C)",B39=sku_pal,A39>20),"duplicate",""))) -> height duplicate | AI39: =(MAX(0,K39/H_max-1)+IF(env_use="Yes",MIN(MAX(0,I39/L_bldg-1)+MAX(0,J39/W_bldg-1),MAX(0,I39/W_bldg-1)+MAX(0,J39/L_bldg-1)),0)+MAX(0,H39/300-1)+MAX(0,G39/6-1)+IF(AND(lane_policy<>"Free (optimize N_C)",B39<>sku_pal),1000,0))*1000000000000000+AF39*(1+A39*0.0000000001) -> 2.9e+14
... A47: 40 | B47: =$C$3 -> 6 | C47: 20 | D47: =INDEX(Tc_pl,C47) -> 0.6 | E47: =INDEX(Tc_S,C47) -> 47.24881 | F47: =lam_total*D47*E47/3600 -> 0.78748016 | G47: =IF(F47<=0.000000000001,0,MAX(ROUNDUP(F47/rho_max-0.000000001,0),IF(redund="Yes",ROUNDUP(F47/rho_fail-0.000000001,0)+1,0))) -> 2 | H47: =MAX(1,ROUNDUP((P_req/(B47*C47)+G47*lpl)/2-0.000000001,0)) -> 23 | I47: =H47*u_w -> 23 | J47: =2*B47*u_d+aisle_w -> 16.9 | K47: =C47*u_h -> 43 | L47: =IF(G47=0,I47,I47/(2*G47)) -> 5.75 | M47: =((IF((lane_off+(L47))<=(v_sh^2/a_sh),(4/3)*(lane_off+(L47))^1.5/SQRT(a_sh),(4/3)*(v_sh^2/a_sh)^1.5/SQRT(a_sh)+((lane_off+(L47))^2-(v_sh^2/a_sh)^2)/(2*v_sh)+(v_sh/a_sh)*((lane_off+(L47))-(v_sh^2/a_sh))))-(IF((lane_off)<=(v_sh^2/a_sh),(4/3)*(lane_off)^1.5/SQRT(a_sh),(4/3)*(v_sh^2/a_sh)^1.5/SQRT(a_sh)+((lane_off)^2-(v_sh^2/a_sh)^2)/(2*v_sh)+(v_sh/a_sh)*((lane_off)-(v_sh^2/a_sh)))))/(L47) -> 5.715938 | N47: =IF(((B47-1)*u_d/2*(1+f_hc)+lane_off)<=0,0,IF(((B47-1)*u_d/2*(1+f_hc)+lane_off)>=v_sh^2/a_sh,((B47-1)*u_d/2*(1+f_hc)+lane_off)/v_sh+v_sh/a_sh,2*SQRT(((B47-1)*u_d/2*(1+f_hc)+lane_off)/a_sh))) -> 6.5142857 | O47: =2*t_sh+2*t_turn+2*M47+2*N47 -> 82.460447 | P47: =SUMPRODUCT((Tc_idx<=C47)*(ROUNDUP(lam_total*INDEX(Tc_P,C47,0)*O47/(3600*rho_max)-0.000000001,0)+(ROUNDUP(lam_total*INDEX(Tc_P,C47,0)*O47/(3600*rho_max)-0.000000001,0)<min_sh)*(min_sh-ROUNDUP(lam_total*INDEX(Tc_P,C47,0)*O47/(3600*rho_max)-0.000000001,0)))) -> 22 | Q47: =ROUNDUP(P47-0.000000001,0)+spares -> 24 | R47: =B47*C47*(2*H47-G47*lpl) -> 4800 | S47: =R47*fill -> 4080 | T47: =I47*J47 -> 388.7 | U47: =T47*(K47+headroom) -> 17297.15 | V47: =G47*c_lift -> 300000 | W47: =Q47*c_shut -> 1200000 | X47: =R47*c_pos -> 480000 | Y47: =T47*c_m2+U47*c_m3 -> 674394.5 | Z47: =SUM(V47:Y47) -> 2654394.5 | AA47: =B47*u_d/(H47*u_w) -> 0.33913043 | AB47: =IF(G47=0,0,F47/G47) -> 0.39374008 | AC47: =IF(G47>1,F47/(G47-1),"n/a") -> 0.78748016 | AD47: =moves_day*m_pallet*9.81*INDEX(Tc_mh,C47)/3600000 -> 16.31076 | AE47: =IF(AND(K47<=H_max,H47<=300,G47<=6,NOT(AND(env_use="Yes",NOT(OR(AND(I47<=L_bldg,J47<=W_bldg),AND(I47<=W_bldg,J47<=L_bldg))))),OR(lane_policy="Free (optimize N_C)",AND(B47=sku_pal,A47<=20))),1,0) -> 0 | AF47: =IF(obj_mode="Total cost",Z47,IF(obj_mode="Shuttle cycle",O47,T47)) -> 2654394.5 | AG47: =IF(AE47=1,AF47*(1+A47*0.0000000001),1E+99) -> 1e+99 | AH47: =IF(AE47=1,"",TRIM(IF(K47>H_max,"height ","")&IF(AND(env_use="Yes",NOT(OR(AND(I47<=L_bldg,J47<=W_bldg),AND(I47<=W_bldg,J47<=L_bldg)))),"footprint ","")&IF(H47>300,"lanes>300 ","")&IF(G47>6,"lifts>6 ","")&IF(AND(lane_policy<>"Free (optimize N_C)",B47<>sku_pal),"lane policy ","")&IF(AND(lane_policy<>"Free (optimize N_C)",B47=sku_pal,A47>20),"duplicate",""))) -> height duplicate | AI47: =(MAX(0,K47/H_max-1)+IF(env_use="Yes",MIN(MAX(0,I47/L_bldg-1)+MAX(0,J47/W_bldg-1),MAX(0,I47/W_bldg-1)+MAX(0,J47/L_bldg-1)),0)+MAX(0,H47/300-1)+MAX(0,G47/6-1)+IF(AND(lane_policy<>"Free (optimize N_C)",B47<>sku_pal),1000,0))*1000000000000000+AF47*(1+A47*0.0000000001) -> 1.15e+15
A48: 41 | B48: =$D$3 -> 6 | C48: 1 | D48: =INDEX(Tc_pl,C48) -> 0 | E48: =INDEX(Tc_S,C48) -> 0 | F48: =lam_total*D48*E48/3600 -> 0 | G48: =IF(F48<=0.000000000001,0,MAX(ROUNDUP(F48/rho_max-0.000000001,0),IF(redund="Yes",ROUNDUP(F48/rho_fail-0.000000001,0)+1,0))) -> 0 | H48: =MAX(1,ROUNDUP((P_req/(B48*C48)+G48*lpl)/2-0.000000001,0)) -> 393 | I48: =H48*u_w -> 393 | J48: =2*B48*u_d+aisle_w -> 16.9 | K48: =C48*u_h -> 2.15 | L48: =IF(G48=0,I48,I48/(2*G48)) -> 393 | M48: =((IF((lane_off+(L48))<=(v_sh^2/a_sh),(4/3)*(lane_off+(L48))^1.5/SQRT(a_sh),(4/3)*(v_sh^2/a_sh)^1.5/SQRT(a_sh)+((lane_off+(L48))^2-(v_sh^2/a_sh)^2)/(2*v_sh)+(v_sh/a_sh)*((lane_off+(L48))-(v_sh^2/a_sh))))-(IF((lane_off)<=(v_sh^2/a_sh),(4/3)*(lane_off)^1.5/SQRT(a_sh),(4/3)*(v_sh^2/a_sh)^1.5/SQRT(a_sh)+((lane_off)^2-(v_sh^2/a_sh)^2)/(2*v_sh)+(v_sh/a_sh)*((lane_off)-(v_sh^2/a_sh)))))/(L48) -> 144.08475 | N48: =IF(((B48-1)*u_d/2*(1+f_hc)+lane_off)<=0,0,IF(((B48-1)*u_d/2*(1+f_hc)+lane_off)>=v_sh^2/a_sh,((B48-1)*u_d/2*(1+f_hc)+lane_off)/v_sh+v_sh/a_sh,2*SQRT(((B48-1)*u_d/2*(1+f_hc)+lane_off)/a_sh))) -> 6.5142857 | O48: =2*t_sh+2*t_turn+2*M48+2*N48 -> 359.19806 | P48: =SUMPRODUCT((Tc_idx<=C48)*(ROUNDUP(lam_total*INDEX(Tc_P,C48,0)*O48/(3600*rho_max)-0.000000001,0)+(ROUNDUP(lam_total*INDEX(Tc_P,C48,0)*O48/(3600*rho_max)-0.000000001,0)<min_sh)*(min_sh-ROUNDUP(lam_total*INDEX(Tc_P,C48,0)*O48/(3600*rho_max)-0.000000001,0)))) -> 14 | Q48: =ROUNDUP(P48-0.000000001,0)+spares -> 16 | R48: =B48*C48*(2*H48-G48*lpl) -> 4716 | S48: =R48*fill -> 4008.6 | T48: =I48*J48 -> 6641.7 | U48: =T48*(K48+headroom) -> 24242.205 | V48: =G48*c_lift -> 0 | W48: =Q48*c_shut -> 800000 | X48: =R48*c_pos -> 471600 | Y48: =T48*c_m2+U48*c_m3 -> 3383946.2 | Z48: =SUM(V48:Y48) -> 4655546.2 | AA48: =B48*u_d/(H48*u_w) -> 0.019847328 | AB48: =IF(G48=0,0,F48/G48) -> 0 | AC48: =IF(G48>1,F48/(G48-1),"n/a") -> n/a | AD48: =moves_day*m_pallet*9.81*INDEX(Tc_mh,C48)/3600000 -> 0 | AE48: =IF(AND(K48<=H_max,H48<=300,G48<=6,NOT(AND(env_use="Yes",NOT(OR(AND(I48<=L_bldg,J48<=W_bldg),AND(I48<=W_bldg,J48<=L_bldg))))),OR(lane_policy="Free (optimize N_C)",AND(B48=sku_pal,A48<=20))),1,0) -> 0 | AF48: =IF(obj_mode="Total cost",Z48,IF(obj_mode="Shuttle cycle",O48,T48)) -> 4655546.2 | AG48: =IF(AE48=1,AF48*(1+A48*0.0000000001),1E+99) -> 1e+99 | AH48: =IF(AE48=1,"",TRIM(IF(K48>H_max,"height ","")&IF(AND(env_use="Yes",NOT(OR(AND(I48<=L_bldg,J48<=W_bldg),AND(I48<=W_bldg,J48<=L_bldg)))),"footprint ","")&IF(H48>300,"lanes>300 ","")&IF(G48>6,"lifts>6 ","")&IF(AND(lane_policy<>"Free (optimize N_C)",B48<>sku_pal),"lane policy ","")&IF(AND(lane_policy<>"Free (optimize N_C)",B48=sku_pal,A48>20),"duplicate",""))) -> footprint lanes>300 duplicate | AI48: =(MAX(0,K48/H_max-1)+IF(env_use="Yes",MIN(MAX(0,I48/L_bldg-1)+MAX(0,J48/W_bldg-1),MAX(0,I48/W_bldg-1)+MAX(0,J48/L_bldg-1)),0)+MAX(0,H48/300-1)+MAX(0,G48/6-1)+IF(AND(lane_policy<>"Free (optimize N_C)",B48<>sku_pal),1000,0))*1000000000000000+AF48*(1+A48*0.0000000001) -> 5.86e+15
A49: 42 | B49: =$D$3 -> 6 | C49: 2 | D49: =INDEX(Tc_pl,C49) -> 0.5 | E49: =INDEX(Tc_S,C49) -> 41.157143 | F49: =lam_total*D49*E49/3600 -> 0.57162698 | G49: =IF(F49<=0.000000000001,0,MAX(ROUNDUP(F49/rho_max-0.000000001,0),IF(redund="Yes",ROUNDUP(F49/rho_fail-0.000000001,0)+1,0))) -> 2 | H49: =MAX(1,ROUNDUP((P_req/(B49*C49)+G49*lpl)/2-0.000000001,0)) -> 200 | I49: =H49*u_w -> 200 | J49: =2*B49*u_d+aisle_w -> 16.9 | K49: =C49*u_h -> 4.3 | L49: =IF(G49=0,I49,I49/(2*G49)) -> 50 | M49: =((IF((lane_off+(L49))<=(v_sh^2/a_sh),(4/3)*(lane_off+(L49))^1.5/SQRT(a_sh),(4/3)*(v_sh^2/a_sh)^1.5/SQRT(a_sh)+((lane_off+(L49))^2-(v_sh^2/a_sh)^2)/(2*v_sh)+(v_sh/a_sh)*((lane_off+(L49))-(v_sh^2/a_sh))))-(IF((lane_off)<=(v_sh^2/a_sh),(4/3)*(lane_off)^1.5/SQRT(a_sh),(4/3)*(v_sh^2/a_sh)^1.5/SQRT(a_sh)+((lane_off)^2-(v_sh^2/a_sh)^2)/(2*v_sh)+(v_sh/a_sh)*((lane_off)-(v_sh^2/a_sh)))))/(L49) -> 21.578101 | N49: =IF(((B49-1)*u_d/2*(1+f_hc)+lane_off)<=0,0,IF(((B49-1)*u_d/2*(1+f_hc)+lane_off)>=v_sh^2/a_sh,((B49-1)*u_d/2*(1+f_hc)+lane_off)/v_sh+v_sh/a_sh,2*SQRT(((B49-1)*u_d/2*(1+f_hc)+lane_off)/a_sh))) -> 6.5142857 | O49: =2*t_sh+2*t_turn+2*M49+2*N49 -> 114.18477 | P49: =SUMPRODUCT((Tc_idx<=C49)*(ROUNDUP(lam_total*INDEX(Tc_P,C49,0)*O49/(3600*rho_max)-0.000000001,0)+(ROUNDUP(lam_total*INDEX(Tc_P,C49,0)*O49/(3600*rho_max)-0.000000001,0)<min_sh)*(min_sh-ROUNDUP(lam_total*INDEX(Tc_P,C49,0)*O49/(3600*rho_max)-0.000000001,0)))) -> 6 | Q49: =ROUNDUP(P49-0.000000001,0)+spares -> 8 | R49: =B49*C49*(2*H49-G49*lpl) -> 4728 | S49: =R49*fill -> 4018.8 | T49: =I49*J49 -> 3380 | U49: =T49*(K49+headroom) -> 19604 | V49: =G49*c_lift -> 300000 | W49: =Q49*c_shut -> 400000 | X49: =R49*c_pos -> 472800 | Y49: =T49*c_m2+U49*c_m3 -> 1940120 | Z49: =SUM(V49:Y49) -> 3112920 | AA49: =B49*u_d/(H49*u_w) -> 0.039 | AB49: =IF(G49=0,0,F49/G49) -> 0.28581349 | AC49: =IF(G49>1,F49/(G49-1),"n/a") -> 0.57162698 | AD49: =moves_day*m_pallet*9.81*INDEX(Tc_mh,C49)/3600000 -> 5.6244 | AE49: =IF(AND(K49<=H_max,H49<=300,G49<=6,NOT(AND(env_use="Yes",NOT(OR(AND(I49<=L_bldg,J49<=W_bldg),AND(I49<=W_bldg,J49<=L_bldg))))),OR(lane_policy="Free (optimize N_C)",AND(B49=sku_pal,A49<=20))),1,0) -> 0 | AF49: =IF(obj_mode="Total cost",Z49,IF(obj_mode="Shuttle cycle",O49,T49)) -> 3112920 | AG49: =IF(AE49=1,AF49*(1+A49*0.0000000001),1E+99) -> 1e+99 | AH49: =IF(AE49=1,"",TRIM(IF(K49>H_max,"height ","")&IF(AND(env_use="Yes",NOT(OR(AND(I49<=L_bldg,J49<=W_bldg),AND(I49<=W_bldg,J49<=L_bldg)))),"footprint ","")&IF(H49>300,"lanes>300 ","")&IF(G49>6,"lifts>6 ","")&IF(AND(lane_policy<>"Free (optimize N_C)",B49<>sku_pal),"lane policy ","")&IF(AND(lane_policy<>"Free (optimize N_C)",B49=sku_pal,A49>20),"duplicate",""))) -> footprint duplicate | AI49: =(MAX(0,K49/H_max-1)+IF(env_use="Yes",MIN(MAX(0,I49/L_bldg-1)+MAX(0,J49/W_bldg-1),MAX(0,I49/W_bldg-1)+MAX(0,J49/L_bldg-1)),0)+MAX(0,H49/300-1)+MAX(0,G49/6-1)+IF(AND(lane_policy<>"Free (optimize N_C)",B49<>sku_pal),1000,0))*1000000000000000+AF49*(1+A49*0.0000000001) -> 2.3333333e+15
A50: 43 | B50: =$D$3 -> 6 | C50: 3 | D50: =INDEX(Tc_pl,C50) -> 0.52941176 | E50: =INDEX(Tc_S,C50) -> 41.634921 | F50: =lam_total*D50*E50/3600 -> 0.61227824 | G50: =IF(F50<=0.000000000001,0,MAX(ROUNDUP(F50/rho_max-0.000000001,0),IF(redund="Yes",ROUNDUP(F50/rho_fail-0.000000001,0)+1,0))) -> 2 | H50: =MAX(1,ROUNDUP((P_req/(B50*C50)+G50*lpl)/2-0.000000001,0)) -> 134 | I50: =H50*u_w -> 134 | J50: =2*B50*u_d+aisle_w -> 16.9 | K50: =C50*u_h -> 6.45 | L50: =IF(G50=0,I50,I50/(2*G50)) -> 33.5 | M50: =((IF((lane_off+(L50))<=(v_sh^2/a_sh),(4/3)*(lane_off+(L50))^1.5/SQRT(a_sh),(4/3)*(v_sh^2/a_sh)^1.5/SQRT(a_sh)+((lane_off+(L50))^2-(v_sh^2/a_sh)^2)/(2*v_sh)+(v_sh/a_sh)*((lane_off+(L50))-(v_sh^2/a_sh))))-(IF((lane_off)<=(v_sh^2/a_sh),(4/3)*(lane_off)^1.5/SQRT(a_sh),(4/3)*(v_sh^2/a_sh)^1.5/SQRT(a_sh)+((lane_off)^2-(v_sh^2/a_sh)^2)/(2*v_sh)+(v_sh/a_sh)*((lane_off)-(v_sh^2/a_sh)))))/(L50) -> 15.681494 | N50: =IF(((B50-1)*u_d/2*(1+f_hc)+lane_off)<=0,0,IF(((B50-1)*u_d/2*(1+f_hc)+lane_off)>=v_sh^2/a_sh,((B50-1)*u_d/2*(1+f_hc)+lane_off)/v_sh+v_sh/a_sh,2*SQRT(((B50-1)*u_d/2*(1+f_hc)+lane_off)/a_sh))) -> 6.5142857 | O50: =2*t_sh+2*t_turn+2*M50+2*N50 -> 102.39156 | P50: =SUMPRODUCT((Tc_idx<=C50)*(ROUNDUP(lam_total*INDEX(Tc_P,C50,0)*O50/(3600*rho_max)-0.000000001,0)+(ROUNDUP(lam_total*INDEX(Tc_P,C50,0)*O50/(3600*rho_max)-0.000000001,0)<min_sh)*(min_sh-ROUNDUP(lam_total*INDEX(Tc_P,C50,0)*O50/(3600*rho_max)-0.000000001,0)))) -> 5 | Q50: =ROUNDUP(P50-0.000000001,0)+spares -> 7 | R50: =B50*C50*(2*H50-G50*lpl) -> 4716 | S50: =R50*fill -> 4008.6 | T50: =I50*J50 -> 2264.6 | U50: =T50*(K50+headroom) -> 18003.57 | V50: =G50*c_lift -> 300000 | W50: =Q50*c_shut -> 350000 | X50: =R50*c_pos -> 471600 | Y50: =T50*c_m2+U50*c_m3 -> 1445947.1 | Z50: =SUM(V50:Y50) -> 2567547.1 | AA50: =B50*u_d/(H50*u_w) -> 0.058208955 | AB50: =IF(G50=0,0,F50/G50) -> 0.30613912 | AC50: =IF(G50>1,F50/(G50-1),"n/a") -> 0.61227824 | AD50: =moves_day*m_pallet*9.81*INDEX(Tc_mh,C50)/3600000 -> 6.6169412 | AE50: =IF(AND(K50<=H_max,H50<=300,G50<=6,NOT(AND(env_use="Yes",NOT(OR(AND(I50<=L_bldg,J50<=W_bldg),AND(I50<=W_bldg,J50<=L_bldg))))),OR(lane_policy="Free (optimize N_C)",AND(B50=sku_pal,A50<=20))),1,0) -> 0 | AF50: =IF(obj_mode="Total cost",Z50,IF(obj_mode="Shuttle cycle",O50,T50)) -> 2567547.1 | AG50: =IF(AE50=1,AF50*(1+A50*0.0000000001),1E+99) -> 1e+99 | AH50: =IF(AE50=1,"",TRIM(IF(K50>H_max,"height ","")&IF(AND(env_use="Yes",NOT(OR(AND(I50<=L_bldg,J50<=W_bldg),AND(I50<=W_bldg,J50<=L_bldg)))),"footprint ","")&IF(H50>300,"lanes>300 ","")&IF(G50>6,"lifts>6 ","")&IF(AND(lane_policy<>"Free (optimize N_C)",B50<>sku_pal),"lane policy ","")&IF(AND(lane_policy<>"Free (optimize N_C)",B50=sku_pal,A50>20),"duplicate",""))) -> footprint duplicate | AI50: =(MAX(0,K50/H_max-1)+IF(env_use="Yes",MIN(MAX(0,I50/L_bldg-1)+MAX(0,J50/W_bldg-1),MAX(0,I50/W_bldg-1)+MAX(0,J50/L_bldg-1)),0)+MAX(0,H50/300-1)+MAX(0,G50/6-1)+IF(AND(lane_policy<>"Free (optimize N_C)",B50<>sku_pal),1000,0))*1000000000000000+AF50*(1+A50*0.0000000001) -> 1.2333333e+15
A51: 44 | B51: =$D$3 -> 6 | C51: 4 | D51: =INDEX(Tc_pl,C51) -> 0.55555556 | E51: =INDEX(Tc_S,C51) -> 42.447143 | F51: =lam_total*D51*E51/3600 -> 0.6550485 | G51: =IF(F51<=0.000000000001,0,MAX(ROUNDUP(F51/rho_max-0.000000001,0),IF(redund="Yes",ROUNDUP(F51/rho_fail-0.000000001,0)+1,0))) -> 2 | H51: =MAX(1,ROUNDUP((P_req/(B51*C51)+G51*lpl)/2-0.000000001,0)) -> 102 | I51: =H51*u_w -> 102 | J51: =2*B51*u_d+aisle_w -> 16.9 | K51: =C51*u_h -> 8.6 | L51: =IF(G51=0,I51,I51/(2*G51)) -> 25.5 | M51: =((IF((lane_off+(L51))<=(v_sh^2/a_sh),(4/3)*(lane_off+(L51))^1.5/SQRT(a_sh),(4/3)*(v_sh^2/a_sh)^1.5/SQRT(a_sh)+((lane_off+(L51))^2-(v_sh^2/a_sh)^2)/(2*v_sh)+(v_sh/a_sh)*((lane_off+(L51))-(v_sh^2/a_sh))))-(IF((lane_off)<=(v_sh^2/a_sh),(4/3)*(lane_off)^1.5/SQRT(a_sh),(4/3)*(v_sh^2/a_sh)^1.5/SQRT(a_sh)+((lane_off)^2-(v_sh^2/a_sh)^2)/(2*v_sh)+(v_sh/a_sh)*((lane_off)-(v_sh^2/a_sh)))))/(L51) -> 12.820786 | N51: =IF(((B51-1)*u_d/2*(1+f_hc)+lane_off)<=0,0,IF(((B51-1)*u_d/2*(1+f_hc)+lane_off)>=v_sh^2/a_sh,((B51-1)*u_d/2*(1+f_hc)+lane_off)/v_sh+v_sh/a_sh,2*SQRT(((B51-1)*u_d/2*(1+f_hc)+lane_off)/a_sh))) -> 6.5142857 | O51: =2*t_sh+2*t_turn+2*M51+2*N51 -> 96.670143 | P51: =SUMPRODUCT((Tc_idx<=C51)*(ROUNDUP(lam_total*INDEX(Tc_P,C51,0)*O51/(3600*rho_max)-0.000000001,0)+(ROUNDUP(lam_total*INDEX(Tc_P,C51,0)*O51/(3600*rho_max)-0.000000001,0)<min_sh)*(min_sh-ROUNDUP(lam_total*INDEX(Tc_P,C51,0)*O51/(3600*rho_max)-0.000000001,0)))) -> 6 | Q51: =ROUNDUP(P51-0.000000001,0)+spares -> 8 | R51: =B51*C51*(2*H51-G51*lpl) -> 4752 | S51: =R51*fill -> 4039.2 | T51: =I51*J51 -> 1723.8 | U51: =T51*(K51+headroom) -> 17410.38 | V51: =G51*c_lift -> 300000 | W51: =Q51*c_shut -> 400000 | X51: =R51*c_pos -> 475200 | Y51: =T51*c_m2+U51*c_m3 -> 1211831.4 | Z51: =SUM(V51:Y51) -> 2387031.4 | AA51: =B51*u_d/(H51*u_w) -> 0.076470588 | AB51: =IF(G51=0,0,F51/G51) -> 0.32752425 | AC51: =IF(G51>1,F51/(G51-1),"n/a") -> 0.6550485 | AD51: =moves_day*m_pallet*9.81*INDEX(Tc_mh,C51)/3600000 -> 8.1241333 | AE51: =IF(AND(K51<=H_max,H51<=300,G51<=6,NOT(AND(env_use="Yes",NOT(OR(AND(I51<=L_bldg,J51<=W_bldg),AND(I51<=W_bldg,J51<=L_bldg))))),OR(lane_policy="Free (optimize N_C)",AND(B51=sku_pal,A51<=20))),1,0) -> 0 | AF51: =IF(obj_mode="Total cost",Z51,IF(obj_mode="Shuttle cycle",O51,T51)) -> 2387031.4 | AG51: =IF(AE51=1,AF51*(1+A51*0.0000000001),1E+99) -> 1e+99 | AH51: =IF(AE51=1,"",TRIM(IF(K51>H_max,"height ","")&IF(AND(env_use="Yes",NOT(OR(AND(I51<=L_bldg,J51<=W_bldg),AND(I51<=W_bldg,J51<=L_bldg)))),"footprint ","")&IF(H51>300,"lanes>300 ","")&IF(G51>6,"lifts>6 ","")&IF(AND(lane_policy<>"Free (optimize N_C)",B51<>sku_pal),"lane policy ","")&IF(AND(lane_policy<>"Free (optimize N_C)",B51=sku_pal,A51>20),"duplicate",""))) -> footprint duplicate | AI51: =(MAX(0,K51/H_max-1)+IF(env_use="Yes",MIN(MAX(0,I51/L_bldg-1)+MAX(0,J51/W_bldg-1),MAX(0,I51/W_bldg-1)+MAX(0,J51/L_bldg-1)),0)+MAX(0,H51/300-1)+MAX(0,G51/6-1)+IF(AND(lane_policy<>"Free (optimize N_C)",B51<>sku_pal),1000,0))*1000000000000000+AF51*(1+A51*0.0000000001) -> 7e+14
A52: 45 | B52: =$D$3 -> 6 | C52: 5 | D52: =INDEX(Tc_pl,C52) -> 0.57894737 | E52: =INDEX(Tc_S,C52) -> 43.502597 | F52: =lam_total*D52*E52/3600 -> 0.69960317 | G52: =IF(F52<=0.000000000001,0,MAX(ROUNDUP(F52/rho_max-0.000000001,0),IF(redund="Yes",ROUNDUP(F52/rho_fail-0.000000001,0)+1,0))) -> 2 | H52: =MAX(1,ROUNDUP((P_req/(B52*C52)+G52*lpl)/2-0.000000001,0)) -> 82 | I52: =H52*u_w -> 82 | J52: =2*B52*u_d+aisle_w -> 16.9 | K52: =C52*u_h -> 10.75 | L52: =IF(G52=0,I52,I52/(2*G52)) -> 20.5 | M52: =((IF((lane_off+(L52))<=(v_sh^2/a_sh),(4/3)*(lane_off+(L52))^1.5/SQRT(a_sh),(4/3)*(v_sh^2/a_sh)^1.5/SQRT(a_sh)+((lane_off+(L52))^2-(v_sh^2/a_sh)^2)/(2*v_sh)+(v_sh/a_sh)*((lane_off+(L52))-(v_sh^2/a_sh))))-(IF((lane_off)<=(v_sh^2/a_sh),(4/3)*(lane_off)^1.5/SQRT(a_sh),(4/3)*(v_sh^2/a_sh)^1.5/SQRT(a_sh)+((lane_off)^2-(v_sh^2/a_sh)^2)/(2*v_sh)+(v_sh/a_sh)*((lane_off)-(v_sh^2/a_sh)))))/(L52) -> 11.03143 | N52: =IF(((B52-1)*u_d/2*(1+f_hc)+lane_off)<=0,0,IF(((B52-1)*u_d/2*(1+f_hc)+lane_off)>=v_sh^2/a_sh,((B52-1)*u_d/2*(1+f_hc)+lane_off)/v_sh+v_sh/a_sh,2*SQRT(((B52-1)*u_d/2*(1+f_hc)+lane_off)/a_sh))) -> 6.5142857 | O52: =2*t_sh+2*t_turn+2*M52+2*N52 -> 93.091432 | P52: =SUMPRODUCT((Tc_idx<=C52)*(ROUNDUP(lam_total*INDEX(Tc_P,C52,0)*O52/(3600*rho_max)-0.000000001,0)+(ROUNDUP(lam_total*INDEX(Tc_P,C52,0)*O52/(3600*rho_max)-0.000000001,0)<min_sh)*(min_sh-ROUNDUP(lam_total*INDEX(Tc_P,C52,0)*O52/(3600*rho_max)-0.000000001,0)))) -> 7 | Q52: =ROUNDUP(P52-0.000000001,0)+spares -> 9 | R52: =B52*C52*(2*H52-G52*lpl) -> 4740 | S52: =R52*fill -> 4029 | T52: =I52*J52 -> 1385.8 | U52: =T52*(K52+headroom) -> 16976.05 | V52: =G52*c_lift -> 300000 | W52: =Q52*c_shut -> 450000 | X52: =R52*c_pos -> 474000 | Y52: =T52*c_m2+U52*c_m3 -> 1063601.5 | Z52: =SUM(V52:Y52) -> 2287601.5 | AA52: =B52*u_d/(H52*u_w) -> 0.095121951 | AB52: =IF(G52=0,0,F52/G52) -> 0.34980159 | AC52: =IF(G52>1,F52/(G52-1),"n/a") -> 0.69960317 | AD52: =moves_day*m_pallet*9.81*INDEX(Tc_mh,C52)/3600000 -> 10.064716 | AE52: =IF(AND(K52<=H_max,H52<=300,G52<=6,NOT(AND(env_use="Yes",NOT(OR(AND(I52<=L_bldg,J52<=W_bldg),AND(I52<=W_bldg,J52<=L_bldg))))),OR(lane_policy="Free (optimize N_C)",AND(B52=sku_pal,A52<=20))),1,0) -> 0 | AF52: =IF(obj_mode="Total cost",Z52,IF(obj_mode="Shuttle cycle",O52,T52)) -> 2287601.5 | AG52: =IF(AE52=1,AF52*(1+A52*0.0000000001),1E+99) -> 1e+99 | AH52: =IF(AE52=1,"",TRIM(IF(K52>H_max,"height ","")&IF(AND(env_use="Yes",NOT(OR(AND(I52<=L_bldg,J52<=W_bldg),AND(I52<=W_bldg,J52<=L_bldg)))),"footprint ","")&IF(H52>300,"lanes>300 ","")&IF(G52>6,"lifts>6 ","")&IF(AND(lane_policy<>"Free (optimize N_C)",B52<>sku_pal),"lane policy ","")&IF(AND(lane_policy<>"Free (optimize N_C)",B52=sku_pal,A52>20),"duplicate",""))) -> footprint duplicate | AI52: =(MAX(0,K52/H_max-1)+IF(env_use="Yes",MIN(MAX(0,I52/L_bldg-1)+MAX(0,J52/W_bldg-1),MAX(0,I52/W_bldg-1)+MAX(0,J52/L_bldg-1)),0)+MAX(0,H52/300-1)+MAX(0,G52/6-1)+IF(AND(lane_policy<>"Free (optimize N_C)",B52<>sku_pal),1000,0))*1000000000000000+AF52*(1+A52*0.0000000001) -> 3.6666667e+14
A53: 46 | B53: =$D$3 -> 6 | C53: 6 | D53: =INDEX(Tc_pl,C53) -> 0.6 | E53: =INDEX(Tc_S,C53) -> 44.740476 | F53: =lam_total*D53*E53/3600 -> 0.7456746 | G53: =IF(F53<=0.000000000001,0,MAX(ROUNDUP(F53/rho_max-0.000000001,0),IF(redund="Yes",ROUNDUP(F53/rho_fail-0.000000001,0)+1,0))) -> 2 | H53: =MAX(1,ROUNDUP((P_req/(B53*C53)+G53*lpl)/2-0.000000001,0)) -> 69 | I53: =H53*u_w -> 69 | J53: =2*B53*u_d+aisle_w -> 16.9 | K53: =C53*u_h -> 12.9 | L53: =IF(G53=0,I53,I53/(2*G53)) -> 17.25 | M53: =((IF((lane_off+(L53))<=(v_sh^2/a_sh),(4/3)*(lane_off+(L53))^1.5/SQRT(a_sh),(4/3)*(v_sh^2/a_sh)^1.5/SQRT(a_sh)+((lane_off+(L53))^2-(v_sh^2/a_sh)^2)/(2*v_sh)+(v_sh/a_sh)*((lane_off+(L53))-(v_sh^2/a_sh))))-(IF((lane_off)<=(v_sh^2/a_sh),(4/3)*(lane_off)^1.5/SQRT(a_sh),(4/3)*(v_sh^2/a_sh)^1.5/SQRT(a_sh)+((lane_off)^2-(v_sh^2/a_sh)^2)/(2*v_sh)+(v_sh/a_sh)*((lane_off)-(v_sh^2/a_sh)))))/(L53) -> 9.8672174 | N53: =IF(((B53-1)*u_d/2*(1+f_hc)+lane_off)<=0,0,IF(((B53-1)*u_d/2*(1+f_hc)+lane_off)>=v_sh^2/a_sh,((B53-1)*u_d/2*(1+f_hc)+lane_off)/v_sh+v_sh/a_sh,2*SQRT(((B53-1)*u_d/2*(1+f_hc)+lane_off)/a_sh))) -> 6.5142857 | O53: =2*t_sh+2*t_turn+2*M53+2*N53 -> 90.763006 | P53: =SUMPRODUCT((Tc_idx<=C53)*(ROUNDUP(lam_total*INDEX(Tc_P,C53,0)*O53/(3600*rho_max)-0.000000001,0)+(ROUNDUP(lam_total*INDEX(Tc_P,C53,0)*O53/(3600*rho_max)-0.000000001,0)<min_sh)*(min_sh-ROUNDUP(lam_total*INDEX(Tc_P,C53,0)*O53/(3600*rho_max)-0.000000001,0)))) -> 8 | Q53: =ROUNDUP(P53-0.000000001,0)+spares -> 10 | R53: =B53*C53*(2*H53-G53*lpl) -> 4752 | S53: =R53*fill -> 4039.2 | T53: =I53*J53 -> 1166.1 | U53: =T53*(K53+headroom) -> 16791.84 | V53: =G53*c_lift -> 300000 | W53: =Q53*c_shut -> 500000 | X53: =R53*c_pos -> 475200 | Y53: =T53*c_m2+U53*c_m3 -> 970195.2 | Z53: =SUM(V53:Y53) -> 2245395.2 | AA53: =B53*u_d/(H53*u_w) -> 0.11304348 | AB53: =IF(G53=0,0,F53/G53) -> 0.3728373 | AC53: =IF(G53>1,F53/(G53-1),"n/a") -> 0.7456746 | AD53: =moves_day*m_pallet*9.81*INDEX(Tc_mh,C53)/3600000 -> 12.37368 | AE53: =IF(AND(K53<=H_max,H53<=300,G53<=6,NOT(AND(env_use="Yes",NOT(OR(AND(I53<=L_bldg,J53<=W_bldg),AND(I53<=W_bldg,J53<=L_bldg))))),OR(lane_policy="Free (optimize N_C)",AND(B53=sku_pal,A53<=20))),1,0) -> 0 | AF53: =IF(obj_mode="Total cost",Z53,IF(obj_mode="Shuttle cycle",O53,T53)) -> 2245395.2 | AG53: =IF(AE53=1,AF53*(1+A53*0.0000000001),1E+99) -> 1e+99 | AH53: =IF(AE53=1,"",TRIM(IF(K53>H_max,"height ","")&IF(AND(env_use="Yes",NOT(OR(AND(I53<=L_bldg,J53<=W_bldg),AND(I53<=W_bldg,J53<=L_bldg)))),"footprint ","")&IF(H53>300,"lanes>300 ","")&IF(G53>6,"lifts>6 ","")&IF(AND(lane_policy<>"Free (optimize N_C)",B53<>sku_pal),"lane policy ","")&IF(AND(lane_policy<>"Free (optimize N_C)",B53=sku_pal,A53>20),"duplicate",""))) -> footprint duplicate | AI53: =(MAX(0,K53/H_max-1)+IF(env_use="Yes",MIN(MAX(0,I53/L_bldg-1)+MAX(0,J53/W_bldg-1),MAX(0,I53/W_bldg-1)+MAX(0,J53/L_bldg-1)),0)+MAX(0,H53/300-1)+MAX(0,G53/6-1)+IF(AND(lane_policy<>"Free (optimize N_C)",B53<>sku_pal),1000,0))*1000000000000000+AF53*(1+A53*0.0000000001) -> 1.5e+14
A54: 47 | B54: =$D$3 -> 6 | C54: 7 | D54: =INDEX(Tc_pl,C54) -> 0.6 | E54: =INDEX(Tc_S,C54) -> 44.919643 | F54: =lam_total*D54*E54/3600 -> 0.74866071 | G54: =IF(F54<=0.000000000001,0,MAX(ROUNDUP(F54/rho_max-0.000000001,0),IF(redund="Yes",ROUNDUP(F54/rho_fail-0.000000001,0)+1,0))) -> 2 | H54: =MAX(1,ROUNDUP((P_req/(B54*C54)+G54*lpl)/2-0.000000001,0)) -> 60 | I54: =H54*u_w -> 60 | J54: =2*B54*u_d+aisle_w -> 16.9 | K54: =C54*u_h -> 15.05 | L54: =IF(G54=0,I54,I54/(2*G54)) -> 15 | M54: =((IF((lane_off+(L54))<=(v_sh^2/a_sh),(4/3)*(lane_off+(L54))^1.5/SQRT(a_sh),(4/3)*(v_sh^2/a_sh)^1.5/SQRT(a_sh)+((lane_off+(L54))^2-(v_sh^2/a_sh)^2)/(2*v_sh)+(v_sh/a_sh)*((lane_off+(L54))-(v_sh^2/a_sh))))-(IF((lane_off)<=(v_sh^2/a_sh),(4/3)*(lane_off)^1.5/SQRT(a_sh),(4/3)*(v_sh^2/a_sh)^1.5/SQRT(a_sh)+((lane_off)^2-(v_sh^2/a_sh)^2)/(2*v_sh)+(v_sh/a_sh)*((lane_off)-(v_sh^2/a_sh)))))/(L54) -> 9.0603358 | N54: =IF(((B54-1)*u_d/2*(1+f_hc)+lane_off)<=0,0,IF(((B54-1)*u_d/2*(1+f_hc)+lane_off)>=v_sh^2/a_sh,((B54-1)*u_d/2*(1+f_hc)+lane_off)/v_sh+v_sh/a_sh,2*SQRT(((B54-1)*u_d/2*(1+f_hc)+lane_off)/a_sh))) -> 6.5142857 | O54: =2*t_sh+2*t_turn+2*M54+2*N54 -> 89.149243 | P54: =SUMPRODUCT((Tc_idx<=C54)*(ROUNDUP(lam_total*INDEX(Tc_P,C54,0)*O54/(3600*rho_max)-0.000000001,0)+(ROUNDUP(lam_total*INDEX(Tc_P,C54,0)*O54/(3600*rho_max)-0.000000001,0)<min_sh)*(min_sh-ROUNDUP(lam_total*INDEX(Tc_P,C54,0)*O54/(3600*rho_max)-0.000000001,0)))) -> 9 | Q54: =ROUNDUP(P54-0.000000001,0)+spares -> 11 | R54: =B54*C54*(2*H54-G54*lpl) -> 4788 | S54: =R54*fill -> 4069.8 | T54: =I54*J54 -> 1014 | U54: =T54*(K54+headroom) -> 16781.7 | V54: =G54*c_lift -> 300000 | W54: =Q54*c_shut -> 550000 | X54: =R54*c_pos -> 478800 | Y54: =T54*c_m2+U54*c_m3 -> 909051 | Z54: =SUM(V54:Y54) -> 2237851 | AA54: =B54*u_d/(H54*u_w) -> 0.13 | AB54: =IF(G54=0,0,F54/G54) -> 0.37433036 | AC54: =IF(G54>1,F54/(G54-1),"n/a") -> 0.74866071 | AD54: =moves_day*m_pallet*9.81*INDEX(Tc_mh,C54)/3600000 -> 12.6549 | AE54: =IF(AND(K54<=H_max,H54<=300,G54<=6,NOT(AND(env_use="Yes",NOT(OR(AND(I54<=L_bldg,J54<=W_bldg),AND(I54<=W_bldg,J54<=L_bldg))))),OR(lane_policy="Free (optimize N_C)",AND(B54=sku_pal,A54<=20))),1,0) -> 0 | AF54: =IF(obj_mode="Total cost",Z54,IF(obj_mode="Shuttle cycle",O54,T54)) -> 2237851 | AG54: =IF(AE54=1,AF54*(1+A54*0.0000000001),1E+99) -> 1e+99 | AH54: =IF(AE54=1,"",TRIM(IF(K54>H_max,"height ","")&IF(AND(env_use="Yes",NOT(OR(AND(I54<=L_bldg,J54<=W_bldg),AND(I54<=W_bldg,J54<=L_bldg)))),"footprint ","")&IF(H54>300,"lanes>300 ","")&IF(G54>6,"lifts>6 ","")&IF(AND(lane_policy<>"Free (optimize N_C)",B54<>sku_pal),"lane policy ","")&IF(AND(lane_policy<>"Free (optimize N_C)",B54=sku_pal,A54>20),"duplicate",""))) -> duplicate | AI54: =(MAX(0,K54/H_max-1)+IF(env_use="Yes",MIN(MAX(0,I54/L_bldg-1)+MAX(0,J54/W_bldg-1),MAX(0,I54/W_bldg-1)+MAX(0,J54/L_bldg-1)),0)+MAX(0,H54/300-1)+MAX(0,G54/6-1)+IF(AND(lane_policy<>"Free (optimize N_C)",B54<>sku_pal),1000,0))*1000000000000000+AF54*(1+A54*0.0000000001) -> 2237851
A55: 48 | B55: =$D$3 -> 6 | C55: 8 | D55: =INDEX(Tc_pl,C55) -> 0.6 | E55: =INDEX(Tc_S,C55) -> 45.09881 | F55: =lam_total*D55*E55/3600 -> 0.75164683 | G55: =IF(F55<=0.000000000001,0,MAX(ROUNDUP(F55/rho_max-0.000000001,0),IF(redund="Yes",ROUNDUP(F55/rho_fail-0.000000001,0)+1,0))) -> 2 | H55: =MAX(1,ROUNDUP((P_req/(B55*C55)+G55*lpl)/2-0.000000001,0)) -> 53 | I55: =H55*u_w -> 53 | J55: =2*B55*u_d+aisle_w -> 16.9 | K55: =C55*u_h -> 17.2 | L55: =IF(G55=0,I55,I55/(2*G55)) -> 13.25 | M55: =((IF((lane_off+(L55))<=(v_sh^2/a_sh),(4/3)*(lane_off+(L55))^1.5/SQRT(a_sh),(4/3)*(v_sh^2/a_sh)^1.5/SQRT(a_sh)+((lane_off+(L55))^2-(v_sh^2/a_sh)^2)/(2*v_sh)+(v_sh/a_sh)*((lane_off+(L55))-(v_sh^2/a_sh))))-(IF((lane_off)<=(v_sh^2/a_sh),(4/3)*(lane_off)^1.5/SQRT(a_sh),(4/3)*(v_sh^2/a_sh)^1.5/SQRT(a_sh)+((lane_off)^2-(v_sh^2/a_sh)^2)/(2*v_sh)+(v_sh/a_sh)*((lane_off)-(v_sh^2/a_sh)))))/(L55) -> 8.4319839 | N55: =IF(((B55-1)*u_d/2*(1+f_hc)+lane_off)<=0,0,IF(((B55-1)*u_d/2*(1+f_hc)+lane_off)>=v_sh^2/a_sh,((B55-1)*u_d/2*(1+f_hc)+lane_off)/v_sh+v_sh/a_sh,2*SQRT(((B55-1)*u_d/2*(1+f_hc)+lane_off)/a_sh))) -> 6.5142857 | O55: =2*t_sh+2*t_turn+2*M55+2*N55 -> 87.892539 | P55: =SUMPRODUCT((Tc_idx<=C55)*(ROUNDUP(lam_total*INDEX(Tc_P,C55,0)*O55/(3600*rho_max)-0.000000001,0)+(ROUNDUP(lam_total*INDEX(Tc_P,C55,0)*O55/(3600*rho_max)-0.000000001,0)<min_sh)*(min_sh-ROUNDUP(lam_total*INDEX(Tc_P,C55,0)*O55/(3600*rho_max)-0.000000001,0)))) -> 10 | Q55: =ROUNDUP(P55-0.000000001,0)+spares -> 12 | R55: =B55*C55*(2*H55-G55*lpl) -> 4800 | S55: =R55*fill -> 4080 | T55: =I55*J55 -> 895.7 | U55: =T55*(K55+headroom) -> 16749.59 | V55: =G55*c_lift -> 300000 | W55: =Q55*c_shut -> 600000 | X55: =R55*c_pos -> 480000 | Y55: =T55*c_m2+U55*c_m3 -> 860767.7 | Z55: =SUM(V55:Y55) -> 2240767.7 | AA55: =B55*u_d/(H55*u_w) -> 0.14716981 | AB55: =IF(G55=0,0,F55/G55) -> 0.37582341 | AC55: =IF(G55>1,F55/(G55-1),"n/a") -> 0.75164683 | AD55: =moves_day*m_pallet*9.81*INDEX(Tc_mh,C55)/3600000 -> 12.93612 | AE55: =IF(AND(K55<=H_max,H55<=300,G55<=6,NOT(AND(env_use="Yes",NOT(OR(AND(I55<=L_bldg,J55<=W_bldg),AND(I55<=W_bldg,J55<=L_bldg))))),OR(lane_policy="Free (optimize N_C)",AND(B55=sku_pal,A55<=20))),1,0) -> 0 | AF55: =IF(obj_mode="Total cost",Z55,IF(obj_mode="Shuttle cycle",O55,T55)) -> 2240767.7 | AG55: =IF(AE55=1,AF55*(1+A55*0.0000000001),1E+99) -> 1e+99 | AH55: =IF(AE55=1,"",TRIM(IF(K55>H_max,"height ","")&IF(AND(env_use="Yes",NOT(OR(AND(I55<=L_bldg,J55<=W_bldg),AND(I55<=W_bldg,J55<=L_bldg)))),"footprint ","")&IF(H55>300,"lanes>300 ","")&IF(G55>6,"lifts>6 ","")&IF(AND(lane_policy<>"Free (optimize N_C)",B55<>sku_pal),"lane policy ","")&IF(AND(lane_policy<>"Free (optimize N_C)",B55=sku_pal,A55>20),"duplicate",""))) -> duplicate | AI55: =(MAX(0,K55/H_max-1)+IF(env_use="Yes",MIN(MAX(0,I55/L_bldg-1)+MAX(0,J55/W_bldg-1),MAX(0,I55/W_bldg-1)+MAX(0,J55/L_bldg-1)),0)+MAX(0,H55/300-1)+MAX(0,G55/6-1)+IF(AND(lane_policy<>"Free (optimize N_C)",B55<>sku_pal),1000,0))*1000000000000000+AF55*(1+A55*0.0000000001) -> 2240767.7
A56: 49 | B56: =$D$3 -> 6 | C56: 9 | D56: =INDEX(Tc_pl,C56) -> 0.6 | E56: =INDEX(Tc_S,C56) -> 45.277976 | F56: =lam_total*D56*E56/3600 -> 0.75463294 | G56: =IF(F56<=0.000000000001,0,MAX(ROUNDUP(F56/rho_max-0.000000001,0),IF(redund="Yes",ROUNDUP(F56/rho_fail-0.000000001,0)+1,0))) -> 2 | H56: =MAX(1,ROUNDUP((P_req/(B56*C56)+G56*lpl)/2-0.000000001,0)) -> 47 | I56: =H56*u_w -> 47 | J56: =2*B56*u_d+aisle_w -> 16.9 | K56: =C56*u_h -> 19.35 | L56: =IF(G56=0,I56,I56/(2*G56)) -> 11.75 | M56: =((IF((lane_off+(L56))<=(v_sh^2/a_sh),(4/3)*(lane_off+(L56))^1.5/SQRT(a_sh),(4/3)*(v_sh^2/a_sh)^1.5/SQRT(a_sh)+((lane_off+(L56))^2-(v_sh^2/a_sh)^2)/(2*v_sh)+(v_sh/a_sh)*((lane_off+(L56))-(v_sh^2/a_sh))))-(IF((lane_off)<=(v_sh^2/a_sh),(4/3)*(lane_off)^1.5/SQRT(a_sh),(4/3)*(v_sh^2/a_sh)^1.5/SQRT(a_sh)+((lane_off)^2-(v_sh^2/a_sh)^2)/(2*v_sh)+(v_sh/a_sh)*((lane_off)-(v_sh^2/a_sh)))))/(L56) -> 7.8926019 | N56: =IF(((B56-1)*u_d/2*(1+f_hc)+lane_off)<=0,0,IF(((B56-1)*u_d/2*(1+f_hc)+lane_off)>=v_sh^2/a_sh,((B56-1)*u_d/2*(1+f_hc)+lane_off)/v_sh+v_sh/a_sh,2*SQRT(((B56-1)*u_d/2*(1+f_hc)+lane_off)/a_sh))) -> 6.5142857 | O56: =2*t_sh+2*t_turn+2*M56+2*N56 -> 86.813775 | P56: =SUMPRODUCT((Tc_idx<=C56)*(ROUNDUP(lam_total*INDEX(Tc_P,C56,0)*O56/(3600*rho_max)-0.000000001,0)+(ROUNDUP(lam_total*INDEX(Tc_P,C56,0)*O56/(3600*rho_max)-0.000000001,0)<min_sh)*(min_sh-ROUNDUP(lam_total*INDEX(Tc_P,C56,0)*O56/(3600*rho_max)-0.000000001,0)))) -> 11 | Q56: =ROUNDUP(P56-0.000000001,0)+spares -> 13 | R56: =B56*C56*(2*H56-G56*lpl) -> 4752 | S56: =R56*fill -> 4039.2 | T56: =I56*J56 -> 794.3 | U56: =T56*(K56+headroom) -> 16561.155 | V56: =G56*c_lift -> 300000 | W56: =Q56*c_shut -> 650000 | X56: =R56*c_pos -> 475200 | Y56: =T56*c_m2+U56*c_m3 -> 814554.65 | Z56: =SUM(V56:Y56) -> 2239754.6 | AA56: =B56*u_d/(H56*u_w) -> 0.16595745 | AB56: =IF(G56=0,0,F56/G56) -> 0.37731647 | AC56: =IF(G56>1,F56/(G56-1),"n/a") -> 0.75463294 | AD56: =moves_day*m_pallet*9.81*INDEX(Tc_mh,C56)/3600000 -> 13.21734 | AE56: =IF(AND(K56<=H_max,H56<=300,G56<=6,NOT(AND(env_use="Yes",NOT(OR(AND(I56<=L_bldg,J56<=W_bldg),AND(I56<=W_bldg,J56<=L_bldg))))),OR(lane_policy="Free (optimize N_C)",AND(B56=sku_pal,A56<=20))),1,0) -> 0 | AF56: =IF(obj_mode="Total cost",Z56,IF(obj_mode="Shuttle cycle",O56,T56)) -> 2239754.6 | AG56: =IF(AE56=1,AF56*(1+A56*0.0000000001),1E+99) -> 1e+99 | AH56: =IF(AE56=1,"",TRIM(IF(K56>H_max,"height ","")&IF(AND(env_use="Yes",NOT(OR(AND(I56<=L_bldg,J56<=W_bldg),AND(I56<=W_bldg,J56<=L_bldg)))),"footprint ","")&IF(H56>300,"lanes>300 ","")&IF(G56>6,"lifts>6 ","")&IF(AND(lane_policy<>"Free (optimize N_C)",B56<>sku_pal),"lane policy ","")&IF(AND(lane_policy<>"Free (optimize N_C)",B56=sku_pal,A56>20),"duplicate",""))) -> duplicate | AI56: =(MAX(0,K56/H_max-1)+IF(env_use="Yes",MIN(MAX(0,I56/L_bldg-1)+MAX(0,J56/W_bldg-1),MAX(0,I56/W_bldg-1)+MAX(0,J56/L_bldg-1)),0)+MAX(0,H56/300-1)+MAX(0,G56/6-1)+IF(AND(lane_policy<>"Free (optimize N_C)",B56<>sku_pal),1000,0))*1000000000000000+AF56*(1+A56*0.0000000001) -> 2239754.7
A57: 50 | B57: =$D$3 -> 6 | C57: 10 | D57: =INDEX(Tc_pl,C57) -> 0.6 | E57: =INDEX(Tc_S,C57) -> 45.457143 | F57: =lam_total*D57*E57/3600 -> 0.75761905 | G57: =IF(F57<=0.000000000001,0,MAX(ROUNDUP(F57/rho_max-0.000000001,0),IF(redund="Yes",ROUNDUP(F57/rho_fail-0.000000001,0)+1,0))) -> 2 | H57: =MAX(1,ROUNDUP((P_req/(B57*C57)+G57*lpl)/2-0.000000001,0)) -> 43 | I57: =H57*u_w -> 43 | J57: =2*B57*u_d+aisle_w -> 16.9 | K57: =C57*u_h -> 21.5 | L57: =IF(G57=0,I57,I57/(2*G57)) -> 10.75 | M57: =((IF((lane_off+(L57))<=(v_sh^2/a_sh),(4/3)*(lane_off+(L57))^1.5/SQRT(a_sh),(4/3)*(v_sh^2/a_sh)^1.5/SQRT(a_sh)+((lane_off+(L57))^2-(v_sh^2/a_sh)^2)/(2*v_sh)+(v_sh/a_sh)*((lane_off+(L57))-(v_sh^2/a_sh))))-(IF((lane_off)<=(v_sh^2/a_sh),(4/3)*(lane_off)^1.5/SQRT(a_sh),(4/3)*(v_sh^2/a_sh)^1.5/SQRT(a_sh)+((lane_off)^2-(v_sh^2/a_sh)^2)/(2*v_sh)+(v_sh/a_sh)*((lane_off)-(v_sh^2/a_sh)))))/(L57) -> 7.5324452 | N57: =IF(((B57-1)*u_d/2*(1+f_hc)+lane_off)<=0,0,IF(((B57-1)*u_d/2*(1+f_hc)+lane_off)>=v_sh^2/a_sh,((B57-1)*u_d/2*(1+f_hc)+lane_off)/v_sh+v_sh/a_sh,2*SQRT(((B57-1)*u_d/2*(1+f_hc)+lane_off)/a_sh))) -> 6.5142857 | O57: =2*t_sh+2*t_turn+2*M57+2*N57 -> 86.093462 | P57: =SUMPRODUCT((Tc_idx<=C57)*(ROUNDUP(lam_total*INDEX(Tc_P,C57,0)*O57/(3600*rho_max)-0.000000001,0)+(ROUNDUP(lam_total*INDEX(Tc_P,C57,0)*O57/(3600*rho_max)-0.000000001,0)<min_sh)*(min_sh-ROUNDUP(lam_total*INDEX(Tc_P,C57,0)*O57/(3600*rho_max)-0.000000001,0)))) -> 12 | Q57: =ROUNDUP(P57-0.000000001,0)+spares -> 14 | R57: =B57*C57*(2*H57-G57*lpl) -> 4800 | S57: =R57*fill -> 4080 | T57: =I57*J57 -> 726.7 | U57: =T57*(K57+headroom) -> 16714.1 | V57: =G57*c_lift -> 300000 | W57: =Q57*c_shut -> 700000 | X57: =R57*c_pos -> 480000 | Y57: =T57*c_m2+U57*c_m3 -> 792103 | Z57: =SUM(V57:Y57) -> 2272103 | AA57: =B57*u_d/(H57*u_w) -> 0.18139535 | AB57: =IF(G57=0,0,F57/G57) -> 0.37880952 | AC57: =IF(G57>1,F57/(G57-1),"n/a") -> 0.75761905 | AD57: =moves_day*m_pallet*9.81*INDEX(Tc_mh,C57)/3600000 -> 13.49856 | AE57: =IF(AND(K57<=H_max,H57<=300,G57<=6,NOT(AND(env_use="Yes",NOT(OR(AND(I57<=L_bldg,J57<=W_bldg),AND(I57<=W_bldg,J57<=L_bldg))))),OR(lane_policy="Free (optimize N_C)",AND(B57=sku_pal,A57<=20))),1,0) -> 0 | AF57: =IF(obj_mode="Total cost",Z57,IF(obj_mode="Shuttle cycle",O57,T57)) -> 2272103 | AG57: =IF(AE57=1,AF57*(1+A57*0.0000000001),1E+99) -> 1e+99 | AH57: =IF(AE57=1,"",TRIM(IF(K57>H_max,"height ","")&IF(AND(env_use="Yes",NOT(OR(AND(I57<=L_bldg,J57<=W_bldg),AND(I57<=W_bldg,J57<=L_bldg)))),"footprint ","")&IF(H57>300,"lanes>300 ","")&IF(G57>6,"lifts>6 ","")&IF(AND(lane_policy<>"Free (optimize N_C)",B57<>sku_pal),"lane policy ","")&IF(AND(lane_policy<>"Free (optimize N_C)",B57=sku_pal,A57>20),"duplicate",""))) -> height duplicate | AI57: =(MAX(0,K57/H_max-1)+IF(env_use="Yes",MIN(MAX(0,I57/L_bldg-1)+MAX(0,J57/W_bldg-1),MAX(0,I57/W_bldg-1)+MAX(0,J57/L_bldg-1)),0)+MAX(0,H57/300-1)+MAX(0,G57/6-1)+IF(AND(lane_policy<>"Free (optimize N_C)",B57<>sku_pal),1000,0))*1000000000000000+AF57*(1+A57*0.0000000001) -> 7.5000002e+13
A58: 51 | B58: =$D$3 -> 6 | C58: 11 | D58: =INDEX(Tc_pl,C58) -> 0.6 | E58: =INDEX(Tc_S,C58) -> 45.63631 | F58: =lam_total*D58*E58/3600 -> 0.76060516 | G58: =IF(F58<=0.000000000001,0,MAX(ROUNDUP(F58/rho_max-0.000000001,0),IF(redund="Yes",ROUNDUP(F58/rho_fail-0.000000001,0)+1,0))) -> 2 | H58: =MAX(1,ROUNDUP((P_req/(B58*C58)+G58*lpl)/2-0.000000001,0)) -> 39 | I58: =H58*u_w -> 39 | J58: =2*B58*u_d+aisle_w -> 16.9 | K58: =C58*u_h -> 23.65 | L58: =IF(G58=0,I58,I58/(2*G58)) -> 9.75 | M58: =((IF((lane_off+(L58))<=(v_sh^2/a_sh),(4/3)*(lane_off+(L58))^1.5/SQRT(a_sh),(4/3)*(v_sh^2/a_sh)^1.5/SQRT(a_sh)+((lane_off+(L58))^2-(v_sh^2/a_sh)^2)/(2*v_sh)+(v_sh/a_sh)*((lane_off+(L58))-(v_sh^2/a_sh))))-(IF((lane_off)<=(v_sh^2/a_sh),(4/3)*(lane_off)^1.5/SQRT(a_sh),(4/3)*(v_sh^2/a_sh)^1.5/SQRT(a_sh)+((lane_off)^2-(v_sh^2/a_sh)^2)/(2*v_sh)+(v_sh/a_sh)*((lane_off)-(v_sh^2/a_sh)))))/(L58) -> 7.1716704 | N58: =IF(((B58-1)*u_d/2*(1+f_hc)+lane_off)<=0,0,IF(((B58-1)*u_d/2*(1+f_hc)+lane_off)>=v_sh^2/a_sh,((B58-1)*u_d/2*(1+f_hc)+lane_off)/v_sh+v_sh/a_sh,2*SQRT(((B58-1)*u_d/2*(1+f_hc)+lane_off)/a_sh))) -> 6.5142857 | O58: =2*t_sh+2*t_turn+2*M58+2*N58 -> 85.371912 | P58: =SUMPRODUCT((Tc_idx<=C58)*(ROUNDUP(lam_total*INDEX(Tc_P,C58,0)*O58/(3600*rho_max)-0.000000001,0)+(ROUNDUP(lam_total*INDEX(Tc_P,C58,0)*O58/(3600*rho_max)-0.000000001,0)<min_sh)*(min_sh-ROUNDUP(lam_total*INDEX(Tc_P,C58,0)*O58/(3600*rho_max)-0.000000001,0)))) -> 13 | Q58: =ROUNDUP(P58-0.000000001,0)+spares -> 15 | R58: =B58*C58*(2*H58-G58*lpl) -> 4752 | S58: =R58*fill -> 4039.2 | T58: =I58*J58 -> 659.1 | U58: =T58*(K58+headroom) -> 16576.365 | V58: =G58*c_lift -> 300000 | W58: =Q58*c_shut -> 750000 | X58: =R58*c_pos -> 475200 | Y58: =T58*c_m2+U58*c_m3 -> 760930.95 | Z58: =SUM(V58:Y58) -> 2286131 | AA58: =B58*u_d/(H58*u_w) -> 0.2 | AB58: =IF(G58=0,0,F58/G58) -> 0.38030258 | AC58: =IF(G58>1,F58/(G58-1),"n/a") -> 0.76060516 | AD58: =moves_day*m_pallet*9.81*INDEX(Tc_mh,C58)/3600000 -> 13.77978 | AE58: =IF(AND(K58<=H_max,H58<=300,G58<=6,NOT(AND(env_use="Yes",NOT(OR(AND(I58<=L_bldg,J58<=W_bldg),AND(I58<=W_bldg,J58<=L_bldg))))),OR(lane_policy="Free (optimize N_C)",AND(B58=sku_pal,A58<=20))),1,0) -> 0 | AF58: =IF(obj_mode="Total cost",Z58,IF(obj_mode="Shuttle cycle",O58,T58)) -> 2286131 | AG58: =IF(AE58=1,AF58*(1+A58*0.0000000001),1E+99) -> 1e+99 | AH58: =IF(AE58=1,"",TRIM(IF(K58>H_max,"height ","")&IF(AND(env_use="Yes",NOT(OR(AND(I58<=L_bldg,J58<=W_bldg),AND(I58<=W_bldg,J58<=L_bldg)))),"footprint ","")&IF(H58>300,"lanes>300 ","")&IF(G58>6,"lifts>6 ","")&IF(AND(lane_policy<>"Free (optimize N_C)",B58<>sku_pal),"lane policy ","")&IF(AND(lane_policy<>"Free (optimize N_C)",B58=sku_pal,A58>20),"duplicate",""))) -> height duplicate | AI58: =(MAX(0,K58/H_max-1)+IF(env_use="Yes",MIN(MAX(0,I58/L_bldg-1)+MAX(0,J58/W_bldg-1),MAX(0,I58/W_bldg-1)+MAX(0,J58/L_bldg-1)),0)+MAX(0,H58/300-1)+MAX(0,G58/6-1)+IF(AND(lane_policy<>"Free (optimize N_C)",B58<>sku_pal),1000,0))*1000000000000000+AF58*(1+A58*0.0000000001) -> 1.825e+14
A59: 52 | B59: =$D$3 -> 6 | C59: 12 | D59: =INDEX(Tc_pl,C59) -> 0.6 | E59: =INDEX(Tc_S,C59) -> 45.815476 | F59: =lam_total*D59*E59/3600 -> 0.76359127 | G59: =IF(F59<=0.000000000001,0,MAX(ROUNDUP(F59/rho_max-0.000000001,0),IF(redund="Yes",ROUNDUP(F59/rho_fail-0.000000001,0)+1,0))) -> 2 | H59: =MAX(1,ROUNDUP((P_req/(B59*C59)+G59*lpl)/2-0.000000001,0)) -> 36 | I59: =H59*u_w -> 36 | J59: =2*B59*u_d+aisle_w -> 16.9 | K59: =C59*u_h -> 25.8 | L59: =IF(G59=0,I59,I59/(2*G59)) -> 9 | M59: =((IF((lane_off+(L59))<=(v_sh^2/a_sh),(4/3)*(lane_off+(L59))^1.5/SQRT(a_sh),(4/3)*(v_sh^2/a_sh)^1.5/SQRT(a_sh)+((lane_off+(L59))^2-(v_sh^2/a_sh)^2)/(2*v_sh)+(v_sh/a_sh)*((lane_off+(L59))-(v_sh^2/a_sh))))-(IF((lane_off)<=(v_sh^2/a_sh),(4/3)*(lane_off)^1.5/SQRT(a_sh),(4/3)*(v_sh^2/a_sh)^1.5/SQRT(a_sh)+((lane_off)^2-(v_sh^2/a_sh)^2)/(2*v_sh)+(v_sh/a_sh)*((lane_off)-(v_sh^2/a_sh)))))/(L59) -> 6.9005596 | N59: =IF(((B59-1)*u_d/2*(1+f_hc)+lane_off)<=0,0,IF(((B59-1)*u_d/2*(1+f_hc)+lane_off)>=v_sh^2/a_sh,((B59-1)*u_d/2*(1+f_hc)+lane_off)/v_sh+v_sh/a_sh,2*SQRT(((B59-1)*u_d/2*(1+f_hc)+lane_off)/a_sh))) -> 6.5142857 | O59: =2*t_sh+2*t_turn+2*M59+2*N59 -> 84.829691 | P59: =SUMPRODUCT((Tc_idx<=C59)*(ROUNDUP(lam_total*INDEX(Tc_P,C59,0)*O59/(3600*rho_max)-0.000000001,0)+(ROUNDUP(lam_total*INDEX(Tc_P,C59,0)*O59/(3600*rho_max)-0.000000001,0)<min_sh)*(min_sh-ROUNDUP(lam_total*INDEX(Tc_P,C59,0)*O59/(3600*rho_max)-0.000000001,0)))) -> 14 | Q59: =ROUNDUP(P59-0.000000001,0)+spares -> 16 | R59: =B59*C59*(2*H59-G59*lpl) -> 4752 | S59: =R59*fill -> 4039.2 | T59: =I59*J59 -> 608.4 | U59: =T59*(K59+headroom) -> 16609.32 | V59: =G59*c_lift -> 300000 | W59: =Q59*c_shut -> 800000 | X59: =R59*c_pos -> 475200 | Y59: =T59*c_m2+U59*c_m3 -> 741639.6 | Z59: =SUM(V59:Y59) -> 2316839.6 | AA59: =B59*u_d/(H59*u_w) -> 0.21666667 | AB59: =IF(G59=0,0,F59/G59) -> 0.38179563 | AC59: =IF(G59>1,F59/(G59-1),"n/a") -> 0.76359127 | AD59: =moves_day*m_pallet*9.81*INDEX(Tc_mh,C59)/3600000 -> 14.061 | AE59: =IF(AND(K59<=H_max,H59<=300,G59<=6,NOT(AND(env_use="Yes",NOT(OR(AND(I59<=L_bldg,J59<=W_bldg),AND(I59<=W_bldg,J59<=L_bldg))))),OR(lane_policy="Free (optimize N_C)",AND(B59=sku_pal,A59<=20))),1,0) -> 0 | AF59: =IF(obj_mode="Total cost",Z59,IF(obj_mode="Shuttle cycle",O59,T59)) -> 2316839.6 | AG59: =IF(AE59=1,AF59*(1+A59*0.0000000001),1E+99) -> 1e+99 | AH59: =IF(AE59=1,"",TRIM(IF(K59>H_max,"height ","")&IF(AND(env_use="Yes",NOT(OR(AND(I59<=L_bldg,J59<=W_bldg),AND(I59<=W_bldg,J59<=L_bldg)))),"footprint ","")&IF(H59>300,"lanes>300 ","")&IF(G59>6,"lifts>6 ","")&IF(AND(lane_policy<>"Free (optimize N_C)",B59<>sku_pal),"lane policy ","")&IF(AND(lane_policy<>"Free (optimize N_C)",B59=sku_pal,A59>20),"duplicate",""))) -> height duplicate | AI59: =(MAX(0,K59/H_max-1)+IF(env_use="Yes",MIN(MAX(0,I59/L_bldg-1)+MAX(0,J59/W_bldg-1),MAX(0,I59/W_bldg-1)+MAX(0,J59/L_bldg-1)),0)+MAX(0,H59/300-1)+MAX(0,G59/6-1)+IF(AND(lane_policy<>"Free (optimize N_C)",B59<>sku_pal),1000,0))*1000000000000000+AF59*(1+A59*0.0000000001) -> 2.9e+14
... A67: 60 | B67: =$D$3 -> 6 | C67: 20 | D67: =INDEX(Tc_pl,C67) -> 0.6 | E67: =INDEX(Tc_S,C67) -> 47.24881 | F67: =lam_total*D67*E67/3600 -> 0.78748016 | G67: =IF(F67<=0.000000000001,0,MAX(ROUNDUP(F67/rho_max-0.000000001,0),IF(redund="Yes",ROUNDUP(F67/rho_fail-0.000000001,0)+1,0))) -> 2 | H67: =MAX(1,ROUNDUP((P_req/(B67*C67)+G67*lpl)/2-0.000000001,0)) -> 23 | I67: =H67*u_w -> 23 | J67: =2*B67*u_d+aisle_w -> 16.9 | K67: =C67*u_h -> 43 | L67: =IF(G67=0,I67,I67/(2*G67)) -> 5.75 | M67: =((IF((lane_off+(L67))<=(v_sh^2/a_sh),(4/3)*(lane_off+(L67))^1.5/SQRT(a_sh),(4/3)*(v_sh^2/a_sh)^1.5/SQRT(a_sh)+((lane_off+(L67))^2-(v_sh^2/a_sh)^2)/(2*v_sh)+(v_sh/a_sh)*((lane_off+(L67))-(v_sh^2/a_sh))))-(IF((lane_off)<=(v_sh^2/a_sh),(4/3)*(lane_off)^1.5/SQRT(a_sh),(4/3)*(v_sh^2/a_sh)^1.5/SQRT(a_sh)+((lane_off)^2-(v_sh^2/a_sh)^2)/(2*v_sh)+(v_sh/a_sh)*((lane_off)-(v_sh^2/a_sh)))))/(L67) -> 5.715938 | N67: =IF(((B67-1)*u_d/2*(1+f_hc)+lane_off)<=0,0,IF(((B67-1)*u_d/2*(1+f_hc)+lane_off)>=v_sh^2/a_sh,((B67-1)*u_d/2*(1+f_hc)+lane_off)/v_sh+v_sh/a_sh,2*SQRT(((B67-1)*u_d/2*(1+f_hc)+lane_off)/a_sh))) -> 6.5142857 | O67: =2*t_sh+2*t_turn+2*M67+2*N67 -> 82.460447 | P67: =SUMPRODUCT((Tc_idx<=C67)*(ROUNDUP(lam_total*INDEX(Tc_P,C67,0)*O67/(3600*rho_max)-0.000000001,0)+(ROUNDUP(lam_total*INDEX(Tc_P,C67,0)*O67/(3600*rho_max)-0.000000001,0)<min_sh)*(min_sh-ROUNDUP(lam_total*INDEX(Tc_P,C67,0)*O67/(3600*rho_max)-0.000000001,0)))) -> 22 | Q67: =ROUNDUP(P67-0.000000001,0)+spares -> 24 | R67: =B67*C67*(2*H67-G67*lpl) -> 4800 | S67: =R67*fill -> 4080 | T67: =I67*J67 -> 388.7 | U67: =T67*(K67+headroom) -> 17297.15 | V67: =G67*c_lift -> 300000 | W67: =Q67*c_shut -> 1200000 | X67: =R67*c_pos -> 480000 | Y67: =T67*c_m2+U67*c_m3 -> 674394.5 | Z67: =SUM(V67:Y67) -> 2654394.5 | AA67: =B67*u_d/(H67*u_w) -> 0.33913043 | AB67: =IF(G67=0,0,F67/G67) -> 0.39374008 | AC67: =IF(G67>1,F67/(G67-1),"n/a") -> 0.78748016 | AD67: =moves_day*m_pallet*9.81*INDEX(Tc_mh,C67)/3600000 -> 16.31076 | AE67: =IF(AND(K67<=H_max,H67<=300,G67<=6,NOT(AND(env_use="Yes",NOT(OR(AND(I67<=L_bldg,J67<=W_bldg),AND(I67<=W_bldg,J67<=L_bldg))))),OR(lane_policy="Free (optimize N_C)",AND(B67=sku_pal,A67<=20))),1,0) -> 0 | AF67: =IF(obj_mode="Total cost",Z67,IF(obj_mode="Shuttle cycle",O67,T67)) -> 2654394.5 | AG67: =IF(AE67=1,AF67*(1+A67*0.0000000001),1E+99) -> 1e+99 | AH67: =IF(AE67=1,"",TRIM(IF(K67>H_max,"height ","")&IF(AND(env_use="Yes",NOT(OR(AND(I67<=L_bldg,J67<=W_bldg),AND(I67<=W_bldg,J67<=L_bldg)))),"footprint ","")&IF(H67>300,"lanes>300 ","")&IF(G67>6,"lifts>6 ","")&IF(AND(lane_policy<>"Free (optimize N_C)",B67<>sku_pal),"lane policy ","")&IF(AND(lane_policy<>"Free (optimize N_C)",B67=sku_pal,A67>20),"duplicate",""))) -> height duplicate | AI67: =(MAX(0,K67/H_max-1)+IF(env_use="Yes",MIN(MAX(0,I67/L_bldg-1)+MAX(0,J67/W_bldg-1),MAX(0,I67/W_bldg-1)+MAX(0,J67/L_bldg-1)),0)+MAX(0,H67/300-1)+MAX(0,G67/6-1)+IF(AND(lane_policy<>"Free (optimize N_C)",B67<>sku_pal),1000,0))*1000000000000000+AF67*(1+A67*0.0000000001) -> 1.15e+15
A68: 61 | B68: =$E$3 -> 6 | C68: 1 | D68: =INDEX(Tc_pl,C68) -> 0 | E68: =INDEX(Tc_S,C68) -> 0 | F68: =lam_total*D68*E68/3600 -> 0 | G68: =IF(F68<=0.000000000001,0,MAX(ROUNDUP(F68/rho_max-0.000000001,0),IF(redund="Yes",ROUNDUP(F68/rho_fail-0.000000001,0)+1,0))) -> 0 | H68: =MAX(1,ROUNDUP((P_req/(B68*C68)+G68*lpl)/2-0.000000001,0)) -> 393 | I68: =H68*u_w -> 393 | J68: =2*B68*u_d+aisle_w -> 16.9 | K68: =C68*u_h -> 2.15 | L68: =IF(G68=0,I68,I68/(2*G68)) -> 393 | M68: =((IF((lane_off+(L68))<=(v_sh^2/a_sh),(4/3)*(lane_off+(L68))^1.5/SQRT(a_sh),(4/3)*(v_sh^2/a_sh)^1.5/SQRT(a_sh)+((lane_off+(L68))^2-(v_sh^2/a_sh)^2)/(2*v_sh)+(v_sh/a_sh)*((lane_off+(L68))-(v_sh^2/a_sh))))-(IF((lane_off)<=(v_sh^2/a_sh),(4/3)*(lane_off)^1.5/SQRT(a_sh),(4/3)*(v_sh^2/a_sh)^1.5/SQRT(a_sh)+((lane_off)^2-(v_sh^2/a_sh)^2)/(2*v_sh)+(v_sh/a_sh)*((lane_off)-(v_sh^2/a_sh)))))/(L68) -> 144.08475 | N68: =IF(((B68-1)*u_d/2*(1+f_hc)+lane_off)<=0,0,IF(((B68-1)*u_d/2*(1+f_hc)+lane_off)>=v_sh^2/a_sh,((B68-1)*u_d/2*(1+f_hc)+lane_off)/v_sh+v_sh/a_sh,2*SQRT(((B68-1)*u_d/2*(1+f_hc)+lane_off)/a_sh))) -> 6.5142857 | O68: =2*t_sh+2*t_turn+2*M68+2*N68 -> 359.19806 | P68: =SUMPRODUCT((Tc_idx<=C68)*(ROUNDUP(lam_total*INDEX(Tc_P,C68,0)*O68/(3600*rho_max)-0.000000001,0)+(ROUNDUP(lam_total*INDEX(Tc_P,C68,0)*O68/(3600*rho_max)-0.000000001,0)<min_sh)*(min_sh-ROUNDUP(lam_total*INDEX(Tc_P,C68,0)*O68/(3600*rho_max)-0.000000001,0)))) -> 14 | Q68: =ROUNDUP(P68-0.000000001,0)+spares -> 16 | R68: =B68*C68*(2*H68-G68*lpl) -> 4716 | S68: =R68*fill -> 4008.6 | T68: =I68*J68 -> 6641.7 | U68: =T68*(K68+headroom) -> 24242.205 | V68: =G68*c_lift -> 0 | W68: =Q68*c_shut -> 800000 | X68: =R68*c_pos -> 471600 | Y68: =T68*c_m2+U68*c_m3 -> 3383946.2 | Z68: =SUM(V68:Y68) -> 4655546.2 | AA68: =B68*u_d/(H68*u_w) -> 0.019847328 | AB68: =IF(G68=0,0,F68/G68) -> 0 | AC68: =IF(G68>1,F68/(G68-1),"n/a") -> n/a | AD68: =moves_day*m_pallet*9.81*INDEX(Tc_mh,C68)/3600000 -> 0 | AE68: =IF(AND(K68<=H_max,H68<=300,G68<=6,NOT(AND(env_use="Yes",NOT(OR(AND(I68<=L_bldg,J68<=W_bldg),AND(I68<=W_bldg,J68<=L_bldg))))),OR(lane_policy="Free (optimize N_C)",AND(B68=sku_pal,A68<=20))),1,0) -> 0 | AF68: =IF(obj_mode="Total cost",Z68,IF(obj_mode="Shuttle cycle",O68,T68)) -> 4655546.2 | AG68: =IF(AE68=1,AF68*(1+A68*0.0000000001),1E+99) -> 1e+99 | AH68: =IF(AE68=1,"",TRIM(IF(K68>H_max,"height ","")&IF(AND(env_use="Yes",NOT(OR(AND(I68<=L_bldg,J68<=W_bldg),AND(I68<=W_bldg,J68<=L_bldg)))),"footprint ","")&IF(H68>300,"lanes>300 ","")&IF(G68>6,"lifts>6 ","")&IF(AND(lane_policy<>"Free (optimize N_C)",B68<>sku_pal),"lane policy ","")&IF(AND(lane_policy<>"Free (optimize N_C)",B68=sku_pal,A68>20),"duplicate",""))) -> footprint lanes>300 duplicate | AI68: =(MAX(0,K68/H_max-1)+IF(env_use="Yes",MIN(MAX(0,I68/L_bldg-1)+MAX(0,J68/W_bldg-1),MAX(0,I68/W_bldg-1)+MAX(0,J68/L_bldg-1)),0)+MAX(0,H68/300-1)+MAX(0,G68/6-1)+IF(AND(lane_policy<>"Free (optimize N_C)",B68<>sku_pal),1000,0))*1000000000000000+AF68*(1+A68*0.0000000001) -> 5.86e+15
A69: 62 | B69: =$E$3 -> 6 | C69: 2 | D69: =INDEX(Tc_pl,C69) -> 0.5 | E69: =INDEX(Tc_S,C69) -> 41.157143 | F69: =lam_total*D69*E69/3600 -> 0.57162698 | G69: =IF(F69<=0.000000000001,0,MAX(ROUNDUP(F69/rho_max-0.000000001,0),IF(redund="Yes",ROUNDUP(F69/rho_fail-0.000000001,0)+1,0))) -> 2 | H69: =MAX(1,ROUNDUP((P_req/(B69*C69)+G69*lpl)/2-0.000000001,0)) -> 200 | I69: =H69*u_w -> 200 | J69: =2*B69*u_d+aisle_w -> 16.9 | K69: =C69*u_h -> 4.3 | L69: =IF(G69=0,I69,I69/(2*G69)) -> 50 | M69: =((IF((lane_off+(L69))<=(v_sh^2/a_sh),(4/3)*(lane_off+(L69))^1.5/SQRT(a_sh),(4/3)*(v_sh^2/a_sh)^1.5/SQRT(a_sh)+((lane_off+(L69))^2-(v_sh^2/a_sh)^2)/(2*v_sh)+(v_sh/a_sh)*((lane_off+(L69))-(v_sh^2/a_sh))))-(IF((lane_off)<=(v_sh^2/a_sh),(4/3)*(lane_off)^1.5/SQRT(a_sh),(4/3)*(v_sh^2/a_sh)^1.5/SQRT(a_sh)+((lane_off)^2-(v_sh^2/a_sh)^2)/(2*v_sh)+(v_sh/a_sh)*((lane_off)-(v_sh^2/a_sh)))))/(L69) -> 21.578101 | N69: =IF(((B69-1)*u_d/2*(1+f_hc)+lane_off)<=0,0,IF(((B69-1)*u_d/2*(1+f_hc)+lane_off)>=v_sh^2/a_sh,((B69-1)*u_d/2*(1+f_hc)+lane_off)/v_sh+v_sh/a_sh,2*SQRT(((B69-1)*u_d/2*(1+f_hc)+lane_off)/a_sh))) -> 6.5142857 | O69: =2*t_sh+2*t_turn+2*M69+2*N69 -> 114.18477 | P69: =SUMPRODUCT((Tc_idx<=C69)*(ROUNDUP(lam_total*INDEX(Tc_P,C69,0)*O69/(3600*rho_max)-0.000000001,0)+(ROUNDUP(lam_total*INDEX(Tc_P,C69,0)*O69/(3600*rho_max)-0.000000001,0)<min_sh)*(min_sh-ROUNDUP(lam_total*INDEX(Tc_P,C69,0)*O69/(3600*rho_max)-0.000000001,0)))) -> 6 | Q69: =ROUNDUP(P69-0.000000001,0)+spares -> 8 | R69: =B69*C69*(2*H69-G69*lpl) -> 4728 | S69: =R69*fill -> 4018.8 | T69: =I69*J69 -> 3380 | U69: =T69*(K69+headroom) -> 19604 | V69: =G69*c_lift -> 300000 | W69: =Q69*c_shut -> 400000 | X69: =R69*c_pos -> 472800 | Y69: =T69*c_m2+U69*c_m3 -> 1940120 | Z69: =SUM(V69:Y69) -> 3112920 | AA69: =B69*u_d/(H69*u_w) -> 0.039 | AB69: =IF(G69=0,0,F69/G69) -> 0.28581349 | AC69: =IF(G69>1,F69/(G69-1),"n/a") -> 0.57162698 | AD69: =moves_day*m_pallet*9.81*INDEX(Tc_mh,C69)/3600000 -> 5.6244 | AE69: =IF(AND(K69<=H_max,H69<=300,G69<=6,NOT(AND(env_use="Yes",NOT(OR(AND(I69<=L_bldg,J69<=W_bldg),AND(I69<=W_bldg,J69<=L_bldg))))),OR(lane_policy="Free (optimize N_C)",AND(B69=sku_pal,A69<=20))),1,0) -> 0 | AF69: =IF(obj_mode="Total cost",Z69,IF(obj_mode="Shuttle cycle",O69,T69)) -> 3112920 | AG69: =IF(AE69=1,AF69*(1+A69*0.0000000001),1E+99) -> 1e+99 | AH69: =IF(AE69=1,"",TRIM(IF(K69>H_max,"height ","")&IF(AND(env_use="Yes",NOT(OR(AND(I69<=L_bldg,J69<=W_bldg),AND(I69<=W_bldg,J69<=L_bldg)))),"footprint ","")&IF(H69>300,"lanes>300 ","")&IF(G69>6,"lifts>6 ","")&IF(AND(lane_policy<>"Free (optimize N_C)",B69<>sku_pal),"lane policy ","")&IF(AND(lane_policy<>"Free (optimize N_C)",B69=sku_pal,A69>20),"duplicate",""))) -> footprint duplicate | AI69: =(MAX(0,K69/H_max-1)+IF(env_use="Yes",MIN(MAX(0,I69/L_bldg-1)+MAX(0,J69/W_bldg-1),MAX(0,I69/W_bldg-1)+MAX(0,J69/L_bldg-1)),0)+MAX(0,H69/300-1)+MAX(0,G69/6-1)+IF(AND(lane_policy<>"Free (optimize N_C)",B69<>sku_pal),1000,0))*1000000000000000+AF69*(1+A69*0.0000000001) -> 2.3333333e+15
A70: 63 | B70: =$E$3 -> 6 | C70: 3 | D70: =INDEX(Tc_pl,C70) -> 0.52941176 | E70: =INDEX(Tc_S,C70) -> 41.634921 | F70: =lam_total*D70*E70/3600 -> 0.61227824 | G70: =IF(F70<=0.000000000001,0,MAX(ROUNDUP(F70/rho_max-0.000000001,0),IF(redund="Yes",ROUNDUP(F70/rho_fail-0.000000001,0)+1,0))) -> 2 | H70: =MAX(1,ROUNDUP((P_req/(B70*C70)+G70*lpl)/2-0.000000001,0)) -> 134 | I70: =H70*u_w -> 134 | J70: =2*B70*u_d+aisle_w -> 16.9 | K70: =C70*u_h -> 6.45 | L70: =IF(G70=0,I70,I70/(2*G70)) -> 33.5 | M70: =((IF((lane_off+(L70))<=(v_sh^2/a_sh),(4/3)*(lane_off+(L70))^1.5/SQRT(a_sh),(4/3)*(v_sh^2/a_sh)^1.5/SQRT(a_sh)+((lane_off+(L70))^2-(v_sh^2/a_sh)^2)/(2*v_sh)+(v_sh/a_sh)*((lane_off+(L70))-(v_sh^2/a_sh))))-(IF((lane_off)<=(v_sh^2/a_sh),(4/3)*(lane_off)^1.5/SQRT(a_sh),(4/3)*(v_sh^2/a_sh)^1.5/SQRT(a_sh)+((lane_off)^2-(v_sh^2/a_sh)^2)/(2*v_sh)+(v_sh/a_sh)*((lane_off)-(v_sh^2/a_sh)))))/(L70) -> 15.681494 | N70: =IF(((B70-1)*u_d/2*(1+f_hc)+lane_off)<=0,0,IF(((B70-1)*u_d/2*(1+f_hc)+lane_off)>=v_sh^2/a_sh,((B70-1)*u_d/2*(1+f_hc)+lane_off)/v_sh+v_sh/a_sh,2*SQRT(((B70-1)*u_d/2*(1+f_hc)+lane_off)/a_sh))) -> 6.5142857 | O70: =2*t_sh+2*t_turn+2*M70+2*N70 -> 102.39156 | P70: =SUMPRODUCT((Tc_idx<=C70)*(ROUNDUP(lam_total*INDEX(Tc_P,C70,0)*O70/(3600*rho_max)-0.000000001,0)+(ROUNDUP(lam_total*INDEX(Tc_P,C70,0)*O70/(3600*rho_max)-0.000000001,0)<min_sh)*(min_sh-ROUNDUP(lam_total*INDEX(Tc_P,C70,0)*O70/(3600*rho_max)-0.000000001,0)))) -> 5 | Q70: =ROUNDUP(P70-0.000000001,0)+spares -> 7 | R70: =B70*C70*(2*H70-G70*lpl) -> 4716 | S70: =R70*fill -> 4008.6 | T70: =I70*J70 -> 2264.6 | U70: =T70*(K70+headroom) -> 18003.57 | V70: =G70*c_lift -> 300000 | W70: =Q70*c_shut -> 350000 | X70: =R70*c_pos -> 471600 | Y70: =T70*c_m2+U70*c_m3 -> 1445947.1 | Z70: =SUM(V70:Y70) -> 2567547.1 | AA70: =B70*u_d/(H70*u_w) -> 0.058208955 | AB70: =IF(G70=0,0,F70/G70) -> 0.30613912 | AC70: =IF(G70>1,F70/(G70-1),"n/a") -> 0.61227824 | AD70: =moves_day*m_pallet*9.81*INDEX(Tc_mh,C70)/3600000 -> 6.6169412 | AE70: =IF(AND(K70<=H_max,H70<=300,G70<=6,NOT(AND(env_use="Yes",NOT(OR(AND(I70<=L_bldg,J70<=W_bldg),AND(I70<=W_bldg,J70<=L_bldg))))),OR(lane_policy="Free (optimize N_C)",AND(B70=sku_pal,A70<=20))),1,0) -> 0 | AF70: =IF(obj_mode="Total cost",Z70,IF(obj_mode="Shuttle cycle",O70,T70)) -> 2567547.1 | AG70: =IF(AE70=1,AF70*(1+A70*0.0000000001),1E+99) -> 1e+99 | AH70: =IF(AE70=1,"",TRIM(IF(K70>H_max,"height ","")&IF(AND(env_use="Yes",NOT(OR(AND(I70<=L_bldg,J70<=W_bldg),AND(I70<=W_bldg,J70<=L_bldg)))),"footprint ","")&IF(H70>300,"lanes>300 ","")&IF(G70>6,"lifts>6 ","")&IF(AND(lane_policy<>"Free (optimize N_C)",B70<>sku_pal),"lane policy ","")&IF(AND(lane_policy<>"Free (optimize N_C)",B70=sku_pal,A70>20),"duplicate",""))) -> footprint duplicate | AI70: =(MAX(0,K70/H_max-1)+IF(env_use="Yes",MIN(MAX(0,I70/L_bldg-1)+MAX(0,J70/W_bldg-1),MAX(0,I70/W_bldg-1)+MAX(0,J70/L_bldg-1)),0)+MAX(0,H70/300-1)+MAX(0,G70/6-1)+IF(AND(lane_policy<>"Free (optimize N_C)",B70<>sku_pal),1000,0))*1000000000000000+AF70*(1+A70*0.0000000001) -> 1.2333333e+15
A71: 64 | B71: =$E$3 -> 6 | C71: 4 | D71: =INDEX(Tc_pl,C71) -> 0.55555556 | E71: =INDEX(Tc_S,C71) -> 42.447143 | F71: =lam_total*D71*E71/3600 -> 0.6550485 | G71: =IF(F71<=0.000000000001,0,MAX(ROUNDUP(F71/rho_max-0.000000001,0),IF(redund="Yes",ROUNDUP(F71/rho_fail-0.000000001,0)+1,0))) -> 2 | H71: =MAX(1,ROUNDUP((P_req/(B71*C71)+G71*lpl)/2-0.000000001,0)) -> 102 | I71: =H71*u_w -> 102 | J71: =2*B71*u_d+aisle_w -> 16.9 | K71: =C71*u_h -> 8.6 | L71: =IF(G71=0,I71,I71/(2*G71)) -> 25.5 | M71: =((IF((lane_off+(L71))<=(v_sh^2/a_sh),(4/3)*(lane_off+(L71))^1.5/SQRT(a_sh),(4/3)*(v_sh^2/a_sh)^1.5/SQRT(a_sh)+((lane_off+(L71))^2-(v_sh^2/a_sh)^2)/(2*v_sh)+(v_sh/a_sh)*((lane_off+(L71))-(v_sh^2/a_sh))))-(IF((lane_off)<=(v_sh^2/a_sh),(4/3)*(lane_off)^1.5/SQRT(a_sh),(4/3)*(v_sh^2/a_sh)^1.5/SQRT(a_sh)+((lane_off)^2-(v_sh^2/a_sh)^2)/(2*v_sh)+(v_sh/a_sh)*((lane_off)-(v_sh^2/a_sh)))))/(L71) -> 12.820786 | N71: =IF(((B71-1)*u_d/2*(1+f_hc)+lane_off)<=0,0,IF(((B71-1)*u_d/2*(1+f_hc)+lane_off)>=v_sh^2/a_sh,((B71-1)*u_d/2*(1+f_hc)+lane_off)/v_sh+v_sh/a_sh,2*SQRT(((B71-1)*u_d/2*(1+f_hc)+lane_off)/a_sh))) -> 6.5142857 | O71: =2*t_sh+2*t_turn+2*M71+2*N71 -> 96.670143 | P71: =SUMPRODUCT((Tc_idx<=C71)*(ROUNDUP(lam_total*INDEX(Tc_P,C71,0)*O71/(3600*rho_max)-0.000000001,0)+(ROUNDUP(lam_total*INDEX(Tc_P,C71,0)*O71/(3600*rho_max)-0.000000001,0)<min_sh)*(min_sh-ROUNDUP(lam_total*INDEX(Tc_P,C71,0)*O71/(3600*rho_max)-0.000000001,0)))) -> 6 | Q71: =ROUNDUP(P71-0.000000001,0)+spares -> 8 | R71: =B71*C71*(2*H71-G71*lpl) -> 4752 | S71: =R71*fill -> 4039.2 | T71: =I71*J71 -> 1723.8 | U71: =T71*(K71+headroom) -> 17410.38 | V71: =G71*c_lift -> 300000 | W71: =Q71*c_shut -> 400000 | X71: =R71*c_pos -> 475200 | Y71: =T71*c_m2+U71*c_m3 -> 1211831.4 | Z71: =SUM(V71:Y71) -> 2387031.4 | AA71: =B71*u_d/(H71*u_w) -> 0.076470588 | AB71: =IF(G71=0,0,F71/G71) -> 0.32752425 | AC71: =IF(G71>1,F71/(G71-1),"n/a") -> 0.6550485 | AD71: =moves_day*m_pallet*9.81*INDEX(Tc_mh,C71)/3600000 -> 8.1241333 | AE71: =IF(AND(K71<=H_max,H71<=300,G71<=6,NOT(AND(env_use="Yes",NOT(OR(AND(I71<=L_bldg,J71<=W_bldg),AND(I71<=W_bldg,J71<=L_bldg))))),OR(lane_policy="Free (optimize N_C)",AND(B71=sku_pal,A71<=20))),1,0) -> 0 | AF71: =IF(obj_mode="Total cost",Z71,IF(obj_mode="Shuttle cycle",O71,T71)) -> 2387031.4 | AG71: =IF(AE71=1,AF71*(1+A71*0.0000000001),1E+99) -> 1e+99 | AH71: =IF(AE71=1,"",TRIM(IF(K71>H_max,"height ","")&IF(AND(env_use="Yes",NOT(OR(AND(I71<=L_bldg,J71<=W_bldg),AND(I71<=W_bldg,J71<=L_bldg)))),"footprint ","")&IF(H71>300,"lanes>300 ","")&IF(G71>6,"lifts>6 ","")&IF(AND(lane_policy<>"Free (optimize N_C)",B71<>sku_pal),"lane policy ","")&IF(AND(lane_policy<>"Free (optimize N_C)",B71=sku_pal,A71>20),"duplicate",""))) -> footprint duplicate | AI71: =(MAX(0,K71/H_max-1)+IF(env_use="Yes",MIN(MAX(0,I71/L_bldg-1)+MAX(0,J71/W_bldg-1),MAX(0,I71/W_bldg-1)+MAX(0,J71/L_bldg-1)),0)+MAX(0,H71/300-1)+MAX(0,G71/6-1)+IF(AND(lane_policy<>"Free (optimize N_C)",B71<>sku_pal),1000,0))*1000000000000000+AF71*(1+A71*0.0000000001) -> 7e+14
A72: 65 | B72: =$E$3 -> 6 | C72: 5 | D72: =INDEX(Tc_pl,C72) -> 0.57894737 | E72: =INDEX(Tc_S,C72) -> 43.502597 | F72: =lam_total*D72*E72/3600 -> 0.69960317 | G72: =IF(F72<=0.000000000001,0,MAX(ROUNDUP(F72/rho_max-0.000000001,0),IF(redund="Yes",ROUNDUP(F72/rho_fail-0.000000001,0)+1,0))) -> 2 | H72: =MAX(1,ROUNDUP((P_req/(B72*C72)+G72*lpl)/2-0.000000001,0)) -> 82 | I72: =H72*u_w -> 82 | J72: =2*B72*u_d+aisle_w -> 16.9 | K72: =C72*u_h -> 10.75 | L72: =IF(G72=0,I72,I72/(2*G72)) -> 20.5 | M72: =((IF((lane_off+(L72))<=(v_sh^2/a_sh),(4/3)*(lane_off+(L72))^1.5/SQRT(a_sh),(4/3)*(v_sh^2/a_sh)^1.5/SQRT(a_sh)+((lane_off+(L72))^2-(v_sh^2/a_sh)^2)/(2*v_sh)+(v_sh/a_sh)*((lane_off+(L72))-(v_sh^2/a_sh))))-(IF((lane_off)<=(v_sh^2/a_sh),(4/3)*(lane_off)^1.5/SQRT(a_sh),(4/3)*(v_sh^2/a_sh)^1.5/SQRT(a_sh)+((lane_off)^2-(v_sh^2/a_sh)^2)/(2*v_sh)+(v_sh/a_sh)*((lane_off)-(v_sh^2/a_sh)))))/(L72) -> 11.03143 | N72: =IF(((B72-1)*u_d/2*(1+f_hc)+lane_off)<=0,0,IF(((B72-1)*u_d/2*(1+f_hc)+lane_off)>=v_sh^2/a_sh,((B72-1)*u_d/2*(1+f_hc)+lane_off)/v_sh+v_sh/a_sh,2*SQRT(((B72-1)*u_d/2*(1+f_hc)+lane_off)/a_sh))) -> 6.5142857 | O72: =2*t_sh+2*t_turn+2*M72+2*N72 -> 93.091432 | P72: =SUMPRODUCT((Tc_idx<=C72)*(ROUNDUP(lam_total*INDEX(Tc_P,C72,0)*O72/(3600*rho_max)-0.000000001,0)+(ROUNDUP(lam_total*INDEX(Tc_P,C72,0)*O72/(3600*rho_max)-0.000000001,0)<min_sh)*(min_sh-ROUNDUP(lam_total*INDEX(Tc_P,C72,0)*O72/(3600*rho_max)-0.000000001,0)))) -> 7 | Q72: =ROUNDUP(P72-0.000000001,0)+spares -> 9 | R72: =B72*C72*(2*H72-G72*lpl) -> 4740 | S72: =R72*fill -> 4029 | T72: =I72*J72 -> 1385.8 | U72: =T72*(K72+headroom) -> 16976.05 | V72: =G72*c_lift -> 300000 | W72: =Q72*c_shut -> 450000 | X72: =R72*c_pos -> 474000 | Y72: =T72*c_m2+U72*c_m3 -> 1063601.5 | Z72: =SUM(V72:Y72) -> 2287601.5 | AA72: =B72*u_d/(H72*u_w) -> 0.095121951 | AB72: =IF(G72=0,0,F72/G72) -> 0.34980159 | AC72: =IF(G72>1,F72/(G72-1),"n/a") -> 0.69960317 | AD72: =moves_day*m_pallet*9.81*INDEX(Tc_mh,C72)/3600000 -> 10.064716 | AE72: =IF(AND(K72<=H_max,H72<=300,G72<=6,NOT(AND(env_use="Yes",NOT(OR(AND(I72<=L_bldg,J72<=W_bldg),AND(I72<=W_bldg,J72<=L_bldg))))),OR(lane_policy="Free (optimize N_C)",AND(B72=sku_pal,A72<=20))),1,0) -> 0 | AF72: =IF(obj_mode="Total cost",Z72,IF(obj_mode="Shuttle cycle",O72,T72)) -> 2287601.5 | AG72: =IF(AE72=1,AF72*(1+A72*0.0000000001),1E+99) -> 1e+99 | AH72: =IF(AE72=1,"",TRIM(IF(K72>H_max,"height ","")&IF(AND(env_use="Yes",NOT(OR(AND(I72<=L_bldg,J72<=W_bldg),AND(I72<=W_bldg,J72<=L_bldg)))),"footprint ","")&IF(H72>300,"lanes>300 ","")&IF(G72>6,"lifts>6 ","")&IF(AND(lane_policy<>"Free (optimize N_C)",B72<>sku_pal),"lane policy ","")&IF(AND(lane_policy<>"Free (optimize N_C)",B72=sku_pal,A72>20),"duplicate",""))) -> footprint duplicate | AI72: =(MAX(0,K72/H_max-1)+IF(env_use="Yes",MIN(MAX(0,I72/L_bldg-1)+MAX(0,J72/W_bldg-1),MAX(0,I72/W_bldg-1)+MAX(0,J72/L_bldg-1)),0)+MAX(0,H72/300-1)+MAX(0,G72/6-1)+IF(AND(lane_policy<>"Free (optimize N_C)",B72<>sku_pal),1000,0))*1000000000000000+AF72*(1+A72*0.0000000001) -> 3.6666667e+14
A73: 66 | B73: =$E$3 -> 6 | C73: 6 | D73: =INDEX(Tc_pl,C73) -> 0.6 | E73: =INDEX(Tc_S,C73) -> 44.740476 | F73: =lam_total*D73*E73/3600 -> 0.7456746 | G73: =IF(F73<=0.000000000001,0,MAX(ROUNDUP(F73/rho_max-0.000000001,0),IF(redund="Yes",ROUNDUP(F73/rho_fail-0.000000001,0)+1,0))) -> 2 | H73: =MAX(1,ROUNDUP((P_req/(B73*C73)+G73*lpl)/2-0.000000001,0)) -> 69 | I73: =H73*u_w -> 69 | J73: =2*B73*u_d+aisle_w -> 16.9 | K73: =C73*u_h -> 12.9 | L73: =IF(G73=0,I73,I73/(2*G73)) -> 17.25 | M73: =((IF((lane_off+(L73))<=(v_sh^2/a_sh),(4/3)*(lane_off+(L73))^1.5/SQRT(a_sh),(4/3)*(v_sh^2/a_sh)^1.5/SQRT(a_sh)+((lane_off+(L73))^2-(v_sh^2/a_sh)^2)/(2*v_sh)+(v_sh/a_sh)*((lane_off+(L73))-(v_sh^2/a_sh))))-(IF((lane_off)<=(v_sh^2/a_sh),(4/3)*(lane_off)^1.5/SQRT(a_sh),(4/3)*(v_sh^2/a_sh)^1.5/SQRT(a_sh)+((lane_off)^2-(v_sh^2/a_sh)^2)/(2*v_sh)+(v_sh/a_sh)*((lane_off)-(v_sh^2/a_sh)))))/(L73) -> 9.8672174 | N73: =IF(((B73-1)*u_d/2*(1+f_hc)+lane_off)<=0,0,IF(((B73-1)*u_d/2*(1+f_hc)+lane_off)>=v_sh^2/a_sh,((B73-1)*u_d/2*(1+f_hc)+lane_off)/v_sh+v_sh/a_sh,2*SQRT(((B73-1)*u_d/2*(1+f_hc)+lane_off)/a_sh))) -> 6.5142857 | O73: =2*t_sh+2*t_turn+2*M73+2*N73 -> 90.763006 | P73: =SUMPRODUCT((Tc_idx<=C73)*(ROUNDUP(lam_total*INDEX(Tc_P,C73,0)*O73/(3600*rho_max)-0.000000001,0)+(ROUNDUP(lam_total*INDEX(Tc_P,C73,0)*O73/(3600*rho_max)-0.000000001,0)<min_sh)*(min_sh-ROUNDUP(lam_total*INDEX(Tc_P,C73,0)*O73/(3600*rho_max)-0.000000001,0)))) -> 8 | Q73: =ROUNDUP(P73-0.000000001,0)+spares -> 10 | R73: =B73*C73*(2*H73-G73*lpl) -> 4752 | S73: =R73*fill -> 4039.2 | T73: =I73*J73 -> 1166.1 | U73: =T73*(K73+headroom) -> 16791.84 | V73: =G73*c_lift -> 300000 | W73: =Q73*c_shut -> 500000 | X73: =R73*c_pos -> 475200 | Y73: =T73*c_m2+U73*c_m3 -> 970195.2 | Z73: =SUM(V73:Y73) -> 2245395.2 | AA73: =B73*u_d/(H73*u_w) -> 0.11304348 | AB73: =IF(G73=0,0,F73/G73) -> 0.3728373 | AC73: =IF(G73>1,F73/(G73-1),"n/a") -> 0.7456746 | AD73: =moves_day*m_pallet*9.81*INDEX(Tc_mh,C73)/3600000 -> 12.37368 | AE73: =IF(AND(K73<=H_max,H73<=300,G73<=6,NOT(AND(env_use="Yes",NOT(OR(AND(I73<=L_bldg,J73<=W_bldg),AND(I73<=W_bldg,J73<=L_bldg))))),OR(lane_policy="Free (optimize N_C)",AND(B73=sku_pal,A73<=20))),1,0) -> 0 | AF73: =IF(obj_mode="Total cost",Z73,IF(obj_mode="Shuttle cycle",O73,T73)) -> 2245395.2 | AG73: =IF(AE73=1,AF73*(1+A73*0.0000000001),1E+99) -> 1e+99 | AH73: =IF(AE73=1,"",TRIM(IF(K73>H_max,"height ","")&IF(AND(env_use="Yes",NOT(OR(AND(I73<=L_bldg,J73<=W_bldg),AND(I73<=W_bldg,J73<=L_bldg)))),"footprint ","")&IF(H73>300,"lanes>300 ","")&IF(G73>6,"lifts>6 ","")&IF(AND(lane_policy<>"Free (optimize N_C)",B73<>sku_pal),"lane policy ","")&IF(AND(lane_policy<>"Free (optimize N_C)",B73=sku_pal,A73>20),"duplicate",""))) -> footprint duplicate | AI73: =(MAX(0,K73/H_max-1)+IF(env_use="Yes",MIN(MAX(0,I73/L_bldg-1)+MAX(0,J73/W_bldg-1),MAX(0,I73/W_bldg-1)+MAX(0,J73/L_bldg-1)),0)+MAX(0,H73/300-1)+MAX(0,G73/6-1)+IF(AND(lane_policy<>"Free (optimize N_C)",B73<>sku_pal),1000,0))*1000000000000000+AF73*(1+A73*0.0000000001) -> 1.5e+14
A74: 67 | B74: =$E$3 -> 6 | C74: 7 | D74: =INDEX(Tc_pl,C74) -> 0.6 | E74: =INDEX(Tc_S,C74) -> 44.919643 | F74: =lam_total*D74*E74/3600 -> 0.74866071 | G74: =IF(F74<=0.000000000001,0,MAX(ROUNDUP(F74/rho_max-0.000000001,0),IF(redund="Yes",ROUNDUP(F74/rho_fail-0.000000001,0)+1,0))) -> 2 | H74: =MAX(1,ROUNDUP((P_req/(B74*C74)+G74*lpl)/2-0.000000001,0)) -> 60 | I74: =H74*u_w -> 60 | J74: =2*B74*u_d+aisle_w -> 16.9 | K74: =C74*u_h -> 15.05 | L74: =IF(G74=0,I74,I74/(2*G74)) -> 15 | M74: =((IF((lane_off+(L74))<=(v_sh^2/a_sh),(4/3)*(lane_off+(L74))^1.5/SQRT(a_sh),(4/3)*(v_sh^2/a_sh)^1.5/SQRT(a_sh)+((lane_off+(L74))^2-(v_sh^2/a_sh)^2)/(2*v_sh)+(v_sh/a_sh)*((lane_off+(L74))-(v_sh^2/a_sh))))-(IF((lane_off)<=(v_sh^2/a_sh),(4/3)*(lane_off)^1.5/SQRT(a_sh),(4/3)*(v_sh^2/a_sh)^1.5/SQRT(a_sh)+((lane_off)^2-(v_sh^2/a_sh)^2)/(2*v_sh)+(v_sh/a_sh)*((lane_off)-(v_sh^2/a_sh)))))/(L74) -> 9.0603358 | N74: =IF(((B74-1)*u_d/2*(1+f_hc)+lane_off)<=0,0,IF(((B74-1)*u_d/2*(1+f_hc)+lane_off)>=v_sh^2/a_sh,((B74-1)*u_d/2*(1+f_hc)+lane_off)/v_sh+v_sh/a_sh,2*SQRT(((B74-1)*u_d/2*(1+f_hc)+lane_off)/a_sh))) -> 6.5142857 | O74: =2*t_sh+2*t_turn+2*M74+2*N74 -> 89.149243 | P74: =SUMPRODUCT((Tc_idx<=C74)*(ROUNDUP(lam_total*INDEX(Tc_P,C74,0)*O74/(3600*rho_max)-0.000000001,0)+(ROUNDUP(lam_total*INDEX(Tc_P,C74,0)*O74/(3600*rho_max)-0.000000001,0)<min_sh)*(min_sh-ROUNDUP(lam_total*INDEX(Tc_P,C74,0)*O74/(3600*rho_max)-0.000000001,0)))) -> 9 | Q74: =ROUNDUP(P74-0.000000001,0)+spares -> 11 | R74: =B74*C74*(2*H74-G74*lpl) -> 4788 | S74: =R74*fill -> 4069.8 | T74: =I74*J74 -> 1014 | U74: =T74*(K74+headroom) -> 16781.7 | V74: =G74*c_lift -> 300000 | W74: =Q74*c_shut -> 550000 | X74: =R74*c_pos -> 478800 | Y74: =T74*c_m2+U74*c_m3 -> 909051 | Z74: =SUM(V74:Y74) -> 2237851 | AA74: =B74*u_d/(H74*u_w) -> 0.13 | AB74: =IF(G74=0,0,F74/G74) -> 0.37433036 | AC74: =IF(G74>1,F74/(G74-1),"n/a") -> 0.74866071 | AD74: =moves_day*m_pallet*9.81*INDEX(Tc_mh,C74)/3600000 -> 12.6549 | AE74: =IF(AND(K74<=H_max,H74<=300,G74<=6,NOT(AND(env_use="Yes",NOT(OR(AND(I74<=L_bldg,J74<=W_bldg),AND(I74<=W_bldg,J74<=L_bldg))))),OR(lane_policy="Free (optimize N_C)",AND(B74=sku_pal,A74<=20))),1,0) -> 0 | AF74: =IF(obj_mode="Total cost",Z74,IF(obj_mode="Shuttle cycle",O74,T74)) -> 2237851 | AG74: =IF(AE74=1,AF74*(1+A74*0.0000000001),1E+99) -> 1e+99 | AH74: =IF(AE74=1,"",TRIM(IF(K74>H_max,"height ","")&IF(AND(env_use="Yes",NOT(OR(AND(I74<=L_bldg,J74<=W_bldg),AND(I74<=W_bldg,J74<=L_bldg)))),"footprint ","")&IF(H74>300,"lanes>300 ","")&IF(G74>6,"lifts>6 ","")&IF(AND(lane_policy<>"Free (optimize N_C)",B74<>sku_pal),"lane policy ","")&IF(AND(lane_policy<>"Free (optimize N_C)",B74=sku_pal,A74>20),"duplicate",""))) -> duplicate | AI74: =(MAX(0,K74/H_max-1)+IF(env_use="Yes",MIN(MAX(0,I74/L_bldg-1)+MAX(0,J74/W_bldg-1),MAX(0,I74/W_bldg-1)+MAX(0,J74/L_bldg-1)),0)+MAX(0,H74/300-1)+MAX(0,G74/6-1)+IF(AND(lane_policy<>"Free (optimize N_C)",B74<>sku_pal),1000,0))*1000000000000000+AF74*(1+A74*0.0000000001) -> 2237851
A75: 68 | B75: =$E$3 -> 6 | C75: 8 | D75: =INDEX(Tc_pl,C75) -> 0.6 | E75: =INDEX(Tc_S,C75) -> 45.09881 | F75: =lam_total*D75*E75/3600 -> 0.75164683 | G75: =IF(F75<=0.000000000001,0,MAX(ROUNDUP(F75/rho_max-0.000000001,0),IF(redund="Yes",ROUNDUP(F75/rho_fail-0.000000001,0)+1,0))) -> 2 | H75: =MAX(1,ROUNDUP((P_req/(B75*C75)+G75*lpl)/2-0.000000001,0)) -> 53 | I75: =H75*u_w -> 53 | J75: =2*B75*u_d+aisle_w -> 16.9 | K75: =C75*u_h -> 17.2 | L75: =IF(G75=0,I75,I75/(2*G75)) -> 13.25 | M75: =((IF((lane_off+(L75))<=(v_sh^2/a_sh),(4/3)*(lane_off+(L75))^1.5/SQRT(a_sh),(4/3)*(v_sh^2/a_sh)^1.5/SQRT(a_sh)+((lane_off+(L75))^2-(v_sh^2/a_sh)^2)/(2*v_sh)+(v_sh/a_sh)*((lane_off+(L75))-(v_sh^2/a_sh))))-(IF((lane_off)<=(v_sh^2/a_sh),(4/3)*(lane_off)^1.5/SQRT(a_sh),(4/3)*(v_sh^2/a_sh)^1.5/SQRT(a_sh)+((lane_off)^2-(v_sh^2/a_sh)^2)/(2*v_sh)+(v_sh/a_sh)*((lane_off)-(v_sh^2/a_sh)))))/(L75) -> 8.4319839 | N75: =IF(((B75-1)*u_d/2*(1+f_hc)+lane_off)<=0,0,IF(((B75-1)*u_d/2*(1+f_hc)+lane_off)>=v_sh^2/a_sh,((B75-1)*u_d/2*(1+f_hc)+lane_off)/v_sh+v_sh/a_sh,2*SQRT(((B75-1)*u_d/2*(1+f_hc)+lane_off)/a_sh))) -> 6.5142857 | O75: =2*t_sh+2*t_turn+2*M75+2*N75 -> 87.892539 | P75: =SUMPRODUCT((Tc_idx<=C75)*(ROUNDUP(lam_total*INDEX(Tc_P,C75,0)*O75/(3600*rho_max)-0.000000001,0)+(ROUNDUP(lam_total*INDEX(Tc_P,C75,0)*O75/(3600*rho_max)-0.000000001,0)<min_sh)*(min_sh-ROUNDUP(lam_total*INDEX(Tc_P,C75,0)*O75/(3600*rho_max)-0.000000001,0)))) -> 10 | Q75: =ROUNDUP(P75-0.000000001,0)+spares -> 12 | R75: =B75*C75*(2*H75-G75*lpl) -> 4800 | S75: =R75*fill -> 4080 | T75: =I75*J75 -> 895.7 | U75: =T75*(K75+headroom) -> 16749.59 | V75: =G75*c_lift -> 300000 | W75: =Q75*c_shut -> 600000 | X75: =R75*c_pos -> 480000 | Y75: =T75*c_m2+U75*c_m3 -> 860767.7 | Z75: =SUM(V75:Y75) -> 2240767.7 | AA75: =B75*u_d/(H75*u_w) -> 0.14716981 | AB75: =IF(G75=0,0,F75/G75) -> 0.37582341 | AC75: =IF(G75>1,F75/(G75-1),"n/a") -> 0.75164683 | AD75: =moves_day*m_pallet*9.81*INDEX(Tc_mh,C75)/3600000 -> 12.93612 | AE75: =IF(AND(K75<=H_max,H75<=300,G75<=6,NOT(AND(env_use="Yes",NOT(OR(AND(I75<=L_bldg,J75<=W_bldg),AND(I75<=W_bldg,J75<=L_bldg))))),OR(lane_policy="Free (optimize N_C)",AND(B75=sku_pal,A75<=20))),1,0) -> 0 | AF75: =IF(obj_mode="Total cost",Z75,IF(obj_mode="Shuttle cycle",O75,T75)) -> 2240767.7 | AG75: =IF(AE75=1,AF75*(1+A75*0.0000000001),1E+99) -> 1e+99 | AH75: =IF(AE75=1,"",TRIM(IF(K75>H_max,"height ","")&IF(AND(env_use="Yes",NOT(OR(AND(I75<=L_bldg,J75<=W_bldg),AND(I75<=W_bldg,J75<=L_bldg)))),"footprint ","")&IF(H75>300,"lanes>300 ","")&IF(G75>6,"lifts>6 ","")&IF(AND(lane_policy<>"Free (optimize N_C)",B75<>sku_pal),"lane policy ","")&IF(AND(lane_policy<>"Free (optimize N_C)",B75=sku_pal,A75>20),"duplicate",""))) -> duplicate | AI75: =(MAX(0,K75/H_max-1)+IF(env_use="Yes",MIN(MAX(0,I75/L_bldg-1)+MAX(0,J75/W_bldg-1),MAX(0,I75/W_bldg-1)+MAX(0,J75/L_bldg-1)),0)+MAX(0,H75/300-1)+MAX(0,G75/6-1)+IF(AND(lane_policy<>"Free (optimize N_C)",B75<>sku_pal),1000,0))*1000000000000000+AF75*(1+A75*0.0000000001) -> 2240767.7
A76: 69 | B76: =$E$3 -> 6 | C76: 9 | D76: =INDEX(Tc_pl,C76) -> 0.6 | E76: =INDEX(Tc_S,C76) -> 45.277976 | F76: =lam_total*D76*E76/3600 -> 0.75463294 | G76: =IF(F76<=0.000000000001,0,MAX(ROUNDUP(F76/rho_max-0.000000001,0),IF(redund="Yes",ROUNDUP(F76/rho_fail-0.000000001,0)+1,0))) -> 2 | H76: =MAX(1,ROUNDUP((P_req/(B76*C76)+G76*lpl)/2-0.000000001,0)) -> 47 | I76: =H76*u_w -> 47 | J76: =2*B76*u_d+aisle_w -> 16.9 | K76: =C76*u_h -> 19.35 | L76: =IF(G76=0,I76,I76/(2*G76)) -> 11.75 | M76: =((IF((lane_off+(L76))<=(v_sh^2/a_sh),(4/3)*(lane_off+(L76))^1.5/SQRT(a_sh),(4/3)*(v_sh^2/a_sh)^1.5/SQRT(a_sh)+((lane_off+(L76))^2-(v_sh^2/a_sh)^2)/(2*v_sh)+(v_sh/a_sh)*((lane_off+(L76))-(v_sh^2/a_sh))))-(IF((lane_off)<=(v_sh^2/a_sh),(4/3)*(lane_off)^1.5/SQRT(a_sh),(4/3)*(v_sh^2/a_sh)^1.5/SQRT(a_sh)+((lane_off)^2-(v_sh^2/a_sh)^2)/(2*v_sh)+(v_sh/a_sh)*((lane_off)-(v_sh^2/a_sh)))))/(L76) -> 7.8926019 | N76: =IF(((B76-1)*u_d/2*(1+f_hc)+lane_off)<=0,0,IF(((B76-1)*u_d/2*(1+f_hc)+lane_off)>=v_sh^2/a_sh,((B76-1)*u_d/2*(1+f_hc)+lane_off)/v_sh+v_sh/a_sh,2*SQRT(((B76-1)*u_d/2*(1+f_hc)+lane_off)/a_sh))) -> 6.5142857 | O76: =2*t_sh+2*t_turn+2*M76+2*N76 -> 86.813775 | P76: =SUMPRODUCT((Tc_idx<=C76)*(ROUNDUP(lam_total*INDEX(Tc_P,C76,0)*O76/(3600*rho_max)-0.000000001,0)+(ROUNDUP(lam_total*INDEX(Tc_P,C76,0)*O76/(3600*rho_max)-0.000000001,0)<min_sh)*(min_sh-ROUNDUP(lam_total*INDEX(Tc_P,C76,0)*O76/(3600*rho_max)-0.000000001,0)))) -> 11 | Q76: =ROUNDUP(P76-0.000000001,0)+spares -> 13 | R76: =B76*C76*(2*H76-G76*lpl) -> 4752 | S76: =R76*fill -> 4039.2 | T76: =I76*J76 -> 794.3 | U76: =T76*(K76+headroom) -> 16561.155 | V76: =G76*c_lift -> 300000 | W76: =Q76*c_shut -> 650000 | X76: =R76*c_pos -> 475200 | Y76: =T76*c_m2+U76*c_m3 -> 814554.65 | Z76: =SUM(V76:Y76) -> 2239754.6 | AA76: =B76*u_d/(H76*u_w) -> 0.16595745 | AB76: =IF(G76=0,0,F76/G76) -> 0.37731647 | AC76: =IF(G76>1,F76/(G76-1),"n/a") -> 0.75463294 | AD76: =moves_day*m_pallet*9.81*INDEX(Tc_mh,C76)/3600000 -> 13.21734 | AE76: =IF(AND(K76<=H_max,H76<=300,G76<=6,NOT(AND(env_use="Yes",NOT(OR(AND(I76<=L_bldg,J76<=W_bldg),AND(I76<=W_bldg,J76<=L_bldg))))),OR(lane_policy="Free (optimize N_C)",AND(B76=sku_pal,A76<=20))),1,0) -> 0 | AF76: =IF(obj_mode="Total cost",Z76,IF(obj_mode="Shuttle cycle",O76,T76)) -> 2239754.6 | AG76: =IF(AE76=1,AF76*(1+A76*0.0000000001),1E+99) -> 1e+99 | AH76: =IF(AE76=1,"",TRIM(IF(K76>H_max,"height ","")&IF(AND(env_use="Yes",NOT(OR(AND(I76<=L_bldg,J76<=W_bldg),AND(I76<=W_bldg,J76<=L_bldg)))),"footprint ","")&IF(H76>300,"lanes>300 ","")&IF(G76>6,"lifts>6 ","")&IF(AND(lane_policy<>"Free (optimize N_C)",B76<>sku_pal),"lane policy ","")&IF(AND(lane_policy<>"Free (optimize N_C)",B76=sku_pal,A76>20),"duplicate",""))) -> duplicate | AI76: =(MAX(0,K76/H_max-1)+IF(env_use="Yes",MIN(MAX(0,I76/L_bldg-1)+MAX(0,J76/W_bldg-1),MAX(0,I76/W_bldg-1)+MAX(0,J76/L_bldg-1)),0)+MAX(0,H76/300-1)+MAX(0,G76/6-1)+IF(AND(lane_policy<>"Free (optimize N_C)",B76<>sku_pal),1000,0))*1000000000000000+AF76*(1+A76*0.0000000001) -> 2239754.7
A77: 70 | B77: =$E$3 -> 6 | C77: 10 | D77: =INDEX(Tc_pl,C77) -> 0.6 | E77: =INDEX(Tc_S,C77) -> 45.457143 | F77: =lam_total*D77*E77/3600 -> 0.75761905 | G77: =IF(F77<=0.000000000001,0,MAX(ROUNDUP(F77/rho_max-0.000000001,0),IF(redund="Yes",ROUNDUP(F77/rho_fail-0.000000001,0)+1,0))) -> 2 | H77: =MAX(1,ROUNDUP((P_req/(B77*C77)+G77*lpl)/2-0.000000001,0)) -> 43 | I77: =H77*u_w -> 43 | J77: =2*B77*u_d+aisle_w -> 16.9 | K77: =C77*u_h -> 21.5 | L77: =IF(G77=0,I77,I77/(2*G77)) -> 10.75 | M77: =((IF((lane_off+(L77))<=(v_sh^2/a_sh),(4/3)*(lane_off+(L77))^1.5/SQRT(a_sh),(4/3)*(v_sh^2/a_sh)^1.5/SQRT(a_sh)+((lane_off+(L77))^2-(v_sh^2/a_sh)^2)/(2*v_sh)+(v_sh/a_sh)*((lane_off+(L77))-(v_sh^2/a_sh))))-(IF((lane_off)<=(v_sh^2/a_sh),(4/3)*(lane_off)^1.5/SQRT(a_sh),(4/3)*(v_sh^2/a_sh)^1.5/SQRT(a_sh)+((lane_off)^2-(v_sh^2/a_sh)^2)/(2*v_sh)+(v_sh/a_sh)*((lane_off)-(v_sh^2/a_sh)))))/(L77) -> 7.5324452 | N77: =IF(((B77-1)*u_d/2*(1+f_hc)+lane_off)<=0,0,IF(((B77-1)*u_d/2*(1+f_hc)+lane_off)>=v_sh^2/a_sh,((B77-1)*u_d/2*(1+f_hc)+lane_off)/v_sh+v_sh/a_sh,2*SQRT(((B77-1)*u_d/2*(1+f_hc)+lane_off)/a_sh))) -> 6.5142857 | O77: =2*t_sh+2*t_turn+2*M77+2*N77 -> 86.093462 | P77: =SUMPRODUCT((Tc_idx<=C77)*(ROUNDUP(lam_total*INDEX(Tc_P,C77,0)*O77/(3600*rho_max)-0.000000001,0)+(ROUNDUP(lam_total*INDEX(Tc_P,C77,0)*O77/(3600*rho_max)-0.000000001,0)<min_sh)*(min_sh-ROUNDUP(lam_total*INDEX(Tc_P,C77,0)*O77/(3600*rho_max)-0.000000001,0)))) -> 12 | Q77: =ROUNDUP(P77-0.000000001,0)+spares -> 14 | R77: =B77*C77*(2*H77-G77*lpl) -> 4800 | S77: =R77*fill -> 4080 | T77: =I77*J77 -> 726.7 | U77: =T77*(K77+headroom) -> 16714.1 | V77: =G77*c_lift -> 300000 | W77: =Q77*c_shut -> 700000 | X77: =R77*c_pos -> 480000 | Y77: =T77*c_m2+U77*c_m3 -> 792103 | Z77: =SUM(V77:Y77) -> 2272103 | AA77: =B77*u_d/(H77*u_w) -> 0.18139535 | AB77: =IF(G77=0,0,F77/G77) -> 0.37880952 | AC77: =IF(G77>1,F77/(G77-1),"n/a") -> 0.75761905 | AD77: =moves_day*m_pallet*9.81*INDEX(Tc_mh,C77)/3600000 -> 13.49856 | AE77: =IF(AND(K77<=H_max,H77<=300,G77<=6,NOT(AND(env_use="Yes",NOT(OR(AND(I77<=L_bldg,J77<=W_bldg),AND(I77<=W_bldg,J77<=L_bldg))))),OR(lane_policy="Free (optimize N_C)",AND(B77=sku_pal,A77<=20))),1,0) -> 0 | AF77: =IF(obj_mode="Total cost",Z77,IF(obj_mode="Shuttle cycle",O77,T77)) -> 2272103 | AG77: =IF(AE77=1,AF77*(1+A77*0.0000000001),1E+99) -> 1e+99 | AH77: =IF(AE77=1,"",TRIM(IF(K77>H_max,"height ","")&IF(AND(env_use="Yes",NOT(OR(AND(I77<=L_bldg,J77<=W_bldg),AND(I77<=W_bldg,J77<=L_bldg)))),"footprint ","")&IF(H77>300,"lanes>300 ","")&IF(G77>6,"lifts>6 ","")&IF(AND(lane_policy<>"Free (optimize N_C)",B77<>sku_pal),"lane policy ","")&IF(AND(lane_policy<>"Free (optimize N_C)",B77=sku_pal,A77>20),"duplicate",""))) -> height duplicate | AI77: =(MAX(0,K77/H_max-1)+IF(env_use="Yes",MIN(MAX(0,I77/L_bldg-1)+MAX(0,J77/W_bldg-1),MAX(0,I77/W_bldg-1)+MAX(0,J77/L_bldg-1)),0)+MAX(0,H77/300-1)+MAX(0,G77/6-1)+IF(AND(lane_policy<>"Free (optimize N_C)",B77<>sku_pal),1000,0))*1000000000000000+AF77*(1+A77*0.0000000001) -> 7.5000002e+13
A78: 71 | B78: =$E$3 -> 6 | C78: 11 | D78: =INDEX(Tc_pl,C78) -> 0.6 | E78: =INDEX(Tc_S,C78) -> 45.63631 | F78: =lam_total*D78*E78/3600 -> 0.76060516 | G78: =IF(F78<=0.000000000001,0,MAX(ROUNDUP(F78/rho_max-0.000000001,0),IF(redund="Yes",ROUNDUP(F78/rho_fail-0.000000001,0)+1,0))) -> 2 | H78: =MAX(1,ROUNDUP((P_req/(B78*C78)+G78*lpl)/2-0.000000001,0)) -> 39 | I78: =H78*u_w -> 39 | J78: =2*B78*u_d+aisle_w -> 16.9 | K78: =C78*u_h -> 23.65 | L78: =IF(G78=0,I78,I78/(2*G78)) -> 9.75 | M78: =((IF((lane_off+(L78))<=(v_sh^2/a_sh),(4/3)*(lane_off+(L78))^1.5/SQRT(a_sh),(4/3)*(v_sh^2/a_sh)^1.5/SQRT(a_sh)+((lane_off+(L78))^2-(v_sh^2/a_sh)^2)/(2*v_sh)+(v_sh/a_sh)*((lane_off+(L78))-(v_sh^2/a_sh))))-(IF((lane_off)<=(v_sh^2/a_sh),(4/3)*(lane_off)^1.5/SQRT(a_sh),(4/3)*(v_sh^2/a_sh)^1.5/SQRT(a_sh)+((lane_off)^2-(v_sh^2/a_sh)^2)/(2*v_sh)+(v_sh/a_sh)*((lane_off)-(v_sh^2/a_sh)))))/(L78) -> 7.1716704 | N78: =IF(((B78-1)*u_d/2*(1+f_hc)+lane_off)<=0,0,IF(((B78-1)*u_d/2*(1+f_hc)+lane_off)>=v_sh^2/a_sh,((B78-1)*u_d/2*(1+f_hc)+lane_off)/v_sh+v_sh/a_sh,2*SQRT(((B78-1)*u_d/2*(1+f_hc)+lane_off)/a_sh))) -> 6.5142857 | O78: =2*t_sh+2*t_turn+2*M78+2*N78 -> 85.371912 | P78: =SUMPRODUCT((Tc_idx<=C78)*(ROUNDUP(lam_total*INDEX(Tc_P,C78,0)*O78/(3600*rho_max)-0.000000001,0)+(ROUNDUP(lam_total*INDEX(Tc_P,C78,0)*O78/(3600*rho_max)-0.000000001,0)<min_sh)*(min_sh-ROUNDUP(lam_total*INDEX(Tc_P,C78,0)*O78/(3600*rho_max)-0.000000001,0)))) -> 13 | Q78: =ROUNDUP(P78-0.000000001,0)+spares -> 15 | R78: =B78*C78*(2*H78-G78*lpl) -> 4752 | S78: =R78*fill -> 4039.2 | T78: =I78*J78 -> 659.1 | U78: =T78*(K78+headroom) -> 16576.365 | V78: =G78*c_lift -> 300000 | W78: =Q78*c_shut -> 750000 | X78: =R78*c_pos -> 475200 | Y78: =T78*c_m2+U78*c_m3 -> 760930.95 | Z78: =SUM(V78:Y78) -> 2286131 | AA78: =B78*u_d/(H78*u_w) -> 0.2 | AB78: =IF(G78=0,0,F78/G78) -> 0.38030258 | AC78: =IF(G78>1,F78/(G78-1),"n/a") -> 0.76060516 | AD78: =moves_day*m_pallet*9.81*INDEX(Tc_mh,C78)/3600000 -> 13.77978 | AE78: =IF(AND(K78<=H_max,H78<=300,G78<=6,NOT(AND(env_use="Yes",NOT(OR(AND(I78<=L_bldg,J78<=W_bldg),AND(I78<=W_bldg,J78<=L_bldg))))),OR(lane_policy="Free (optimize N_C)",AND(B78=sku_pal,A78<=20))),1,0) -> 0 | AF78: =IF(obj_mode="Total cost",Z78,IF(obj_mode="Shuttle cycle",O78,T78)) -> 2286131 | AG78: =IF(AE78=1,AF78*(1+A78*0.0000000001),1E+99) -> 1e+99 | AH78: =IF(AE78=1,"",TRIM(IF(K78>H_max,"height ","")&IF(AND(env_use="Yes",NOT(OR(AND(I78<=L_bldg,J78<=W_bldg),AND(I78<=W_bldg,J78<=L_bldg)))),"footprint ","")&IF(H78>300,"lanes>300 ","")&IF(G78>6,"lifts>6 ","")&IF(AND(lane_policy<>"Free (optimize N_C)",B78<>sku_pal),"lane policy ","")&IF(AND(lane_policy<>"Free (optimize N_C)",B78=sku_pal,A78>20),"duplicate",""))) -> height duplicate | AI78: =(MAX(0,K78/H_max-1)+IF(env_use="Yes",MIN(MAX(0,I78/L_bldg-1)+MAX(0,J78/W_bldg-1),MAX(0,I78/W_bldg-1)+MAX(0,J78/L_bldg-1)),0)+MAX(0,H78/300-1)+MAX(0,G78/6-1)+IF(AND(lane_policy<>"Free (optimize N_C)",B78<>sku_pal),1000,0))*1000000000000000+AF78*(1+A78*0.0000000001) -> 1.825e+14
A79: 72 | B79: =$E$3 -> 6 | C79: 12 | D79: =INDEX(Tc_pl,C79) -> 0.6 | E79: =INDEX(Tc_S,C79) -> 45.815476 | F79: =lam_total*D79*E79/3600 -> 0.76359127 | G79: =IF(F79<=0.000000000001,0,MAX(ROUNDUP(F79/rho_max-0.000000001,0),IF(redund="Yes",ROUNDUP(F79/rho_fail-0.000000001,0)+1,0))) -> 2 | H79: =MAX(1,ROUNDUP((P_req/(B79*C79)+G79*lpl)/2-0.000000001,0)) -> 36 | I79: =H79*u_w -> 36 | J79: =2*B79*u_d+aisle_w -> 16.9 | K79: =C79*u_h -> 25.8 | L79: =IF(G79=0,I79,I79/(2*G79)) -> 9 | M79: =((IF((lane_off+(L79))<=(v_sh^2/a_sh),(4/3)*(lane_off+(L79))^1.5/SQRT(a_sh),(4/3)*(v_sh^2/a_sh)^1.5/SQRT(a_sh)+((lane_off+(L79))^2-(v_sh^2/a_sh)^2)/(2*v_sh)+(v_sh/a_sh)*((lane_off+(L79))-(v_sh^2/a_sh))))-(IF((lane_off)<=(v_sh^2/a_sh),(4/3)*(lane_off)^1.5/SQRT(a_sh),(4/3)*(v_sh^2/a_sh)^1.5/SQRT(a_sh)+((lane_off)^2-(v_sh^2/a_sh)^2)/(2*v_sh)+(v_sh/a_sh)*((lane_off)-(v_sh^2/a_sh)))))/(L79) -> 6.9005596 | N79: =IF(((B79-1)*u_d/2*(1+f_hc)+lane_off)<=0,0,IF(((B79-1)*u_d/2*(1+f_hc)+lane_off)>=v_sh^2/a_sh,((B79-1)*u_d/2*(1+f_hc)+lane_off)/v_sh+v_sh/a_sh,2*SQRT(((B79-1)*u_d/2*(1+f_hc)+lane_off)/a_sh))) -> 6.5142857 | O79: =2*t_sh+2*t_turn+2*M79+2*N79 -> 84.829691 | P79: =SUMPRODUCT((Tc_idx<=C79)*(ROUNDUP(lam_total*INDEX(Tc_P,C79,0)*O79/(3600*rho_max)-0.000000001,0)+(ROUNDUP(lam_total*INDEX(Tc_P,C79,0)*O79/(3600*rho_max)-0.000000001,0)<min_sh)*(min_sh-ROUNDUP(lam_total*INDEX(Tc_P,C79,0)*O79/(3600*rho_max)-0.000000001,0)))) -> 14 | Q79: =ROUNDUP(P79-0.000000001,0)+spares -> 16 | R79: =B79*C79*(2*H79-G79*lpl) -> 4752 | S79: =R79*fill -> 4039.2 | T79: =I79*J79 -> 608.4 | U79: =T79*(K79+headroom) -> 16609.32 | V79: =G79*c_lift -> 300000 | W79: =Q79*c_shut -> 800000 | X79: =R79*c_pos -> 475200 | Y79: =T79*c_m2+U79*c_m3 -> 741639.6 | Z79: =SUM(V79:Y79) -> 2316839.6 | AA79: =B79*u_d/(H79*u_w) -> 0.21666667 | AB79: =IF(G79=0,0,F79/G79) -> 0.38179563 | AC79: =IF(G79>1,F79/(G79-1),"n/a") -> 0.76359127 | AD79: =moves_day*m_pallet*9.81*INDEX(Tc_mh,C79)/3600000 -> 14.061 | AE79: =IF(AND(K79<=H_max,H79<=300,G79<=6,NOT(AND(env_use="Yes",NOT(OR(AND(I79<=L_bldg,J79<=W_bldg),AND(I79<=W_bldg,J79<=L_bldg))))),OR(lane_policy="Free (optimize N_C)",AND(B79=sku_pal,A79<=20))),1,0) -> 0 | AF79: =IF(obj_mode="Total cost",Z79,IF(obj_mode="Shuttle cycle",O79,T79)) -> 2316839.6 | AG79: =IF(AE79=1,AF79*(1+A79*0.0000000001),1E+99) -> 1e+99 | AH79: =IF(AE79=1,"",TRIM(IF(K79>H_max,"height ","")&IF(AND(env_use="Yes",NOT(OR(AND(I79<=L_bldg,J79<=W_bldg),AND(I79<=W_bldg,J79<=L_bldg)))),"footprint ","")&IF(H79>300,"lanes>300 ","")&IF(G79>6,"lifts>6 ","")&IF(AND(lane_policy<>"Free (optimize N_C)",B79<>sku_pal),"lane policy ","")&IF(AND(lane_policy<>"Free (optimize N_C)",B79=sku_pal,A79>20),"duplicate",""))) -> height duplicate | AI79: =(MAX(0,K79/H_max-1)+IF(env_use="Yes",MIN(MAX(0,I79/L_bldg-1)+MAX(0,J79/W_bldg-1),MAX(0,I79/W_bldg-1)+MAX(0,J79/L_bldg-1)),0)+MAX(0,H79/300-1)+MAX(0,G79/6-1)+IF(AND(lane_policy<>"Free (optimize N_C)",B79<>sku_pal),1000,0))*1000000000000000+AF79*(1+A79*0.0000000001) -> 2.9e+14
... A87: 80 | B87: =$E$3 -> 6 | C87: 20 | D87: =INDEX(Tc_pl,C87) -> 0.6 | E87: =INDEX(Tc_S,C87) -> 47.24881 | F87: =lam_total*D87*E87/3600 -> 0.78748016 | G87: =IF(F87<=0.000000000001,0,MAX(ROUNDUP(F87/rho_max-0.000000001,0),IF(redund="Yes",ROUNDUP(F87/rho_fail-0.000000001,0)+1,0))) -> 2 | H87: =MAX(1,ROUNDUP((P_req/(B87*C87)+G87*lpl)/2-0.000000001,0)) -> 23 | I87: =H87*u_w -> 23 | J87: =2*B87*u_d+aisle_w -> 16.9 | K87: =C87*u_h -> 43 | L87: =IF(G87=0,I87,I87/(2*G87)) -> 5.75 | M87: =((IF((lane_off+(L87))<=(v_sh^2/a_sh),(4/3)*(lane_off+(L87))^1.5/SQRT(a_sh),(4/3)*(v_sh^2/a_sh)^1.5/SQRT(a_sh)+((lane_off+(L87))^2-(v_sh^2/a_sh)^2)/(2*v_sh)+(v_sh/a_sh)*((lane_off+(L87))-(v_sh^2/a_sh))))-(IF((lane_off)<=(v_sh^2/a_sh),(4/3)*(lane_off)^1.5/SQRT(a_sh),(4/3)*(v_sh^2/a_sh)^1.5/SQRT(a_sh)+((lane_off)^2-(v_sh^2/a_sh)^2)/(2*v_sh)+(v_sh/a_sh)*((lane_off)-(v_sh^2/a_sh)))))/(L87) -> 5.715938 | N87: =IF(((B87-1)*u_d/2*(1+f_hc)+lane_off)<=0,0,IF(((B87-1)*u_d/2*(1+f_hc)+lane_off)>=v_sh^2/a_sh,((B87-1)*u_d/2*(1+f_hc)+lane_off)/v_sh+v_sh/a_sh,2*SQRT(((B87-1)*u_d/2*(1+f_hc)+lane_off)/a_sh))) -> 6.5142857 | O87: =2*t_sh+2*t_turn+2*M87+2*N87 -> 82.460447 | P87: =SUMPRODUCT((Tc_idx<=C87)*(ROUNDUP(lam_total*INDEX(Tc_P,C87,0)*O87/(3600*rho_max)-0.000000001,0)+(ROUNDUP(lam_total*INDEX(Tc_P,C87,0)*O87/(3600*rho_max)-0.000000001,0)<min_sh)*(min_sh-ROUNDUP(lam_total*INDEX(Tc_P,C87,0)*O87/(3600*rho_max)-0.000000001,0)))) -> 22 | Q87: =ROUNDUP(P87-0.000000001,0)+spares -> 24 | R87: =B87*C87*(2*H87-G87*lpl) -> 4800 | S87: =R87*fill -> 4080 | T87: =I87*J87 -> 388.7 | U87: =T87*(K87+headroom) -> 17297.15 | V87: =G87*c_lift -> 300000 | W87: =Q87*c_shut -> 1200000 | X87: =R87*c_pos -> 480000 | Y87: =T87*c_m2+U87*c_m3 -> 674394.5 | Z87: =SUM(V87:Y87) -> 2654394.5 | AA87: =B87*u_d/(H87*u_w) -> 0.33913043 | AB87: =IF(G87=0,0,F87/G87) -> 0.39374008 | AC87: =IF(G87>1,F87/(G87-1),"n/a") -> 0.78748016 | AD87: =moves_day*m_pallet*9.81*INDEX(Tc_mh,C87)/3600000 -> 16.31076 | AE87: =IF(AND(K87<=H_max,H87<=300,G87<=6,NOT(AND(env_use="Yes",NOT(OR(AND(I87<=L_bldg,J87<=W_bldg),AND(I87<=W_bldg,J87<=L_bldg))))),OR(lane_policy="Free (optimize N_C)",AND(B87=sku_pal,A87<=20))),1,0) -> 0 | AF87: =IF(obj_mode="Total cost",Z87,IF(obj_mode="Shuttle cycle",O87,T87)) -> 2654394.5 | AG87: =IF(AE87=1,AF87*(1+A87*0.0000000001),1E+99) -> 1e+99 | AH87: =IF(AE87=1,"",TRIM(IF(K87>H_max,"height ","")&IF(AND(env_use="Yes",NOT(OR(AND(I87<=L_bldg,J87<=W_bldg),AND(I87<=W_bldg,J87<=L_bldg)))),"footprint ","")&IF(H87>300,"lanes>300 ","")&IF(G87>6,"lifts>6 ","")&IF(AND(lane_policy<>"Free (optimize N_C)",B87<>sku_pal),"lane policy ","")&IF(AND(lane_policy<>"Free (optimize N_C)",B87=sku_pal,A87>20),"duplicate",""))) -> height duplicate | AI87: =(MAX(0,K87/H_max-1)+IF(env_use="Yes",MIN(MAX(0,I87/L_bldg-1)+MAX(0,J87/W_bldg-1),MAX(0,I87/W_bldg-1)+MAX(0,J87/L_bldg-1)),0)+MAX(0,H87/300-1)+MAX(0,G87/6-1)+IF(AND(lane_policy<>"Free (optimize N_C)",B87<>sku_pal),1000,0))*1000000000000000+AF87*(1+A87*0.0000000001) -> 1.15e+15
A88: 81 | B88: =$F$3 -> 6 | C88: 1 | D88: =INDEX(Tc_pl,C88) -> 0 | E88: =INDEX(Tc_S,C88) -> 0 | F88: =lam_total*D88*E88/3600 -> 0 | G88: =IF(F88<=0.000000000001,0,MAX(ROUNDUP(F88/rho_max-0.000000001,0),IF(redund="Yes",ROUNDUP(F88/rho_fail-0.000000001,0)+1,0))) -> 0 | H88: =MAX(1,ROUNDUP((P_req/(B88*C88)+G88*lpl)/2-0.000000001,0)) -> 393 | I88: =H88*u_w -> 393 | J88: =2*B88*u_d+aisle_w -> 16.9 | K88: =C88*u_h -> 2.15 | L88: =IF(G88=0,I88,I88/(2*G88)) -> 393 | M88: =((IF((lane_off+(L88))<=(v_sh^2/a_sh),(4/3)*(lane_off+(L88))^1.5/SQRT(a_sh),(4/3)*(v_sh^2/a_sh)^1.5/SQRT(a_sh)+((lane_off+(L88))^2-(v_sh^2/a_sh)^2)/(2*v_sh)+(v_sh/a_sh)*((lane_off+(L88))-(v_sh^2/a_sh))))-(IF((lane_off)<=(v_sh^2/a_sh),(4/3)*(lane_off)^1.5/SQRT(a_sh),(4/3)*(v_sh^2/a_sh)^1.5/SQRT(a_sh)+((lane_off)^2-(v_sh^2/a_sh)^2)/(2*v_sh)+(v_sh/a_sh)*((lane_off)-(v_sh^2/a_sh)))))/(L88) -> 144.08475 | N88: =IF(((B88-1)*u_d/2*(1+f_hc)+lane_off)<=0,0,IF(((B88-1)*u_d/2*(1+f_hc)+lane_off)>=v_sh^2/a_sh,((B88-1)*u_d/2*(1+f_hc)+lane_off)/v_sh+v_sh/a_sh,2*SQRT(((B88-1)*u_d/2*(1+f_hc)+lane_off)/a_sh))) -> 6.5142857 | O88: =2*t_sh+2*t_turn+2*M88+2*N88 -> 359.19806 | P88: =SUMPRODUCT((Tc_idx<=C88)*(ROUNDUP(lam_total*INDEX(Tc_P,C88,0)*O88/(3600*rho_max)-0.000000001,0)+(ROUNDUP(lam_total*INDEX(Tc_P,C88,0)*O88/(3600*rho_max)-0.000000001,0)<min_sh)*(min_sh-ROUNDUP(lam_total*INDEX(Tc_P,C88,0)*O88/(3600*rho_max)-0.000000001,0)))) -> 14 | Q88: =ROUNDUP(P88-0.000000001,0)+spares -> 16 | R88: =B88*C88*(2*H88-G88*lpl) -> 4716 | S88: =R88*fill -> 4008.6 | T88: =I88*J88 -> 6641.7 | U88: =T88*(K88+headroom) -> 24242.205 | V88: =G88*c_lift -> 0 | W88: =Q88*c_shut -> 800000 | X88: =R88*c_pos -> 471600 | Y88: =T88*c_m2+U88*c_m3 -> 3383946.2 | Z88: =SUM(V88:Y88) -> 4655546.2 | AA88: =B88*u_d/(H88*u_w) -> 0.019847328 | AB88: =IF(G88=0,0,F88/G88) -> 0 | AC88: =IF(G88>1,F88/(G88-1),"n/a") -> n/a | AD88: =moves_day*m_pallet*9.81*INDEX(Tc_mh,C88)/3600000 -> 0 | AE88: =IF(AND(K88<=H_max,H88<=300,G88<=6,NOT(AND(env_use="Yes",NOT(OR(AND(I88<=L_bldg,J88<=W_bldg),AND(I88<=W_bldg,J88<=L_bldg))))),OR(lane_policy="Free (optimize N_C)",AND(B88=sku_pal,A88<=20))),1,0) -> 0 | AF88: =IF(obj_mode="Total cost",Z88,IF(obj_mode="Shuttle cycle",O88,T88)) -> 4655546.2 | AG88: =IF(AE88=1,AF88*(1+A88*0.0000000001),1E+99) -> 1e+99 | AH88: =IF(AE88=1,"",TRIM(IF(K88>H_max,"height ","")&IF(AND(env_use="Yes",NOT(OR(AND(I88<=L_bldg,J88<=W_bldg),AND(I88<=W_bldg,J88<=L_bldg)))),"footprint ","")&IF(H88>300,"lanes>300 ","")&IF(G88>6,"lifts>6 ","")&IF(AND(lane_policy<>"Free (optimize N_C)",B88<>sku_pal),"lane policy ","")&IF(AND(lane_policy<>"Free (optimize N_C)",B88=sku_pal,A88>20),"duplicate",""))) -> footprint lanes>300 duplicate | AI88: =(MAX(0,K88/H_max-1)+IF(env_use="Yes",MIN(MAX(0,I88/L_bldg-1)+MAX(0,J88/W_bldg-1),MAX(0,I88/W_bldg-1)+MAX(0,J88/L_bldg-1)),0)+MAX(0,H88/300-1)+MAX(0,G88/6-1)+IF(AND(lane_policy<>"Free (optimize N_C)",B88<>sku_pal),1000,0))*1000000000000000+AF88*(1+A88*0.0000000001) -> 5.86e+15
A89: 82 | B89: =$F$3 -> 6 | C89: 2 | D89: =INDEX(Tc_pl,C89) -> 0.5 | E89: =INDEX(Tc_S,C89) -> 41.157143 | F89: =lam_total*D89*E89/3600 -> 0.57162698 | G89: =IF(F89<=0.000000000001,0,MAX(ROUNDUP(F89/rho_max-0.000000001,0),IF(redund="Yes",ROUNDUP(F89/rho_fail-0.000000001,0)+1,0))) -> 2 | H89: =MAX(1,ROUNDUP((P_req/(B89*C89)+G89*lpl)/2-0.000000001,0)) -> 200 | I89: =H89*u_w -> 200 | J89: =2*B89*u_d+aisle_w -> 16.9 | K89: =C89*u_h -> 4.3 | L89: =IF(G89=0,I89,I89/(2*G89)) -> 50 | M89: =((IF((lane_off+(L89))<=(v_sh^2/a_sh),(4/3)*(lane_off+(L89))^1.5/SQRT(a_sh),(4/3)*(v_sh^2/a_sh)^1.5/SQRT(a_sh)+((lane_off+(L89))^2-(v_sh^2/a_sh)^2)/(2*v_sh)+(v_sh/a_sh)*((lane_off+(L89))-(v_sh^2/a_sh))))-(IF((lane_off)<=(v_sh^2/a_sh),(4/3)*(lane_off)^1.5/SQRT(a_sh),(4/3)*(v_sh^2/a_sh)^1.5/SQRT(a_sh)+((lane_off)^2-(v_sh^2/a_sh)^2)/(2*v_sh)+(v_sh/a_sh)*((lane_off)-(v_sh^2/a_sh)))))/(L89) -> 21.578101 | N89: =IF(((B89-1)*u_d/2*(1+f_hc)+lane_off)<=0,0,IF(((B89-1)*u_d/2*(1+f_hc)+lane_off)>=v_sh^2/a_sh,((B89-1)*u_d/2*(1+f_hc)+lane_off)/v_sh+v_sh/a_sh,2*SQRT(((B89-1)*u_d/2*(1+f_hc)+lane_off)/a_sh))) -> 6.5142857 | O89: =2*t_sh+2*t_turn+2*M89+2*N89 -> 114.18477 | P89: =SUMPRODUCT((Tc_idx<=C89)*(ROUNDUP(lam_total*INDEX(Tc_P,C89,0)*O89/(3600*rho_max)-0.000000001,0)+(ROUNDUP(lam_total*INDEX(Tc_P,C89,0)*O89/(3600*rho_max)-0.000000001,0)<min_sh)*(min_sh-ROUNDUP(lam_total*INDEX(Tc_P,C89,0)*O89/(3600*rho_max)-0.000000001,0)))) -> 6 | Q89: =ROUNDUP(P89-0.000000001,0)+spares -> 8 | R89: =B89*C89*(2*H89-G89*lpl) -> 4728 | S89: =R89*fill -> 4018.8 | T89: =I89*J89 -> 3380 | U89: =T89*(K89+headroom) -> 19604 | V89: =G89*c_lift -> 300000 | W89: =Q89*c_shut -> 400000 | X89: =R89*c_pos -> 472800 | Y89: =T89*c_m2+U89*c_m3 -> 1940120 | Z89: =SUM(V89:Y89) -> 3112920 | AA89: =B89*u_d/(H89*u_w) -> 0.039 | AB89: =IF(G89=0,0,F89/G89) -> 0.28581349 | AC89: =IF(G89>1,F89/(G89-1),"n/a") -> 0.57162698 | AD89: =moves_day*m_pallet*9.81*INDEX(Tc_mh,C89)/3600000 -> 5.6244 | AE89: =IF(AND(K89<=H_max,H89<=300,G89<=6,NOT(AND(env_use="Yes",NOT(OR(AND(I89<=L_bldg,J89<=W_bldg),AND(I89<=W_bldg,J89<=L_bldg))))),OR(lane_policy="Free (optimize N_C)",AND(B89=sku_pal,A89<=20))),1,0) -> 0 | AF89: =IF(obj_mode="Total cost",Z89,IF(obj_mode="Shuttle cycle",O89,T89)) -> 3112920 | AG89: =IF(AE89=1,AF89*(1+A89*0.0000000001),1E+99) -> 1e+99 | AH89: =IF(AE89=1,"",TRIM(IF(K89>H_max,"height ","")&IF(AND(env_use="Yes",NOT(OR(AND(I89<=L_bldg,J89<=W_bldg),AND(I89<=W_bldg,J89<=L_bldg)))),"footprint ","")&IF(H89>300,"lanes>300 ","")&IF(G89>6,"lifts>6 ","")&IF(AND(lane_policy<>"Free (optimize N_C)",B89<>sku_pal),"lane policy ","")&IF(AND(lane_policy<>"Free (optimize N_C)",B89=sku_pal,A89>20),"duplicate",""))) -> footprint duplicate | AI89: =(MAX(0,K89/H_max-1)+IF(env_use="Yes",MIN(MAX(0,I89/L_bldg-1)+MAX(0,J89/W_bldg-1),MAX(0,I89/W_bldg-1)+MAX(0,J89/L_bldg-1)),0)+MAX(0,H89/300-1)+MAX(0,G89/6-1)+IF(AND(lane_policy<>"Free (optimize N_C)",B89<>sku_pal),1000,0))*1000000000000000+AF89*(1+A89*0.0000000001) -> 2.3333333e+15
A90: 83 | B90: =$F$3 -> 6 | C90: 3 | D90: =INDEX(Tc_pl,C90) -> 0.52941176 | E90: =INDEX(Tc_S,C90) -> 41.634921 | F90: =lam_total*D90*E90/3600 -> 0.61227824 | G90: =IF(F90<=0.000000000001,0,MAX(ROUNDUP(F90/rho_max-0.000000001,0),IF(redund="Yes",ROUNDUP(F90/rho_fail-0.000000001,0)+1,0))) -> 2 | H90: =MAX(1,ROUNDUP((P_req/(B90*C90)+G90*lpl)/2-0.000000001,0)) -> 134 | I90: =H90*u_w -> 134 | J90: =2*B90*u_d+aisle_w -> 16.9 | K90: =C90*u_h -> 6.45 | L90: =IF(G90=0,I90,I90/(2*G90)) -> 33.5 | M90: =((IF((lane_off+(L90))<=(v_sh^2/a_sh),(4/3)*(lane_off+(L90))^1.5/SQRT(a_sh),(4/3)*(v_sh^2/a_sh)^1.5/SQRT(a_sh)+((lane_off+(L90))^2-(v_sh^2/a_sh)^2)/(2*v_sh)+(v_sh/a_sh)*((lane_off+(L90))-(v_sh^2/a_sh))))-(IF((lane_off)<=(v_sh^2/a_sh),(4/3)*(lane_off)^1.5/SQRT(a_sh),(4/3)*(v_sh^2/a_sh)^1.5/SQRT(a_sh)+((lane_off)^2-(v_sh^2/a_sh)^2)/(2*v_sh)+(v_sh/a_sh)*((lane_off)-(v_sh^2/a_sh)))))/(L90) -> 15.681494 | N90: =IF(((B90-1)*u_d/2*(1+f_hc)+lane_off)<=0,0,IF(((B90-1)*u_d/2*(1+f_hc)+lane_off)>=v_sh^2/a_sh,((B90-1)*u_d/2*(1+f_hc)+lane_off)/v_sh+v_sh/a_sh,2*SQRT(((B90-1)*u_d/2*(1+f_hc)+lane_off)/a_sh))) -> 6.5142857 | O90: =2*t_sh+2*t_turn+2*M90+2*N90 -> 102.39156 | P90: =SUMPRODUCT((Tc_idx<=C90)*(ROUNDUP(lam_total*INDEX(Tc_P,C90,0)*O90/(3600*rho_max)-0.000000001,0)+(ROUNDUP(lam_total*INDEX(Tc_P,C90,0)*O90/(3600*rho_max)-0.000000001,0)<min_sh)*(min_sh-ROUNDUP(lam_total*INDEX(Tc_P,C90,0)*O90/(3600*rho_max)-0.000000001,0)))) -> 5 | Q90: =ROUNDUP(P90-0.000000001,0)+spares -> 7 | R90: =B90*C90*(2*H90-G90*lpl) -> 4716 | S90: =R90*fill -> 4008.6 | T90: =I90*J90 -> 2264.6 | U90: =T90*(K90+headroom) -> 18003.57 | V90: =G90*c_lift -> 300000 | W90: =Q90*c_shut -> 350000 | X90: =R90*c_pos -> 471600 | Y90: =T90*c_m2+U90*c_m3 -> 1445947.1 | Z90: =SUM(V90:Y90) -> 2567547.1 | AA90: =B90*u_d/(H90*u_w) -> 0.058208955 | AB90: =IF(G90=0,0,F90/G90) -> 0.30613912 | AC90: =IF(G90>1,F90/(G90-1),"n/a") -> 0.61227824 | AD90: =moves_day*m_pallet*9.81*INDEX(Tc_mh,C90)/3600000 -> 6.6169412 | AE90: =IF(AND(K90<=H_max,H90<=300,G90<=6,NOT(AND(env_use="Yes",NOT(OR(AND(I90<=L_bldg,J90<=W_bldg),AND(I90<=W_bldg,J90<=L_bldg))))),OR(lane_policy="Free (optimize N_C)",AND(B90=sku_pal,A90<=20))),1,0) -> 0 | AF90: =IF(obj_mode="Total cost",Z90,IF(obj_mode="Shuttle cycle",O90,T90)) -> 2567547.1 | AG90: =IF(AE90=1,AF90*(1+A90*0.0000000001),1E+99) -> 1e+99 | AH90: =IF(AE90=1,"",TRIM(IF(K90>H_max,"height ","")&IF(AND(env_use="Yes",NOT(OR(AND(I90<=L_bldg,J90<=W_bldg),AND(I90<=W_bldg,J90<=L_bldg)))),"footprint ","")&IF(H90>300,"lanes>300 ","")&IF(G90>6,"lifts>6 ","")&IF(AND(lane_policy<>"Free (optimize N_C)",B90<>sku_pal),"lane policy ","")&IF(AND(lane_policy<>"Free (optimize N_C)",B90=sku_pal,A90>20),"duplicate",""))) -> footprint duplicate | AI90: =(MAX(0,K90/H_max-1)+IF(env_use="Yes",MIN(MAX(0,I90/L_bldg-1)+MAX(0,J90/W_bldg-1),MAX(0,I90/W_bldg-1)+MAX(0,J90/L_bldg-1)),0)+MAX(0,H90/300-1)+MAX(0,G90/6-1)+IF(AND(lane_policy<>"Free (optimize N_C)",B90<>sku_pal),1000,0))*1000000000000000+AF90*(1+A90*0.0000000001) -> 1.2333333e+15
A91: 84 | B91: =$F$3 -> 6 | C91: 4 | D91: =INDEX(Tc_pl,C91) -> 0.55555556 | E91: =INDEX(Tc_S,C91) -> 42.447143 | F91: =lam_total*D91*E91/3600 -> 0.6550485 | G91: =IF(F91<=0.000000000001,0,MAX(ROUNDUP(F91/rho_max-0.000000001,0),IF(redund="Yes",ROUNDUP(F91/rho_fail-0.000000001,0)+1,0))) -> 2 | H91: =MAX(1,ROUNDUP((P_req/(B91*C91)+G91*lpl)/2-0.000000001,0)) -> 102 | I91: =H91*u_w -> 102 | J91: =2*B91*u_d+aisle_w -> 16.9 | K91: =C91*u_h -> 8.6 | L91: =IF(G91=0,I91,I91/(2*G91)) -> 25.5 | M91: =((IF((lane_off+(L91))<=(v_sh^2/a_sh),(4/3)*(lane_off+(L91))^1.5/SQRT(a_sh),(4/3)*(v_sh^2/a_sh)^1.5/SQRT(a_sh)+((lane_off+(L91))^2-(v_sh^2/a_sh)^2)/(2*v_sh)+(v_sh/a_sh)*((lane_off+(L91))-(v_sh^2/a_sh))))-(IF((lane_off)<=(v_sh^2/a_sh),(4/3)*(lane_off)^1.5/SQRT(a_sh),(4/3)*(v_sh^2/a_sh)^1.5/SQRT(a_sh)+((lane_off)^2-(v_sh^2/a_sh)^2)/(2*v_sh)+(v_sh/a_sh)*((lane_off)-(v_sh^2/a_sh)))))/(L91) -> 12.820786 | N91: =IF(((B91-1)*u_d/2*(1+f_hc)+lane_off)<=0,0,IF(((B91-1)*u_d/2*(1+f_hc)+lane_off)>=v_sh^2/a_sh,((B91-1)*u_d/2*(1+f_hc)+lane_off)/v_sh+v_sh/a_sh,2*SQRT(((B91-1)*u_d/2*(1+f_hc)+lane_off)/a_sh))) -> 6.5142857 | O91: =2*t_sh+2*t_turn+2*M91+2*N91 -> 96.670143 | P91: =SUMPRODUCT((Tc_idx<=C91)*(ROUNDUP(lam_total*INDEX(Tc_P,C91,0)*O91/(3600*rho_max)-0.000000001,0)+(ROUNDUP(lam_total*INDEX(Tc_P,C91,0)*O91/(3600*rho_max)-0.000000001,0)<min_sh)*(min_sh-ROUNDUP(lam_total*INDEX(Tc_P,C91,0)*O91/(3600*rho_max)-0.000000001,0)))) -> 6 | Q91: =ROUNDUP(P91-0.000000001,0)+spares -> 8 | R91: =B91*C91*(2*H91-G91*lpl) -> 4752 | S91: =R91*fill -> 4039.2 | T91: =I91*J91 -> 1723.8 | U91: =T91*(K91+headroom) -> 17410.38 | V91: =G91*c_lift -> 300000 | W91: =Q91*c_shut -> 400000 | X91: =R91*c_pos -> 475200 | Y91: =T91*c_m2+U91*c_m3 -> 1211831.4 | Z91: =SUM(V91:Y91) -> 2387031.4 | AA91: =B91*u_d/(H91*u_w) -> 0.076470588 | AB91: =IF(G91=0,0,F91/G91) -> 0.32752425 | AC91: =IF(G91>1,F91/(G91-1),"n/a") -> 0.6550485 | AD91: =moves_day*m_pallet*9.81*INDEX(Tc_mh,C91)/3600000 -> 8.1241333 | AE91: =IF(AND(K91<=H_max,H91<=300,G91<=6,NOT(AND(env_use="Yes",NOT(OR(AND(I91<=L_bldg,J91<=W_bldg),AND(I91<=W_bldg,J91<=L_bldg))))),OR(lane_policy="Free (optimize N_C)",AND(B91=sku_pal,A91<=20))),1,0) -> 0 | AF91: =IF(obj_mode="Total cost",Z91,IF(obj_mode="Shuttle cycle",O91,T91)) -> 2387031.4 | AG91: =IF(AE91=1,AF91*(1+A91*0.0000000001),1E+99) -> 1e+99 | AH91: =IF(AE91=1,"",TRIM(IF(K91>H_max,"height ","")&IF(AND(env_use="Yes",NOT(OR(AND(I91<=L_bldg,J91<=W_bldg),AND(I91<=W_bldg,J91<=L_bldg)))),"footprint ","")&IF(H91>300,"lanes>300 ","")&IF(G91>6,"lifts>6 ","")&IF(AND(lane_policy<>"Free (optimize N_C)",B91<>sku_pal),"lane policy ","")&IF(AND(lane_policy<>"Free (optimize N_C)",B91=sku_pal,A91>20),"duplicate",""))) -> footprint duplicate | AI91: =(MAX(0,K91/H_max-1)+IF(env_use="Yes",MIN(MAX(0,I91/L_bldg-1)+MAX(0,J91/W_bldg-1),MAX(0,I91/W_bldg-1)+MAX(0,J91/L_bldg-1)),0)+MAX(0,H91/300-1)+MAX(0,G91/6-1)+IF(AND(lane_policy<>"Free (optimize N_C)",B91<>sku_pal),1000,0))*1000000000000000+AF91*(1+A91*0.0000000001) -> 7e+14
A92: 85 | B92: =$F$3 -> 6 | C92: 5 | D92: =INDEX(Tc_pl,C92) -> 0.57894737 | E92: =INDEX(Tc_S,C92) -> 43.502597 | F92: =lam_total*D92*E92/3600 -> 0.69960317 | G92: =IF(F92<=0.000000000001,0,MAX(ROUNDUP(F92/rho_max-0.000000001,0),IF(redund="Yes",ROUNDUP(F92/rho_fail-0.000000001,0)+1,0))) -> 2 | H92: =MAX(1,ROUNDUP((P_req/(B92*C92)+G92*lpl)/2-0.000000001,0)) -> 82 | I92: =H92*u_w -> 82 | J92: =2*B92*u_d+aisle_w -> 16.9 | K92: =C92*u_h -> 10.75 | L92: =IF(G92=0,I92,I92/(2*G92)) -> 20.5 | M92: =((IF((lane_off+(L92))<=(v_sh^2/a_sh),(4/3)*(lane_off+(L92))^1.5/SQRT(a_sh),(4/3)*(v_sh^2/a_sh)^1.5/SQRT(a_sh)+((lane_off+(L92))^2-(v_sh^2/a_sh)^2)/(2*v_sh)+(v_sh/a_sh)*((lane_off+(L92))-(v_sh^2/a_sh))))-(IF((lane_off)<=(v_sh^2/a_sh),(4/3)*(lane_off)^1.5/SQRT(a_sh),(4/3)*(v_sh^2/a_sh)^1.5/SQRT(a_sh)+((lane_off)^2-(v_sh^2/a_sh)^2)/(2*v_sh)+(v_sh/a_sh)*((lane_off)-(v_sh^2/a_sh)))))/(L92) -> 11.03143 | N92: =IF(((B92-1)*u_d/2*(1+f_hc)+lane_off)<=0,0,IF(((B92-1)*u_d/2*(1+f_hc)+lane_off)>=v_sh^2/a_sh,((B92-1)*u_d/2*(1+f_hc)+lane_off)/v_sh+v_sh/a_sh,2*SQRT(((B92-1)*u_d/2*(1+f_hc)+lane_off)/a_sh))) -> 6.5142857 | O92: =2*t_sh+2*t_turn+2*M92+2*N92 -> 93.091432 | P92: =SUMPRODUCT((Tc_idx<=C92)*(ROUNDUP(lam_total*INDEX(Tc_P,C92,0)*O92/(3600*rho_max)-0.000000001,0)+(ROUNDUP(lam_total*INDEX(Tc_P,C92,0)*O92/(3600*rho_max)-0.000000001,0)<min_sh)*(min_sh-ROUNDUP(lam_total*INDEX(Tc_P,C92,0)*O92/(3600*rho_max)-0.000000001,0)))) -> 7 | Q92: =ROUNDUP(P92-0.000000001,0)+spares -> 9 | R92: =B92*C92*(2*H92-G92*lpl) -> 4740 | S92: =R92*fill -> 4029 | T92: =I92*J92 -> 1385.8 | U92: =T92*(K92+headroom) -> 16976.05 | V92: =G92*c_lift -> 300000 | W92: =Q92*c_shut -> 450000 | X92: =R92*c_pos -> 474000 | Y92: =T92*c_m2+U92*c_m3 -> 1063601.5 | Z92: =SUM(V92:Y92) -> 2287601.5 | AA92: =B92*u_d/(H92*u_w) -> 0.095121951 | AB92: =IF(G92=0,0,F92/G92) -> 0.34980159 | AC92: =IF(G92>1,F92/(G92-1),"n/a") -> 0.69960317 | AD92: =moves_day*m_pallet*9.81*INDEX(Tc_mh,C92)/3600000 -> 10.064716 | AE92: =IF(AND(K92<=H_max,H92<=300,G92<=6,NOT(AND(env_use="Yes",NOT(OR(AND(I92<=L_bldg,J92<=W_bldg),AND(I92<=W_bldg,J92<=L_bldg))))),OR(lane_policy="Free (optimize N_C)",AND(B92=sku_pal,A92<=20))),1,0) -> 0 | AF92: =IF(obj_mode="Total cost",Z92,IF(obj_mode="Shuttle cycle",O92,T92)) -> 2287601.5 | AG92: =IF(AE92=1,AF92*(1+A92*0.0000000001),1E+99) -> 1e+99 | AH92: =IF(AE92=1,"",TRIM(IF(K92>H_max,"height ","")&IF(AND(env_use="Yes",NOT(OR(AND(I92<=L_bldg,J92<=W_bldg),AND(I92<=W_bldg,J92<=L_bldg)))),"footprint ","")&IF(H92>300,"lanes>300 ","")&IF(G92>6,"lifts>6 ","")&IF(AND(lane_policy<>"Free (optimize N_C)",B92<>sku_pal),"lane policy ","")&IF(AND(lane_policy<>"Free (optimize N_C)",B92=sku_pal,A92>20),"duplicate",""))) -> footprint duplicate | AI92: =(MAX(0,K92/H_max-1)+IF(env_use="Yes",MIN(MAX(0,I92/L_bldg-1)+MAX(0,J92/W_bldg-1),MAX(0,I92/W_bldg-1)+MAX(0,J92/L_bldg-1)),0)+MAX(0,H92/300-1)+MAX(0,G92/6-1)+IF(AND(lane_policy<>"Free (optimize N_C)",B92<>sku_pal),1000,0))*1000000000000000+AF92*(1+A92*0.0000000001) -> 3.6666667e+14
