Workbook

Sheet Dashboard
A1: APW 2026/27 – Parametric six-way shuttle warehouse: optimizer dashboard
A2: Only the lift and shuttle data are fixed (sheet 'Equipment'). Change any blue cell: the optimizer re-derives lifts, lanes, shuttles and cost for every combination of lane depth N_C × tiers N_T and picks the best one.
A4: INPUTS (blue on yellow) | B4: Value | C4: Unit | E4: RESULT | F4: Optimal design | G4: Manual design
A5: Requirements and operation | E5: Lane depth N_C | F5: =IF(n_feas=0,"n/a",INDEX(Optimizer!$B$8:$B$227,best_i)) -> 8 | G5: =Optimizer!B7 -> 8
A6: Required effective capacity | B6: 4000 | C6: pallets | E6: Tiers N_T | F6: =IF(n_feas=0,"n/a",INDEX(Optimizer!$C$8:$C$227,best_i)) -> 8 | G6: =Optimizer!C7 -> 8
A7: Pallets per SKU | B7: 6 | C7: pallets | E7: Lifts | F7: =IF(n_feas=0,"n/a",INDEX(Optimizer!$G$8:$G$227,best_i)) -> 2 | G7: =Optimizer!G7 -> 2
A8: Inbound rate | B8: 40 | C8: pallets/h | E8: Lanes per side N_L | F8: =IF(n_feas=0,"n/a",INDEX(Optimizer!$H$8:$H$227,best_i)) -> 40 | G8: =Optimizer!H7 -> 40
A9: Outbound rate (during working hours) | B9: 60 | C9: pallets/h | E9: Aisle length (m) | F9: =IF(n_feas=0,"n/a",INDEX(Optimizer!$I$8:$I$227,best_i)) -> 40 | G9: =Optimizer!I7 -> 40
A10: Inbound hours per day | B10: 24 | C10: h | E10: Block depth (m) | F10: =IF(n_feas=0,"n/a",INDEX(Optimizer!$J$8:$J$227,best_i)) -> 22.1 | G10: =Optimizer!J7 -> 22.1
A11: Outbound hours per day | B11: 16 | C11: h | E11: Rack height (m) | F11: =IF(n_feas=0,"n/a",INDEX(Optimizer!$K$8:$K$227,best_i)) -> 17.2 | G11: =Optimizer!K7 -> 17.2
A12: Peak design factor (1.25 = +25 %) | B12: 1 | C12: x | E12: D/W | F12: =IF(n_feas=0,"n/a",INDEX(Optimizer!$AA$8:$AA$227,best_i)) -> 0.26 | G12: =Optimizer!AA7 -> 0.26
A13: Building limits | E13: Net positions | F13: =IF(n_feas=0,"n/a",INDEX(Optimizer!$R$8:$R$227,best_i)) -> 4736 | G13: =Optimizer!R7 -> 4736
A14: Maximum rack height available | B14: 20 | C14: m | E14: Effective positions | F14: =IF(n_feas=0,"n/a",INDEX(Optimizer!$S$8:$S$227,best_i)) -> 4025.6 | G14: =Optimizer!S7 -> 4025.6
A15: Constrain footprint to the building below? | B15: Yes | E15: Footprint (m²) | F15: =IF(n_feas=0,"n/a",INDEX(Optimizer!$T$8:$T$227,best_i)) -> 884 | G15: =Optimizer!T7 -> 884
A16: Building length | B16: 45 | C16: m | E16: Shuttle cycle (s) | F16: =IF(n_feas=0,"n/a",INDEX(Optimizer!$O$8:$O$227,best_i)) -> 87.781007 | G16: =Optimizer!O7 -> 87.781007
A17: Building width | B17: 30 | C17: m | E17: Shuttles incl. spares | F17: =IF(n_feas=0,"n/a",INDEX(Optimizer!$Q$8:$Q$227,best_i)) -> 12 | G17: =Optimizer!Q7 -> 12
A18: Lane policy and ABC distribution | E18: Lift utilization | F18: =IF(n_feas=0,"n/a",INDEX(Optimizer!$AB$8:$AB$227,best_i)) -> 0.37582341 | G18: =Optimizer!AB7 -> 0.37582341
A19: Lane depth N_C | B19: Free (optimize N_C) | E19: Lift util., one lift down | F19: =IF(n_feas=0,"n/a",INDEX(Optimizer!$AC$8:$AC$227,best_i)) -> 0.75164683 | G19: =Optimizer!AC7 -> 0.75164683
A20: Distribution of transactions over tiers | B20: ABC | E20: Lift energy (kWh/day) | F20: =IF(n_feas=0,"n/a",INDEX(Optimizer!$AD$8:$AD$227,best_i)) -> 12.93612 | G20: =Optimizer!AD7 -> 12.93612
A21: Tiers for class A (lowest) | B21: 2 | C21: tiers | E21: Total cost (EUR) | F21: =IF(n_feas=0,"n/a",INDEX(Optimizer!$Z$8:$Z$227,best_i)) -> 2223124 | G21: =Optimizer!Z7 -> 2223124
A22: Tiers for class B | B22: 3 | C22: tiers | E22: Cost per effective pallet (EUR) | F22: =IF(n_feas=0,"n/a",INDEX(Optimizer!$Z$8:$Z$227,best_i)/INDEX(Optimizer!$S$8:$S$227,best_i)) -> 552.24662 | G22: =Optimizer!Z7/Optimizer!S7 -> 552.24662
A23: Share of transactions class A | B23: 0.8 | E23: Feasible? | F23: =IF(n_feas=0,"NO feasible design",IF(INDEX(Optimizer!$AE$8:$AE$227,best_i)=1,"Yes","No")) -> Yes | G23: =IF(Optimizer!AE7=1,"Yes","No – "&Optimizer!AH7) -> Yes
A24: Share of transactions class B | B24: 0.15 | E24: =IF(n_feas=0,"No design satisfies the constraints: relax height / footprint / lane policy.","Designs satisfying all constraints: "&n_feas&" of 220") -> Designs satisfying all constraints: 12 of 220
A25: Share of transactions class C | B25: 0.05
A26: Pallet and rack geometry | E26: Top 5 | F26: N_C | G26: N_T | H26: Lifts | I26: N_L | J26: Shuttles | K26: Cycle (s) | L26: Cost (EUR)
A27: Lane pitch across lanes u_w (pallet 850 + 150 upright) | B27: 1 | C27: m | E27: 1 | F27: =Chart_data!C82 -> 8 | G27: =Chart_data!D82 -> 8 | H27: =Chart_data!E82 -> 2 | I27: =Chart_data!F82 -> 40 | J27: =Chart_data!G82 -> 12 | K27: =Chart_data!L82 -> 87.781007 | L27: =Chart_data!M82 -> 2223124
A28: Position pitch along lane u_d (pallet 1250 + 50) | B28: 1.3 | C28: m | E28: 2 | F28: =Chart_data!C83 -> 10 | G28: =Chart_data!D83 -> 7 | H28: =Chart_data!E83 -> 2 | I28: =Chart_data!F83 -> 37 | J28: =Chart_data!G83 -> 11 | K28: =Chart_data!L83 -> 89.467691 | L28: =Chart_data!M83 -> 2231554.6
A29: Vertical pitch u_h (pallet 1700 + 450 rail zone) | B29: 2.15 | C29: m | E29: 3 | F29: =Chart_data!C84 -> 8 | G29: =Chart_data!D84 -> 9 | H29: =Chart_data!E84 -> 2 | I29: =Chart_data!F84 -> 36 | J29: =Chart_data!G84 -> 13 | K29: =Chart_data!L84 -> 87.058262 | L29: =Chart_data!M84 -> 2241087.8
A30: Cross-aisle width (slide: 1300 mm) | B30: 1.3 | C30: m | E30: 4 | F30: =Chart_data!C85 -> 10 | G30: =Chart_data!D85 -> 8 | H30: =Chart_data!E85 -> 2 | I30: =Chart_data!F85 -> 33 | J30: =Chart_data!G85 -> 12 | K30: =Chart_data!L85 -> 88.743429 | L30: =Chart_data!M85 -> 2245764.9
A31: Offset aisle centre → first slot / lift | B31: 1.3 | C31: m | E31: 5 | F31: =Chart_data!C86 -> 12 | G31: =Chart_data!D86 -> 8 | H31: =Chart_data!E86 -> 2 | I31: =Chart_data!F86 -> 28 | J31: =Chart_data!G86 -> 12 | K31: =Chart_data!L86 -> 90.062663 | L31: =Chart_data!M86 -> 2254510
A32: Headroom above racks | B32: 1.5 | C32: m | E32: Tip: switch 'Lane depth N_C' to 'Free', the objective or ABC to see how the optimum moves.
A33: Honeycombing factor f | B33: 0.2
A34: Lanes replaced by each lift shaft | B34: 3 | C34: lanes | E34: IN / OUT bays and lifts (optimal design)
A35: Average fill ratio | B35: 0.85 | E35: Lift layout used | F35: =lift_layout -> Equispaced
A36: Design rules | E36: Lift positions in aisle (m) | F36: =IF(Bay_position!B12="","",IF(0>0," / ","")&TEXT(Bay_position!B12,"0.0"))&IF(Bay_position!B13="","",IF(1>0," / ","")&TEXT(Bay_position!B13,"0.0"))&IF(Bay_position!B14="","",IF(2>0," / ","")&TEXT(Bay_position!B14,"0.0"))&IF(Bay_position!B15="","",IF(3>0," / ","")&TEXT(Bay_position!B15,"0.0"))&IF(Bay_position!B16="","",IF(4>0," / ","")&TEXT(Bay_position!B16,"0.0"))&IF(Bay_position!B17="","",IF(5>0," / ","")&TEXT(Bay_position!B17,"0.0")) -> 10.0 / 30.0
A37: Max utilization (normal operation) | B37: 0.75 | E37: Mean shuttle aisle leg (s) | F37: =sum_ta -> 7.2819788
A38: Max lift utilization with one lift down | B38: 0.95 | E38: Shuttle cycle with this layout (s) | F38: =sum_cyc -> 87.8211
A39: N+1 redundancy on lifts | B39: Yes | E39: Mean conveyor length (m) | F39: =sum_cv -> 33.45
A40: Minimum shuttles per active tier (0.4 ≈ roaming pool) | B40: 1 | C40: shuttles | E40: Mean conveyor time (s) | F40: =sum_ct -> 83.625
A41: Spare shuttles | B41: 2 | C41: shuttles | E41: Installed ground conveyor (m) | F41: =sum_trunk -> 119.2
A42: Costs (ASSUMPTIONS – edit freely) | E42: Conveyor cost (EUR) | F42: =sum_cc -> 71520
A43: Cost per lift | B43: 150000 | C43: EUR
A44: Cost per shuttle (paper: generic shuttle) | B44: 50000 | C44: EUR | E44: Static study of best lift positions for several IN/OUT layouts: sheet Lift_location_study.
A45: Cost per pallet position (rack) | B45: 100 | C45: EUR
A46: Cost per m² of footprint | B46: 400 | C46: EUR/m²
A47: Cost per m³ of building | B47: 30 | C47: EUR/m³
A48: Optimization target and manual design
A49: Objective | B49: Total cost
A50: Pallet mass (energy, upper bound) | B50: 1000 | C50: kg
A51: Manual design: lane depth N_C | B51: 8 | C51: pos
A52: Manual design: tiers N_T | B52: 8 | C52: tiers
A53: IN / OUT bays and lift layout (x from the left wall, along the building length)
A54: Inbound bay position | B54: 5 | C54: m
A55: Outbound bay position | B55: 40 | C55: m
A56: Distance front wall → rack block (apron) | B56: 5 | C56: m
A57: Ground conveyor speed (ASSUMPTION) | B57: 0.4 | C57: m/s
A58: Ground conveyor cost (ASSUMPTION) | B58: 600 | C58: EUR/m
A59: Weight of conveyor time vs shuttle time (lift placement) | B59: 0.3
A60: Lift positions along the aisle | B60: Equispaced
A61: Manual position of lift 1 (aisle coordinate) | B61: 10 | C61: m
A62: Manual position of lift 2 (aisle coordinate) | B62: 20 | C62: m
A63: Manual position of lift 3 (aisle coordinate) | B63: 30 | C63: m
A64: Manual position of lift 4 (aisle coordinate) | B64: 40 | C64: m
A65: Manual position of lift 5 (aisle coordinate) | B65: 50 | C65: m
A66: Manual position of lift 6 (aisle coordinate) | B66: 60 | C66: m

Sheet Equipment
A1: LIFT AND SHUTTLE DATA – fixed by the assignment
A3: Parameter | B3: Value | C3: Unit | D3: Note
A4: Shuttle max speed | B4: 1.4 | C4: m/s
A5: Shuttle acceleration = deceleration | B5: 0.5 | C5: m/s²
A6: Direction change time | B6: 4 | C6: s
A7: Shuttle load/unload (rack / conveyor) | B7: 25 | C7: s
A8: Lift max speed | B8: 1 | C8: m/s
A9: Lift acceleration | B9: 0.7 | C9: m/s²
A10: Lift positioning time | B10: 1 | C10: s
A11: Lift load/unload with chain conveyor | B11: 7 | C11: s
A12: Lift load/unload with shuttle | B12: 25 | C12: s
A13: Lift interface at the tiers | B13: Shuttle | D13: 'Shuttle' = 25 s hand-over; 'Chain' = chain conveyor buffer at each tier (7 s)
A14: Interface time used (t_I) | B14: =IF(lift_iface="Chain",t_ch,t_lift_sh) -> 25
A16: Reference data (not used in the equations): shuttle 1045×890×197 mm, 260 kg, capacity 1000 kg, battery 8 h; lift 470 kg, capacity 1800 kg, 16 kW.
A18: Derived values
A19: Peak transactions (in + out) | B19: =(lam_in+lam_out)*peak_factor -> 100 | C19: tx/h
A20: Pallet movements per day | B20: =lam_in*hours_in+lam_out*hours_out -> 1920 | C20: mov/day
A21: Positions to build (capacity / fill) | B21: =cap_req/fill -> 4705.8824 | C21: pallets
A23: Shuttle battery 50 V × 30 Ah (slide) | B23: 1.5 | C23: kWh | D23: Runtime 8 h (slide); not used in the equations

Sheet README
A1: APW 2026/27 – Parametric warehouse optimizer: how it works
A3: What it does
A4: Given the requirements (capacity, flows, SKU size, building limits, costs), it explores every combination of lane depth N_C and number of tiers N_T and, for each one, derives the number of lifts, the number of lanes, the aisle length, the shuttle fleet, the cost and the feasibility. The best design is shown on the Dashboard, together with a manual design for comparison.
A6: What is fixed
A7: Only the lift and shuttle kinematics (sheet Equipment). Everything else is an input on the Dashboard.
A9: Derivation of each design (sheet Optimizer)
A10: 1. Lifts: lift workload = peak rate × share of transactions above tier 1 × mean lift cycle / 3600. Lifts n = max(ceil(workload/ρ_max), ceil(workload/ρ_fail)+1 if N+1).
A11: 2. Lanes: N_L = ceil((required positions/(N_C·N_T) + n·lanes per lift)/2). Aisle length = N_L·u_w, block depth = 2·N_C·u_d + aisle width.
A12: 3. Shuttle cycle = 2·25 + 2·4 + 2·(mean aisle leg to the nearest lift) + 2·(mean in-lane leg with honeycombing); lifts equally spaced at (2k−1)L/(2n), mean distance L/(4n).
A13: 4. Shuttles per tier = max(min per tier, ceil(tier load × cycle / (3600 ρ_max))); fleet = sum + spares.
A14: 5. Cost = lifts + shuttles + rack positions + building (footprint × €/m² + volume × €/m³). Costs are ASSUMPTIONS: replace them with real quotes.
A15: 6. Feasible = height ≤ maximum, lane policy respected, footprint inside the building (if constrained). The best feasible design minimizes the chosen objective.
... A30: Geometry now follows the professor's slides: pallet 850×1250×1700 mm, lane pitch 1.00 m (850 + 150 upright), position pitch 1.30 m, vertical pitch 2.15 m (1700 + 450 rail zone), cross-aisle 1.3 m. The vertical pitch and lane pitch are my reading of the drawings: confirm with the professor.

Sheet Optimizer
A1: OPTIMIZER – all combinations of lane depth N_C × tiers N_T (formulas only)
A3: N_C values explored → | B3: 2 | C3: 3 | D3: 4 | E3: 5 | F3: 6 | G3: 8 | H3: 10 | I3: 12 | J3: 16 | K3: 20 | L3: 24
A4: Best score / row / feasible designs → | B4: =MIN(AG8:AG227) -> 2223124 | D4: =MATCH(B4,AG8:AG227,0) -> 108 | F4: =COUNTIF(AE8:AE227,1) -> 12
AJ5: Objective by N_T (rows) and N_C (columns); infeasible = NA
A6: # | B6: N_C | C6: N_T | D6: p lift users | E6: Lift cycle (s) | F6: Lift-equiv. busy | G6: Lifts n | H6: N_L per side | I6: Aisle L (m) | J6: Block depth (m) | K6: Rack height (m) | L6: dmax (m) | M6: t_aisle (s) | N6: t_lane (s) | O6: Shuttle cycle (s) | P6: Σ shuttles needed | Q6: Shuttles + spares | R6: Net positions | S6: Effective positions | T6: Footprint (m²) | U6: Volume (m³) | V6: Cost lifts | W6: Cost shuttles | X6: Cost rack | Y6: Cost building | Z6: Total cost (EUR) | AA6: D/W | AB6: Lift util | AC6: Lift util, one down | AD6: Lift energy (kWh/day) | AE6: Feasible | AF6: Objective | AG6: Score | AH6: Why not | AJ6: N_T \ N_C | AK6: =B3 -> 2 | AL6: =C3 -> 3 | AM6: =D3 -> 4 | AN6: =E3 -> 5 | AO6: =F3 -> 6 | AP6: =G3 -> 8 | AQ6: =H3 -> 10 | AR6: =I3 -> 12 | ... AU6: =L3 -> 24
A7: 0 | B7: =NC_man -> 8 | C7: =NT_man -> 8 | D7: =INDEX(Tc_pl,C7) -> 0.6 | E7: =INDEX(Tc_S,C7) -> 45.09881 | F7: =lam_total*D7*E7/3600 -> 0.75164683 | G7: =IF(F7<=0.000000000001,0,MAX(ROUNDUP(F7/rho_max-0.000000001,0),IF(redund="Yes",ROUNDUP(F7/rho_fail-0.000000001,0)+1,0))) -> 2 | H7: =MAX(1,ROUNDUP((P_req/(B7*C7)+G7*lpl)/2-0.000000001,0)) -> 40 | I7: =H7*u_w -> 40 | J7: =2*B7*u_d+aisle_w -> 22.1 | K7: =C7*u_h -> 17.2 | L7: =IF(G7=0,I7,I7/(2*G7)) -> 10 | M7: =((IF((lane_off+(L7))<=(v_sh^2/a_sh),(4/3)*(lane_off+(L7))^1.5/SQRT(a_sh),(4/3)*(v_sh^2/a_sh)^1.5/SQRT(a_sh)+((lane_off+(L7))^2-(v_sh^2/a_sh)^2)/(2*v_sh)+(v_sh/a_sh)*((lane_off+(L7))-(v_sh^2/a_sh))))-(IF((lane_off)<=(v_sh^2/a_sh),(4/3)*(lane_off)^1.5/SQRT(a_sh),(4/3)*(v_sh^2/a_sh)^1.5/SQRT(a_sh)+((lane_off)^2-(v_sh^2/a_sh)^2)/(2*v_sh)+(v_sh/a_sh)*((lane_off)-(v_sh^2/a_sh)))))/(L7) -> 7.2619322 | N7: =IF(((B7-1)*u_d/2*(1+f_hc)+lane_off)<=0,0,IF(((B7-1)*u_d/2*(1+f_hc)+lane_off)>=v_sh^2/a_sh,((B7-1)*u_d/2*(1+f_hc)+lane_off)/v_sh+v_sh/a_sh,2*SQRT(((B7-1)*u_d/2*(1+f_hc)+lane_off)/a_sh))) -> 7.6285714 | O7: =2*t_sh+2*t_turn+2*M7+2*N7 -> 87.781007 | P7: =SUMPRODUCT((Tc_idx<=C7)*(ROUNDUP(lam_total*INDEX(Tc_P,C7,0)*O7/(3600*rho_max)-0.000000001,0)+(ROUNDUP(lam_total*INDEX(Tc_P,C7,0)*O7/(3600*rho_max)-0.000000001,0)<min_sh)*(min_sh-ROUNDUP(lam_total*INDEX(Tc_P,C7,0)*O7/(3600*rho_max)-0.000000001,0)))) -> 10 | Q7: =ROUNDUP(P7-0.000000001,0)+spares -> 12 | R7: =B7*C7*(2*H7-G7*lpl) -> 4736 | S7: =R7*fill -> 4025.6 | T7: =I7*J7 -> 884 | U7: =T7*(K7+headroom) -> 16530.8 | V7: =G7*c_lift -> 300000 | W7: =Q7*c_shut -> 600000 | X7: =R7*c_pos -> 473600 | Y7: =T7*c_m2+U7*c_m3 -> 849524 | Z7: =SUM(V7:Y7) -> 2223124 | AA7: =B7*u_d/(H7*u_w) -> 0.26 | AB7: =IF(G7=0,0,F7/G7) -> 0.37582341 | AC7: =IF(G7>1,F7/(G7-1),"n/a") -> 0.75164683 | AD7: =moves_day*m_pallet*9.81*INDEX(Tc_mh,C7)/3600000 -> 12.93612 | AE7: =IF(AND(K7<=H_max,H7<=300,OR(lane_policy="Free (optimize N_C)",B7=sku_pal),OR(env_use="No",AND(I7<=L_bldg,J7<=W_bldg),AND(I7<=W_bldg,J7<=L_bldg))),1,0) -> 1 | AF7: =IF(obj_mode="Total cost",Z7,IF(obj_mode="Shuttle cycle",O7,T7)) -> 2223124 | AH7: =IF(AE7=1,"",IF(K7>H_max,"height",IF(AND(lane_policy<>"Free (optimize N_C)",B7<>sku_pal),"lane policy","footprint"))) | AJ7: 1 | AK7: =IF(AE8=1,AF8,NA()) -> #N/A | AL7: =IF(AE28=1,AF28,NA()) -> #N/A | AM7: =IF(AE48=1,AF48,NA()) -> #N/A | AN7: =IF(AE68=1,AF68,NA()) -> #N/A | AO7: =IF(AE88=1,AF88,NA()) -> #N/A | AP7: =IF(AE108=1,AF108,NA()) -> #N/A | AQ7: =IF(AE128=1,AF128,NA()) -> #N/A | AR7: =IF(AE148=1,AF148,NA()) -> #N/A | AS7: =IF(AE168=1,AF168,NA()) -> #N/A | AT7: =IF(AE188=1,AF188,NA()) -> #N/A | AU7: =IF(AE208=1,AF208,NA()) -> #N/A
A8: 1 | B8: =$B$3 -> 2 | C8: 1 | D8: =INDEX(Tc_pl,C8) -> 0 | E8: =INDEX(Tc_S,C8) -> 0 | F8: =lam_total*D8*E8/3600 -> 0 | G8: =IF(F8<=0.000000000001,0,MAX(ROUNDUP(F8/rho_max-0.000000001,0),IF(redund="Yes",ROUNDUP(F8/rho_fail-0.000000001,0)+1,0))) -> 0 | H8: =MAX(1,ROUNDUP((P_req/(B8*C8)+G8*lpl)/2-0.000000001,0)) -> 1177 | I8: =H8*u_w -> 1177 | J8: =2*B8*u_d+aisle_w -> 6.5 | K8: =C8*u_h -> 2.15 | L8: =IF(G8=0,I8,I8/(2*G8)) -> 1177 | M8: =((IF((lane_off+(L8))<=(v_sh^2/a_sh),(4/3)*(lane_off+(L8))^1.5/SQRT(a_sh),(4/3)*(v_sh^2/a_sh)^1.5/SQRT(a_sh)+((lane_off+(L8))^2-(v_sh^2/a_sh)^2)/(2*v_sh)+(v_sh/a_sh)*((lane_off+(L8))-(v_sh^2/a_sh))))-(IF((lane_off)<=(v_sh^2/a_sh),(4/3)*(lane_off)^1.5/SQRT(a_sh),(4/3)*(v_sh^2/a_sh)^1.5/SQRT(a_sh)+((lane_off)^2-(v_sh^2/a_sh)^2)/(2*v_sh)+(v_sh/a_sh)*((lane_off)-(v_sh^2/a_sh)))))/(L8) -> 424.08539 | N8: =IF(((B8-1)*u_d/2*(1+f_hc)+lane_off)<=0,0,IF(((B8-1)*u_d/2*(1+f_hc)+lane_off)>=v_sh^2/a_sh,((B8-1)*u_d/2*(1+f_hc)+lane_off)/v_sh+v_sh/a_sh,2*SQRT(((B8-1)*u_d/2*(1+f_hc)+lane_off)/a_sh))) -> 4.0792156 | O8: =2*t_sh+2*t_turn+2*M8+2*N8 -> 914.32921 | P8: =SUMPRODUCT((Tc_idx<=C8)*(ROUNDUP(lam_total*INDEX(Tc_P,C8,0)*O8/(3600*rho_max)-0.000000001,0)+(ROUNDUP(lam_total*INDEX(Tc_P,C8,0)*O8/(3600*rho_max)-0.000000001,0)<min_sh)*(min_sh-ROUNDUP(lam_total*INDEX(Tc_P,C8,0)*O8/(3600*rho_max)-0.000000001,0)))) -> 34 | Q8: =ROUNDUP(P8-0.000000001,0)+spares -> 36 | R8: =B8*C8*(2*H8-G8*lpl) -> 4708 | S8: =R8*fill -> 4001.8 | T8: =I8*J8 -> 7650.5 | U8: =T8*(K8+headroom) -> 27924.325 | V8: =G8*c_lift -> 0 | W8: =Q8*c_shut -> 1800000 | X8: =R8*c_pos -> 470800 | Y8: =T8*c_m2+U8*c_m3 -> 3897929.8 | Z8: =SUM(V8:Y8) -> 6168729.8 | AA8: =B8*u_d/(H8*u_w) -> 0.0022090059 | AB8: =IF(G8=0,0,F8/G8) -> 0 | AC8: =IF(G8>1,F8/(G8-1),"n/a") -> n/a | AD8: =moves_day*m_pallet*9.81*INDEX(Tc_mh,C8)/3600000 -> 0 | AE8: =IF(AND(K8<=H_max,H8<=300,OR(lane_policy="Free (optimize N_C)",B8=sku_pal),OR(env_use="No",AND(I8<=L_bldg,J8<=W_bldg),AND(I8<=W_bldg,J8<=L_bldg))),1,0) -> 0 | AF8: =IF(obj_mode="Total cost",Z8,IF(obj_mode="Shuttle cycle",O8,T8)) -> 6168729.8 | AG8: =IF(AE8=1,AF8*(1+A8*0.0000000001),1E+099) -> 1e+99 | AH8: =IF(AE8=1,"",IF(K8>H_max,"height",IF(AND(lane_policy<>"Free (optimize N_C)",B8<>sku_pal),"lane policy","footprint"))) -> footprint | AJ8: 2 | AK8: =IF(AE9=1,AF9,NA()) -> #N/A | AL8: =IF(AE29=1,AF29,NA()) -> #N/A | AM8: =IF(AE49=1,AF49,NA()) -> #N/A | AN8: =IF(AE69=1,AF69,NA()) -> #N/A | AO8: =IF(AE89=1,AF89,NA()) -> #N/A | AP8: =IF(AE109=1,AF109,NA()) -> #N/A | AQ8: =IF(AE129=1,AF129,NA()) -> #N/A | AR8: =IF(AE149=1,AF149,NA()) -> #N/A | AS8: =IF(AE169=1,AF169,NA()) -> #N/A | AT8: =IF(AE189=1,AF189,NA()) -> #N/A | AU8: =IF(AE209=1,AF209,NA()) -> #N/A
A9: 2 | B9: =$B$3 -> 2 | C9: 2 | D9: =INDEX(Tc_pl,C9) -> 0.5 | E9: =INDEX(Tc_S,C9) -> 41.157143 | F9: =lam_total*D9*E9/3600 -> 0.57162698 | G9: =IF(F9<=0.000000000001,0,MAX(ROUNDUP(F9/rho_max-0.000000001,0),IF(redund="Yes",ROUNDUP(F9/rho_fail-0.000000001,0)+1,0))) -> 2 | H9: =MAX(1,ROUNDUP((P_req/(B9*C9)+G9*lpl)/2-0.000000001,0)) -> 592 | I9: =H9*u_w -> 592 | J9: =2*B9*u_d+aisle_w -> 6.5 | K9: =C9*u_h -> 4.3 | L9: =IF(G9=0,I9,I9/(2*G9)) -> 148 | M9: =((IF((lane_off+(L9))<=(v_sh^2/a_sh),(4/3)*(lane_off+(L9))^1.5/SQRT(a_sh),(4/3)*(v_sh^2/a_sh)^1.5/SQRT(a_sh)+((lane_off+(L9))^2-(v_sh^2/a_sh)^2)/(2*v_sh)+(v_sh/a_sh)*((lane_off+(L9))-(v_sh^2/a_sh))))-(IF((lane_off)<=(v_sh^2/a_sh),(4/3)*(lane_off)^1.5/SQRT(a_sh),(4/3)*(v_sh^2/a_sh)^1.5/SQRT(a_sh)+((lane_off)^2-(v_sh^2/a_sh)^2)/(2*v_sh)+(v_sh/a_sh)*((lane_off)-(v_sh^2/a_sh)))))/(L9) -> 56.583142 | N9: =IF(((B9-1)*u_d/2*(1+f_hc)+lane_off)<=0,0,IF(((B9-1)*u_d/2*(1+f_hc)+lane_off)>=v_sh^2/a_sh,((B9-1)*u_d/2*(1+f_hc)+lane_off)/v_sh+v_sh/a_sh,2*SQRT(((B9-1)*u_d/2*(1+f_hc)+lane_off)/a_sh))) -> 4.0792156 | O9: =2*t_sh+2*t_turn+2*M9+2*N9 -> 179.32472 | P9: =SUMPRODUCT((Tc_idx<=C9)*(ROUNDUP(lam_total*INDEX(Tc_P,C9,0)*O9/(3600*rho_max)-0.000000001,0)+(ROUNDUP(lam_total*INDEX(Tc_P,C9,0)*O9/(3600*rho_max)-0.000000001,0)<min_sh)*(min_sh-ROUNDUP(lam_total*INDEX(Tc_P,C9,0)*O9/(3600*rho_max)-0.000000001,0)))) -> 8 | Q9: =ROUNDUP(P9-0.000000001,0)+spares -> 10 | R9: =B9*C9*(2*H9-G9*lpl) -> 4712 | S9: =R9*fill -> 4005.2 | T9: =I9*J9 -> 3848 | U9: =T9*(K9+headroom) -> 22318.4 | V9: =G9*c_lift -> 300000 | W9: =Q9*c_shut -> 500000 | X9: =R9*c_pos -> 471200 | Y9: =T9*c_m2+U9*c_m3 -> 2208752 | Z9: =SUM(V9:Y9) -> 3479952 | AA9: =B9*u_d/(H9*u_w) -> 0.0043918919 | AB9: =IF(G9=0,0,F9/G9) -> 0.28581349 | AC9: =IF(G9>1,F9/(G9-1),"n/a") -> 0.57162698 | AD9: =moves_day*m_pallet*9.81*INDEX(Tc_mh,C9)/3600000 -> 5.6244 | AE9: =IF(AND(K9<=H_max,H9<=300,OR(lane_policy="Free (optimize N_C)",B9=sku_pal),OR(env_use="No",AND(I9<=L_bldg,J9<=W_bldg),AND(I9<=W_bldg,J9<=L_bldg))),1,0) -> 0 | AF9: =IF(obj_mode="Total cost",Z9,IF(obj_mode="Shuttle cycle",O9,T9)) -> 3479952 | AG9: =IF(AE9=1,AF9*(1+A9*0.0000000001),1E+099) -> 1e+99 | AH9: =IF(AE9=1,"",IF(K9>H_max,"height",IF(AND(lane_policy<>"Free (optimize N_C)",B9<>sku_pal),"lane policy","footprint"))) -> footprint | AJ9: 3 | AK9: =IF(AE10=1,AF10,NA()) -> #N/A | AL9: =IF(AE30=1,AF30,NA()) -> #N/A | AM9: =IF(AE50=1,AF50,NA()) -> #N/A | AN9: =IF(AE70=1,AF70,NA()) -> #N/A | AO9: =IF(AE90=1,AF90,NA()) -> #N/A | AP9: =IF(AE110=1,AF110,NA()) -> #N/A | AQ9: =IF(AE130=1,AF130,NA()) -> #N/A | AR9: =IF(AE150=1,AF150,NA()) -> #N/A | AS9: =IF(AE170=1,AF170,NA()) -> #N/A | AT9: =IF(AE190=1,AF190,NA()) -> #N/A | AU9: =IF(AE210=1,AF210,NA()) -> #N/A
A10: 3 | B10: =$B$3 -> 2 | C10: 3 | D10: =INDEX(Tc_pl,C10) -> 0.52941176 | E10: =INDEX(Tc_S,C10) -> 41.634921 | F10: =lam_total*D10*E10/3600 -> 0.61227824 | G10: =IF(F10<=0.000000000001,0,MAX(ROUNDUP(F10/rho_max-0.000000001,0),IF(redund="Yes",ROUNDUP(F10/rho_fail-0.000000001,0)+1,0))) -> 2 | H10: =MAX(1,ROUNDUP((P_req/(B10*C10)+G10*lpl)/2-0.000000001,0)) -> 396 | I10: =H10*u_w -> 396 | J10: =2*B10*u_d+aisle_w -> 6.5 | K10: =C10*u_h -> 6.45 | L10: =IF(G10=0,I10,I10/(2*G10)) -> 99 | M10: =((IF((lane_off+(L10))<=(v_sh^2/a_sh),(4/3)*(lane_off+(L10))^1.5/SQRT(a_sh),(4/3)*(v_sh^2/a_sh)^1.5/SQRT(a_sh)+((lane_off+(L10))^2-(v_sh^2/a_sh)^2)/(2*v_sh)+(v_sh/a_sh)*((lane_off+(L10))-(v_sh^2/a_sh))))-(IF((lane_off)<=(v_sh^2/a_sh),(4/3)*(lane_off)^1.5/SQRT(a_sh),(4/3)*(v_sh^2/a_sh)^1.5/SQRT(a_sh)+((lane_off)^2-(v_sh^2/a_sh)^2)/(2*v_sh)+(v_sh/a_sh)*((lane_off)-(v_sh^2/a_sh)))))/(L10) -> 39.081869 | N10: =IF(((B10-1)*u_d/2*(1+f_hc)+lane_off)<=0,0,IF(((B10-1)*u_d/2*(1+f_hc)+lane_off)>=v_sh^2/a_sh,((B10-1)*u_d/2*(1+f_hc)+lane_off)/v_sh+v_sh/a_sh,2*SQRT(((B10-1)*u_d/2*(1+f_hc)+lane_off)/a_sh))) -> 4.0792156 | O10: =2*t_sh+2*t_turn+2*M10+2*N10 -> 144.32217 | P10: =SUMPRODUCT((Tc_idx<=C10)*(ROUNDUP(lam_total*INDEX(Tc_P,C10,0)*O10/(3600*rho_max)-0.000000001,0)+(ROUNDUP(lam_total*INDEX(Tc_P,C10,0)*O10/(3600*rho_max)-0.000000001,0)<min_sh)*(min_sh-ROUNDUP(lam_total*INDEX(Tc_P,C10,0)*O10/(3600*rho_max)-0.000000001,0)))) -> 7 | Q10: =ROUNDUP(P10-0.000000001,0)+spares -> 9 | R10: =B10*C10*(2*H10-G10*lpl) -> 4716 | S10: =R10*fill -> 4008.6 | T10: =I10*J10 -> 2574 | U10: =T10*(K10+headroom) -> 20463.3 | V10: =G10*c_lift -> 300000 | W10: =Q10*c_shut -> 450000 | X10: =R10*c_pos -> 471600 | Y10: =T10*c_m2+U10*c_m3 -> 1643499 | Z10: =SUM(V10:Y10) -> 2865099 | AA10: =B10*u_d/(H10*u_w) -> 0.0065656566 | AB10: =IF(G10=0,0,F10/G10) -> 0.30613912 | AC10: =IF(G10>1,F10/(G10-1),"n/a") -> 0.61227824 | AD10: =moves_day*m_pallet*9.81*INDEX(Tc_mh,C10)/3600000 -> 6.6169412 | AE10: =IF(AND(K10<=H_max,H10<=300,OR(lane_policy="Free (optimize N_C)",B10=sku_pal),OR(env_use="No",AND(I10<=L_bldg,J10<=W_bldg),AND(I10<=W_bldg,J10<=L_bldg))),1,0) -> 0 | AF10: =IF(obj_mode="Total cost",Z10,IF(obj_mode="Shuttle cycle",O10,T10)) -> 2865099 | AG10: =IF(AE10=1,AF10*(1+A10*0.0000000001),1E+099) -> 1e+99 | AH10: =IF(AE10=1,"",IF(K10>H_max,"height",IF(AND(lane_policy<>"Free (optimize N_C)",B10<>sku_pal),"lane policy","footprint"))) -> footprint | AJ10: 4 | AK10: =IF(AE11=1,AF11,NA()) -> #N/A | AL10: =IF(AE31=1,AF31,NA()) -> #N/A | AM10: =IF(AE51=1,AF51,NA()) -> #N/A | AN10: =IF(AE71=1,AF71,NA()) -> #N/A | AO10: =IF(AE91=1,AF91,NA()) -> #N/A | AP10: =IF(AE111=1,AF111,NA()) -> #N/A | AQ10: =IF(AE131=1,AF131,NA()) -> #N/A | AR10: =IF(AE151=1,AF151,NA()) -> #N/A | AS10: =IF(AE171=1,AF171,NA()) -> #N/A | AT10: =IF(AE191=1,AF191,NA()) -> #N/A | AU10: =IF(AE211=1,AF211,NA()) -> #N/A
A11: 4 | B11: =$B$3 -> 2 | C11: 4 | D11: =INDEX(Tc_pl,C11) -> 0.55555556 | E11: =INDEX(Tc_S,C11) -> 42.447143 | F11: =lam_total*D11*E11/3600 -> 0.6550485 | G11: =IF(F11<=0.000000000001,0,MAX(ROUNDUP(F11/rho_max-0.000000001,0),IF(redund="Yes",ROUNDUP(F11/rho_fail-0.000000001,0)+1,0))) -> 2 | H11: =MAX(1,ROUNDUP((P_req/(B11*C11)+G11*lpl)/2-0.000000001,0)) -> 298 | I11: =H11*u_w -> 298 | J11: =2*B11*u_d+aisle_w -> 6.5 | K11: =C11*u_h -> 8.6 | L11: =IF(G11=0,I11,I11/(2*G11)) -> 74.5 | M11: =((IF((lane_off+(L11))<=(v_sh^2/a_sh),(4/3)*(lane_off+(L11))^1.5/SQRT(a_sh),(4/3)*(v_sh^2/a_sh)^1.5/SQRT(a_sh)+((lane_off+(L11))^2-(v_sh^2/a_sh)^2)/(2*v_sh)+(v_sh/a_sh)*((lane_off+(L11))-(v_sh^2/a_sh))))-(IF((lane_off)<=(v_sh^2/a_sh),(4/3)*(lane_off)^1.5/SQRT(a_sh),(4/3)*(v_sh^2/a_sh)^1.5/SQRT(a_sh)+((lane_off)^2-(v_sh^2/a_sh)^2)/(2*v_sh)+(v_sh/a_sh)*((lane_off)-(v_sh^2/a_sh)))))/(L11) -> 30.330605 | N11: =IF(((B11-1)*u_d/2*(1+f_hc)+lane_off)<=0,0,IF(((B11-1)*u_d/2*(1+f_hc)+lane_off)>=v_sh^2/a_sh,((B11-1)*u_d/2*(1+f_hc)+lane_off)/v_sh+v_sh/a_sh,2*SQRT(((B11-1)*u_d/2*(1+f_hc)+lane_off)/a_sh))) -> 4.0792156 | O11: =2*t_sh+2*t_turn+2*M11+2*N11 -> 126.81964 | P11: =SUMPRODUCT((Tc_idx<=C11)*(ROUNDUP(lam_total*INDEX(Tc_P,C11,0)*O11/(3600*rho_max)-0.000000001,0)+(ROUNDUP(lam_total*INDEX(Tc_P,C11,0)*O11/(3600*rho_max)-0.000000001,0)<min_sh)*(min_sh-ROUNDUP(lam_total*INDEX(Tc_P,C11,0)*O11/(3600*rho_max)-0.000000001,0)))) -> 8 | Q11: =ROUNDUP(P11-0.000000001,0)+spares -> 10 | R11: =B11*C11*(2*H11-G11*lpl) -> 4720 | S11: =R11*fill -> 4012 | T11: =I11*J11 -> 1937 | U11: =T11*(K11+headroom) -> 19563.7 | V11: =G11*c_lift -> 300000 | W11: =Q11*c_shut -> 500000 | X11: =R11*c_pos -> 472000 | Y11: =T11*c_m2+U11*c_m3 -> 1361711 | Z11: =SUM(V11:Y11) -> 2633711 | AA11: =B11*u_d/(H11*u_w) -> 0.0087248322 | AB11: =IF(G11=0,0,F11/G11) -> 0.32752425 | AC11: =IF(G11>1,F11/(G11-1),"n/a") -> 0.6550485 | AD11: =moves_day*m_pallet*9.81*INDEX(Tc_mh,C11)/3600000 -> 8.1241333 | AE11: =IF(AND(K11<=H_max,H11<=300,OR(lane_policy="Free (optimize N_C)",B11=sku_pal),OR(env_use="No",AND(I11<=L_bldg,J11<=W_bldg),AND(I11<=W_bldg,J11<=L_bldg))),1,0) -> 0 | AF11: =IF(obj_mode="Total cost",Z11,IF(obj_mode="Shuttle cycle",O11,T11)) -> 2633711 | AG11: =IF(AE11=1,AF11*(1+A11*0.0000000001),1E+099) -> 1e+99 | AH11: =IF(AE11=1,"",IF(K11>H_max,"height",IF(AND(lane_policy<>"Free (optimize N_C)",B11<>sku_pal),"lane policy","footprint"))) -> footprint | AJ11: 5 | AK11: =IF(AE12=1,AF12,NA()) -> #N/A | AL11: =IF(AE32=1,AF32,NA()) -> #N/A | AM11: =IF(AE52=1,AF52,NA()) -> #N/A | AN11: =IF(AE72=1,AF72,NA()) -> #N/A | AO11: =IF(AE92=1,AF92,NA()) -> #N/A | AP11: =IF(AE112=1,AF112,NA()) -> #N/A | AQ11: =IF(AE132=1,AF132,NA()) -> #N/A | AR11: =IF(AE152=1,AF152,NA()) -> #N/A | AS11: =IF(AE172=1,AF172,NA()) -> #N/A | AT11: =IF(AE192=1,AF192,NA()) -> #N/A | AU11: =IF(AE212=1,AF212,NA()) -> #N/A
A12: 5 | B12: =$B$3 -> 2 | C12: 5 | D12: =INDEX(Tc_pl,C12) -> 0.57894737 | E12: =INDEX(Tc_S,C12) -> 43.502597 | F12: =lam_total*D12*E12/3600 -> 0.69960317 | G12: =IF(F12<=0.000000000001,0,MAX(ROUNDUP(F12/rho_max-0.000000001,0),IF(redund="Yes",ROUNDUP(F12/rho_fail-0.000000001,0)+1,0))) -> 2 | H12: =MAX(1,ROUNDUP((P_req/(B12*C12)+G12*lpl)/2-0.000000001,0)) -> 239 | I12: =H12*u_w -> 239 | J12: =2*B12*u_d+aisle_w -> 6.5 | K12: =C12*u_h -> 10.75 | L12: =IF(G12=0,I12,I12/(2*G12)) -> 59.75 | M12: =((IF((lane_off+(L12))<=(v_sh^2/a_sh),(4/3)*(lane_off+(L12))^1.5/SQRT(a_sh),(4/3)*(v_sh^2/a_sh)^1.5/SQRT(a_sh)+((lane_off+(L12))^2-(v_sh^2/a_sh)^2)/(2*v_sh)+(v_sh/a_sh)*((lane_off+(L12))-(v_sh^2/a_sh))))-(IF((lane_off)<=(v_sh^2/a_sh),(4/3)*(lane_off)^1.5/SQRT(a_sh),(4/3)*(v_sh^2/a_sh)^1.5/SQRT(a_sh)+((lane_off)^2-(v_sh^2/a_sh)^2)/(2*v_sh)+(v_sh/a_sh)*((lane_off)-(v_sh^2/a_sh)))))/(L12) -> 25.061486 | N12: =IF(((B12-1)*u_d/2*(1+f_hc)+lane_off)<=0,0,IF(((B12-1)*u_d/2*(1+f_hc)+lane_off)>=v_sh^2/a_sh,((B12-1)*u_d/2*(1+f_hc)+lane_off)/v_sh+v_sh/a_sh,2*SQRT(((B12-1)*u_d/2*(1+f_hc)+lane_off)/a_sh))) -> 4.0792156 | O12: =2*t_sh+2*t_turn+2*M12+2*N12 -> 116.2814 | P12: =SUMPRODUCT((Tc_idx<=C12)*(ROUNDUP(lam_total*INDEX(Tc_P,C12,0)*O12/(3600*rho_max)-0.000000001,0)+(ROUNDUP(lam_total*INDEX(Tc_P,C12,0)*O12/(3600*rho_max)-0.000000001,0)<min_sh)*(min_sh-ROUNDUP(lam_total*INDEX(Tc_P,C12,0)*O12/(3600*rho_max)-0.000000001,0)))) -> 7 | Q12: =ROUNDUP(P12-0.000000001,0)+spares -> 9 | R12: =B12*C12*(2*H12-G12*lpl) -> 4720 | S12: =R12*fill -> 4012 | T12: =I12*J12 -> 1553.5 | U12: =T12*(K12+headroom) -> 19030.375 | V12: =G12*c_lift -> 300000 | W12: =Q12*c_shut -> 450000 | X12: =R12*c_pos -> 472000 | Y12: =T12*c_m2+U12*c_m3 -> 1192311.2 | Z12: =SUM(V12:Y12) -> 2414311.2 | AA12: =B12*u_d/(H12*u_w) -> 0.010878661 | AB12: =IF(G12=0,0,F12/G12) -> 0.34980159 | AC12: =IF(G12>1,F12/(G12-1),"n/a") -> 0.69960317 | AD12: =moves_day*m_pallet*9.81*INDEX(Tc_mh,C12)/3600000 -> 10.064716 | AE12: =IF(AND(K12<=H_max,H12<=300,OR(lane_policy="Free (optimize N_C)",B12=sku_pal),OR(env_use="No",AND(I12<=L_bldg,J12<=W_bldg),AND(I12<=W_bldg,J12<=L_bldg))),1,0) -> 0 | AF12: =IF(obj_mode="Total cost",Z12,IF(obj_mode="Shuttle cycle",O12,T12)) -> 2414311.2 | AG12: =IF(AE12=1,AF12*(1+A12*0.0000000001),1E+099) -> 1e+99 | AH12: =IF(AE12=1,"",IF(K12>H_max,"height",IF(AND(lane_policy<>"Free (optimize N_C)",B12<>sku_pal),"lane policy","footprint"))) -> footprint | AJ12: 6 | AK12: =IF(AE13=1,AF13,NA()) -> #N/A | AL12: =IF(AE33=1,AF33,NA()) -> #N/A | AM12: =IF(AE53=1,AF53,NA()) -> #N/A | AN12: =IF(AE73=1,AF73,NA()) -> #N/A | AO12: =IF(AE93=1,AF93,NA()) -> #N/A | AP12: =IF(AE113=1,AF113,NA()) -> #N/A | AQ12: =IF(AE133=1,AF133,NA()) -> 2256684.8 | AR12: =IF(AE153=1,AF153,NA()) -> #N/A | AS12: =IF(AE173=1,AF173,NA()) -> 2279398.4 | AT12: =IF(AE193=1,AF193,NA()) -> #N/A | AU12: =IF(AE213=1,AF213,NA()) -> #N/A
A13: 6 | B13: =$B$3 -> 2 | C13: 6 | D13: =INDEX(Tc_pl,C13) -> 0.6 | E13: =INDEX(Tc_S,C13) -> 44.740476 | F13: =lam_total*D13*E13/3600 -> 0.7456746 | G13: =IF(F13<=0.000000000001,0,MAX(ROUNDUP(F13/rho_max-0.000000001,0),IF(redund="Yes",ROUNDUP(F13/rho_fail-0.000000001,0)+1,0))) -> 2 | H13: =MAX(1,ROUNDUP((P_req/(B13*C13)+G13*lpl)/2-0.000000001,0)) -> 200 | I13: =H13*u_w -> 200 | J13: =2*B13*u_d+aisle_w -> 6.5 | K13: =C13*u_h -> 12.9 | L13: =IF(G13=0,I13,I13/(2*G13)) -> 50 | M13: =((IF((lane_off+(L13))<=(v_sh^2/a_sh),(4/3)*(lane_off+(L13))^1.5/SQRT(a_sh),(4/3)*(v_sh^2/a_sh)^1.5/SQRT(a_sh)+((lane_off+(L13))^2-(v_sh^2/a_sh)^2)/(2*v_sh)+(v_sh/a_sh)*((lane_off+(L13))-(v_sh^2/a_sh))))-(IF((lane_off)<=(v_sh^2/a_sh),(4/3)*(lane_off)^1.5/SQRT(a_sh),(4/3)*(v_sh^2/a_sh)^1.5/SQRT(a_sh)+((lane_off)^2-(v_sh^2/a_sh)^2)/(2*v_sh)+(v_sh/a_sh)*((lane_off)-(v_sh^2/a_sh)))))/(L13) -> 21.578101 | N13: =IF(((B13-1)*u_d/2*(1+f_hc)+lane_off)<=0,0,IF(((B13-1)*u_d/2*(1+f_hc)+lane_off)>=v_sh^2/a_sh,((B13-1)*u_d/2*(1+f_hc)+lane_off)/v_sh+v_sh/a_sh,2*SQRT(((B13-1)*u_d/2*(1+f_hc)+lane_off)/a_sh))) -> 4.0792156 | O13: =2*t_sh+2*t_turn+2*M13+2*N13 -> 109.31463 | P13: =SUMPRODUCT((Tc_idx<=C13)*(ROUNDUP(lam_total*INDEX(Tc_P,C13,0)*O13/(3600*rho_max)-0.000000001,0)+(ROUNDUP(lam_total*INDEX(Tc_P,C13,0)*O13/(3600*rho_max)-0.000000001,0)<min_sh)*(min_sh-ROUNDUP(lam_total*INDEX(Tc_P,C13,0)*O13/(3600*rho_max)-0.000000001,0)))) -> 8 | Q13: =ROUNDUP(P13-0.000000001,0)+spares -> 10 | R13: =B13*C13*(2*H13-G13*lpl) -> 4728 | S13: =R13*fill -> 4018.8 | T13: =I13*J13 -> 1300 | U13: =T13*(K13+headroom) -> 18720 | V13: =G13*c_lift -> 300000 | W13: =Q13*c_shut -> 500000 | X13: =R13*c_pos -> 472800 | Y13: =T13*c_m2+U13*c_m3 -> 1081600 | Z13: =SUM(V13:Y13) -> 2354400 | AA13: =B13*u_d/(H13*u_w) -> 0.013 | AB13: =IF(G13=0,0,F13/G13) -> 0.3728373 | AC13: =IF(G13>1,F13/(G13-1),"n/a") -> 0.7456746 | AD13: =moves_day*m_pallet*9.81*INDEX(Tc_mh,C13)/3600000 -> 12.37368 | AE13: =IF(AND(K13<=H_max,H13<=300,OR(lane_policy="Free (optimize N_C)",B13=sku_pal),OR(env_use="No",AND(I13<=L_bldg,J13<=W_bldg),AND(I13<=W_bldg,J13<=L_bldg))),1,0) -> 0 | AF13: =IF(obj_mode="Total cost",Z13,IF(obj_mode="Shuttle cycle",O13,T13)) -> 2354400 | AG13: =IF(AE13=1,AF13*(1+A13*0.0000000001),1E+099) -> 1e+99 | AH13: =IF(AE13=1,"",IF(K13>H_max,"height",IF(AND(lane_policy<>"Free (optimize N_C)",B13<>sku_pal),"lane policy","footprint"))) -> footprint | AJ13: 7 | AK13: =IF(AE14=1,AF14,NA()) -> #N/A | AL13: =IF(AE34=1,AF34,NA()) -> #N/A | AM13: =IF(AE54=1,AF54,NA()) -> #N/A | AN13: =IF(AE74=1,AF74,NA()) -> #N/A | AO13: =IF(AE94=1,AF94,NA()) -> #N/A | AP13: =IF(AE114=1,AF114,NA()) -> #N/A | AQ13: =IF(AE134=1,AF134,NA()) -> 2231554.6 | AR13: =IF(AE154=1,AF154,NA()) -> #N/A | AS13: =IF(AE174=1,AF174,NA()) -> 2304296.2 | AT13: =IF(AE194=1,AF194,NA()) -> #N/A | AU13: =IF(AE214=1,AF214,NA()) -> #N/A
A14: 7 | B14: =$B$3 -> 2 | C14: 7 | D14: =INDEX(Tc_pl,C14) -> 0.6 | E14: =INDEX(Tc_S,C14) -> 44.919643 | F14: =lam_total*D14*E14/3600 -> 0.74866071 | G14: =IF(F14<=0.000000000001,0,MAX(ROUNDUP(F14/rho_max-0.000000001,0),IF(redund="Yes",ROUNDUP(F14/rho_fail-0.000000001,0)+1,0))) -> 2 | H14: =MAX(1,ROUNDUP((P_req/(B14*C14)+G14*lpl)/2-0.000000001,0)) -> 172 | I14: =H14*u_w -> 172 | J14: =2*B14*u_d+aisle_w -> 6.5 | K14: =C14*u_h -> 15.05 | L14: =IF(G14=0,I14,I14/(2*G14)) -> 43 | M14: =((IF((lane_off+(L14))<=(v_sh^2/a_sh),(4/3)*(lane_off+(L14))^1.5/SQRT(a_sh),(4/3)*(v_sh^2/a_sh)^1.5/SQRT(a_sh)+((lane_off+(L14))^2-(v_sh^2/a_sh)^2)/(2*v_sh)+(v_sh/a_sh)*((lane_off+(L14))-(v_sh^2/a_sh))))-(IF((lane_off)<=(v_sh^2/a_sh),(4/3)*(lane_off)^1.5/SQRT(a_sh),(4/3)*(v_sh^2/a_sh)^1.5/SQRT(a_sh)+((lane_off)^2-(v_sh^2/a_sh)^2)/(2*v_sh)+(v_sh/a_sh)*((lane_off)-(v_sh^2/a_sh)))))/(L14) -> 19.076861 | N14: =IF(((B14-1)*u_d/2*(1+f_hc)+lane_off)<=0,0,IF(((B14-1)*u_d/2*(1+f_hc)+lane_off)>=v_sh^2/a_sh,((B14-1)*u_d/2*(1+f_hc)+lane_off)/v_sh+v_sh/a_sh,2*SQRT(((B14-1)*u_d/2*(1+f_hc)+lane_off)/a_sh))) -> 4.0792156 | O14: =2*t_sh+2*t_turn+2*M14+2*N14 -> 104.31215 | P14: =SUMPRODUCT((Tc_idx<=C14)*(ROUNDUP(lam_total*INDEX(Tc_P,C14,0)*O14/(3600*rho_max)-0.000000001,0)+(ROUNDUP(lam_total*INDEX(Tc_P,C14,0)*O14/(3600*rho_max)-0.000000001,0)<min_sh)*(min_sh-ROUNDUP(lam_total*INDEX(Tc_P,C14,0)*O14/(3600*rho_max)-0.000000001,0)))) -> 9 | Q14: =ROUNDUP(P14-0.000000001,0)+spares -> 11 | R14: =B14*C14*(2*H14-G14*lpl) -> 4732 | S14: =R14*fill -> 4022.2 | T14: =I14*J14 -> 1118 | U14: =T14*(K14+headroom) -> 18502.9 | V14: =G14*c_lift -> 300000 | W14: =Q14*c_shut -> 550000 | X14: =R14*c_pos -> 473200 | Y14: =T14*c_m2+U14*c_m3 -> 1002287 | Z14: =SUM(V14:Y14) -> 2325487 | AA14: =B14*u_d/(H14*u_w) -> 0.015116279 | AB14: =IF(G14=0,0,F14/G14) -> 0.37433036 | AC14: =IF(G14>1,F14/(G14-1),"n/a") -> 0.74866071 | AD14: =moves_day*m_pallet*9.81*INDEX(Tc_mh,C14)/3600000 -> 12.6549 | AE14: =IF(AND(K14<=H_max,H14<=300,OR(lane_policy="Free (optimize N_C)",B14=sku_pal),OR(env_use="No",AND(I14<=L_bldg,J14<=W_bldg),AND(I14<=W_bldg,J14<=L_bldg))),1,0) -> 0 | AF14: =IF(obj_mode="Total cost",Z14,IF(obj_mode="Shuttle cycle",O14,T14)) -> 2325487 | AG14: =IF(AE14=1,AF14*(1+A14*0.0000000001),1E+099) -> 1e+99 | AH14: =IF(AE14=1,"",IF(K14>H_max,"height",IF(AND(lane_policy<>"Free (optimize N_C)",B14<>sku_pal),"lane policy","footprint"))) -> footprint | AJ14: 8 | AK14: =IF(AE15=1,AF15,NA()) -> #N/A | AL14: =IF(AE35=1,AF35,NA()) -> #N/A | AM14: =IF(AE55=1,AF55,NA()) -> #N/A | AN14: =IF(AE75=1,AF75,NA()) -> #N/A | AO14: =IF(AE95=1,AF95,NA()) -> #N/A | AP14: =IF(AE115=1,AF115,NA()) -> 2223124 | AQ14: =IF(AE135=1,AF135,NA()) -> 2245764.9 | AR14: =IF(AE155=1,AF155,NA()) -> 2254510 | AS14: =IF(AE175=1,AF175,NA()) -> 2293391.8 | AT14: =IF(AE195=1,AF195,NA()) -> #N/A | AU14: =IF(AE215=1,AF215,NA()) -> #N/A
A15: 8 | B15: =$B$3 -> 2 | C15: 8 | D15: =INDEX(Tc_pl,C15) -> 0.6 | E15: =INDEX(Tc_S,C15) -> 45.09881 | F15: =lam_total*D15*E15/3600 -> 0.75164683 | G15: =IF(F15<=0.000000000001,0,MAX(ROUNDUP(F15/rho_max-0.000000001,0),IF(redund="Yes",ROUNDUP(F15/rho_fail-0.000000001,0)+1,0))) -> 2 | H15: =MAX(1,ROUNDUP((P_req/(B15*C15)+G15*lpl)/2-0.000000001,0)) -> 151 | I15: =H15*u_w -> 151 | J15: =2*B15*u_d+aisle_w -> 6.5 | K15: =C15*u_h -> 17.2 | L15: =IF(G15=0,I15,I15/(2*G15)) -> 37.75 | M15: =((IF((lane_off+(L15))<=(v_sh^2/a_sh),(4/3)*(lane_off+(L15))^1.5/SQRT(a_sh),(4/3)*(v_sh^2/a_sh)^1.5/SQRT(a_sh)+((lane_off+(L15))^2-(v_sh^2/a_sh)^2)/(2*v_sh)+(v_sh/a_sh)*((lane_off+(L15))-(v_sh^2/a_sh))))-(IF((lane_off)<=(v_sh^2/a_sh),(4/3)*(lane_off)^1.5/SQRT(a_sh),(4/3)*(v_sh^2/a_sh)^1.5/SQRT(a_sh)+((lane_off)^2-(v_sh^2/a_sh)^2)/(2*v_sh)+(v_sh/a_sh)*((lane_off)-(v_sh^2/a_sh)))))/(L15) -> 17.20063 | N15: =IF(((B15-1)*u_d/2*(1+f_hc)+lane_off)<=0,0,IF(((B15-1)*u_d/2*(1+f_hc)+lane_off)>=v_sh^2/a_sh,((B15-1)*u_d/2*(1+f_hc)+lane_off)/v_sh+v_sh/a_sh,2*SQRT(((B15-1)*u_d/2*(1+f_hc)+lane_off)/a_sh))) -> 4.0792156 | O15: =2*t_sh+2*t_turn+2*M15+2*N15 -> 100.55969 | P15: =SUMPRODUCT((Tc_idx<=C15)*(ROUNDUP(lam_total*INDEX(Tc_P,C15,0)*O15/(3600*rho_max)-0.000000001,0)+(ROUNDUP(lam_total*INDEX(Tc_P,C15,0)*O15/(3600*rho_max)-0.000000001,0)<min_sh)*(min_sh-ROUNDUP(lam_total*INDEX(Tc_P,C15,0)*O15/(3600*rho_max)-0.000000001,0)))) -> 10 | Q15: =ROUNDUP(P15-0.000000001,0)+spares -> 12 | R15: =B15*C15*(2*H15-G15*lpl) -> 4736 | S15: =R15*fill -> 4025.6 | T15: =I15*J15 -> 981.5 | U15: =T15*(K15+headroom) -> 18354.05 | V15: =G15*c_lift -> 300000 | W15: =Q15*c_shut -> 600000 | X15: =R15*c_pos -> 473600 | Y15: =T15*c_m2+U15*c_m3 -> 943221.5 | Z15: =SUM(V15:Y15) -> 2316821.5 | AA15: =B15*u_d/(H15*u_w) -> 0.017218543 | AB15: =IF(G15=0,0,F15/G15) -> 0.37582341 | AC15: =IF(G15>1,F15/(G15-1),"n/a") -> 0.75164683 | AD15: =moves_day*m_pallet*9.81*INDEX(Tc_mh,C15)/3600000 -> 12.93612 | AE15: =IF(AND(K15<=H_max,H15<=300,OR(lane_policy="Free (optimize N_C)",B15=sku_pal),OR(env_use="No",AND(I15<=L_bldg,J15<=W_bldg),AND(I15<=W_bldg,J15<=L_bldg))),1,0) -> 0 | AF15: =IF(obj_mode="Total cost",Z15,IF(obj_mode="Shuttle cycle",O15,T15)) -> 2316821.5 | AG15: =IF(AE15=1,AF15*(1+A15*0.0000000001),1E+099) -> 1e+99 | AH15: =IF(AE15=1,"",IF(K15>H_max,"height",IF(AND(lane_policy<>"Free (optimize N_C)",B15<>sku_pal),"lane policy","footprint"))) -> footprint | AJ15: 9 | AK15: =IF(AE16=1,AF16,NA()) -> #N/A | AL15: =IF(AE36=1,AF36,NA()) -> #N/A | AM15: =IF(AE56=1,AF56,NA()) -> #N/A | AN15: =IF(AE76=1,AF76,NA()) -> #N/A | AO15: =IF(AE96=1,AF96,NA()) -> #N/A | AP15: =IF(AE116=1,AF116,NA()) -> 2241087.8 | AQ15: =IF(AE136=1,AF136,NA()) -> 2275884.5 | AR15: =IF(AE156=1,AF156,NA()) -> 2258418.8 | AS15: =IF(AE176=1,AF176,NA()) -> 2319479 | AT15: =IF(AE196=1,AF196,NA()) -> #N/A | AU15: =IF(AE216=1,AF216,NA()) -> #N/A
A16: 9 | B16: =$B$3 -> 2 | C16: 9 | D16: =INDEX(Tc_pl,C16) -> 0.6 | E16: =INDEX(Tc_S,C16) -> 45.277976 | F16: =lam_total*D16*E16/3600 -> 0.75463294 | G16: =IF(F16<=0.000000000001,0,MAX(ROUNDUP(F16/rho_max-0.000000001,0),IF(redund="Yes",ROUNDUP(F16/rho_fail-0.000000001,0)+1,0))) -> 2 | H16: =MAX(1,ROUNDUP((P_req/(B16*C16)+G16*lpl)/2-0.000000001,0)) -> 134 | I16: =H16*u_w -> 134 | J16: =2*B16*u_d+aisle_w -> 6.5 | K16: =C16*u_h -> 19.35 | L16: =IF(G16=0,I16,I16/(2*G16)) -> 33.5 | M16: =((IF((lane_off+(L16))<=(v_sh^2/a_sh),(4/3)*(lane_off+(L16))^1.5/SQRT(a_sh),(4/3)*(v_sh^2/a_sh)^1.5/SQRT(a_sh)+((lane_off+(L16))^2-(v_sh^2/a_sh)^2)/(2*v_sh)+(v_sh/a_sh)*((lane_off+(L16))-(v_sh^2/a_sh))))-(IF((lane_off)<=(v_sh^2/a_sh),(4/3)*(lane_off)^1.5/SQRT(a_sh),(4/3)*(v_sh^2/a_sh)^1.5/SQRT(a_sh)+((lane_off)^2-(v_sh^2/a_sh)^2)/(2*v_sh)+(v_sh/a_sh)*((lane_off)-(v_sh^2/a_sh)))))/(L16) -> 15.681494 | N16: =IF(((B16-1)*u_d/2*(1+f_hc)+lane_off)<=0,0,IF(((B16-1)*u_d/2*(1+f_hc)+lane_off)>=v_sh^2/a_sh,((B16-1)*u_d/2*(1+f_hc)+lane_off)/v_sh+v_sh/a_sh,2*SQRT(((B16-1)*u_d/2*(1+f_hc)+lane_off)/a_sh))) -> 4.0792156 | O16: =2*t_sh+2*t_turn+2*M16+2*N16 -> 97.521418 | P16: =SUMPRODUCT((Tc_idx<=C16)*(ROUNDUP(lam_total*INDEX(Tc_P,C16,0)*O16/(3600*rho_max)-0.000000001,0)+(ROUNDUP(lam_total*INDEX(Tc_P,C16,0)*O16/(3600*rho_max)-0.000000001,0)<min_sh)*(min_sh-ROUNDUP(lam_total*INDEX(Tc_P,C16,0)*O16/(3600*rho_max)-0.000000001,0)))) -> 11 | Q16: =ROUNDUP(P16-0.000000001,0)+spares -> 13 | R16: =B16*C16*(2*H16-G16*lpl) -> 4716 | S16: =R16*fill -> 4008.6 | T16: =I16*J16 -> 871 | U16: =T16*(K16+headroom) -> 18160.35 | V16: =G16*c_lift -> 300000 | W16: =Q16*c_shut -> 650000 | X16: =R16*c_pos -> 471600 | Y16: =T16*c_m2+U16*c_m3 -> 893210.5 | Z16: =SUM(V16:Y16) -> 2314810.5 | AA16: =B16*u_d/(H16*u_w) -> 0.019402985 | AB16: =IF(G16=0,0,F16/G16) -> 0.37731647 | AC16: =IF(G16>1,F16/(G16-1),"n/a") -> 0.75463294 | AD16: =moves_day*m_pallet*9.81*INDEX(Tc_mh,C16)/3600000 -> 13.21734 | AE16: =IF(AND(K16<=H_max,H16<=300,OR(lane_policy="Free (optimize N_C)",B16=sku_pal),OR(env_use="No",AND(I16<=L_bldg,J16<=W_bldg),AND(I16<=W_bldg,J16<=L_bldg))),1,0) -> 0 | AF16: =IF(obj_mode="Total cost",Z16,IF(obj_mode="Shuttle cycle",O16,T16)) -> 2314810.5 | AG16: =IF(AE16=1,AF16*(1+A16*0.0000000001),1E+099) -> 1e+99 | AH16: =IF(AE16=1,"",IF(K16>H_max,"height",IF(AND(lane_policy<>"Free (optimize N_C)",B16<>sku_pal),"lane policy","footprint"))) -> footprint | AJ16: 10 | AK16: =IF(AE17=1,AF17,NA()) -> #N/A | AL16: =IF(AE37=1,AF37,NA()) -> #N/A | AM16: =IF(AE57=1,AF57,NA()) -> #N/A | AN16: =IF(AE77=1,AF77,NA()) -> #N/A | AO16: =IF(AE97=1,AF97,NA()) -> #N/A | AP16: =IF(AE117=1,AF117,NA()) -> #N/A | AQ16: =IF(AE137=1,AF137,NA()) -> #N/A | AR16: =IF(AE157=1,AF157,NA()) -> #N/A | AS16: =IF(AE177=1,AF177,NA()) -> #N/A | AT16: =IF(AE197=1,AF197,NA()) -> #N/A | AU16: =IF(AE217=1,AF217,NA()) -> #N/A
A17: 10 | B17: =$B$3 -> 2 | C17: 10 | D17: =INDEX(Tc_pl,C17) -> 0.6 | E17: =INDEX(Tc_S,C17) -> 45.457143 | F17: =lam_total*D17*E17/3600 -> 0.75761905 | G17: =IF(F17<=0.000000000001,0,MAX(ROUNDUP(F17/rho_max-0.000000001,0),IF(redund="Yes",ROUNDUP(F17/rho_fail-0.000000001,0)+1,0))) -> 2 | H17: =MAX(1,ROUNDUP((P_req/(B17*C17)+G17*lpl)/2-0.000000001,0)) -> 121 | I17: =H17*u_w -> 121 | J17: =2*B17*u_d+aisle_w -> 6.5 | K17: =C17*u_h -> 21.5 | L17: =IF(G17=0,I17,I17/(2*G17)) -> 30.25 | M17: =((IF((lane_off+(L17))<=(v_sh^2/a_sh),(4/3)*(lane_off+(L17))^1.5/SQRT(a_sh),(4/3)*(v_sh^2/a_sh)^1.5/SQRT(a_sh)+((lane_off+(L17))^2-(v_sh^2/a_sh)^2)/(2*v_sh)+(v_sh/a_sh)*((lane_off+(L17))-(v_sh^2/a_sh))))-(IF((lane_off)<=(v_sh^2/a_sh),(4/3)*(lane_off)^1.5/SQRT(a_sh),(4/3)*(v_sh^2/a_sh)^1.5/SQRT(a_sh)+((lane_off)^2-(v_sh^2/a_sh)^2)/(2*v_sh)+(v_sh/a_sh)*((lane_off)-(v_sh^2/a_sh)))))/(L17) -> 14.519558 | N17: =IF(((B17-1)*u_d/2*(1+f_hc)+lane_off)<=0,0,IF(((B17-1)*u_d/2*(1+f_hc)+lane_off)>=v_sh^2/a_sh,((B17-1)*u_d/2*(1+f_hc)+lane_off)/v_sh+v_sh/a_sh,2*SQRT(((B17-1)*u_d/2*(1+f_hc)+lane_off)/a_sh))) -> 4.0792156 | O17: =2*t_sh+2*t_turn+2*M17+2*N17 -> 95.197548 | P17: =SUMPRODUCT((Tc_idx<=C17)*(ROUNDUP(lam_total*INDEX(Tc_P,C17,0)*O17/(3600*rho_max)-0.000000001,0)+(ROUNDUP(lam_total*INDEX(Tc_P,C17,0)*O17/(3600*rho_max)-0.000000001,0)<min_sh)*(min_sh-ROUNDUP(lam_total*INDEX(Tc_P,C17,0)*O17/(3600*rho_max)-0.000000001,0)))) -> 12 | Q17: =ROUNDUP(P17-0.000000001,0)+spares -> 14 | R17: =B17*C17*(2*H17-G17*lpl) -> 4720 | S17: =R17*fill -> 4012 | T17: =I17*J17 -> 786.5 | U17: =T17*(K17+headroom) -> 18089.5 | V17: =G17*c_lift -> 300000 | W17: =Q17*c_shut -> 700000 | X17: =R17*c_pos -> 472000 | Y17: =T17*c_m2+U17*c_m3 -> 857285 | Z17: =SUM(V17:Y17) -> 2329285 | AA17: =B17*u_d/(H17*u_w) -> 0.021487603 | AB17: =IF(G17=0,0,F17/G17) -> 0.37880952 | AC17: =IF(G17>1,F17/(G17-1),"n/a") -> 0.75761905 | AD17: =moves_day*m_pallet*9.81*INDEX(Tc_mh,C17)/3600000 -> 13.49856 | AE17: =IF(AND(K17<=H_max,H17<=300,OR(lane_policy="Free (optimize N_C)",B17=sku_pal),OR(env_use="No",AND(I17<=L_bldg,J17<=W_bldg),AND(I17<=W_bldg,J17<=L_bldg))),1,0) -> 0 | AF17: =IF(obj_mode="Total cost",Z17,IF(obj_mode="Shuttle cycle",O17,T17)) -> 2329285 | AG17: =IF(AE17=1,AF17*(1+A17*0.0000000001),1E+099) -> 1e+99 | AH17: =IF(AE17=1,"",IF(K17>H_max,"height",IF(AND(lane_policy<>"Free (optimize N_C)",B17<>sku_pal),"lane policy","footprint"))) -> height | AJ17: 11 | AK17: =IF(AE18=1,AF18,NA()) -> #N/A | AL17: =IF(AE38=1,AF38,NA()) -> #N/A | AM17: =IF(AE58=1,AF58,NA()) -> #N/A | AN17: =IF(AE78=1,AF78,NA()) -> #N/A | AO17: =IF(AE98=1,AF98,NA()) -> #N/A | AP17: =IF(AE118=1,AF118,NA()) -> #N/A | AQ17: =IF(AE138=1,AF138,NA()) -> #N/A | AR17: =IF(AE158=1,AF158,NA()) -> #N/A | AS17: =IF(AE178=1,AF178,NA()) -> #N/A | AT17: =IF(AE198=1,AF198,NA()) -> #N/A | AU17: =IF(AE218=1,AF218,NA()) -> #N/A
A18: 11 | B18: =$B$3 -> 2 | C18: 11 | D18: =INDEX(Tc_pl,C18) -> 0.6 | E18: =INDEX(Tc_S,C18) -> 45.63631 | F18: =lam_total*D18*E18/3600 -> 0.76060516 | G18: =IF(F18<=0.000000000001,0,MAX(ROUNDUP(F18/rho_max-0.000000001,0),IF(redund="Yes",ROUNDUP(F18/rho_fail-0.000000001,0)+1,0))) -> 2 | H18: =MAX(1,ROUNDUP((P_req/(B18*C18)+G18*lpl)/2-0.000000001,0)) -> 110 | I18: =H18*u_w -> 110 | J18: =2*B18*u_d+aisle_w -> 6.5 | K18: =C18*u_h -> 23.65 | L18: =IF(G18=0,I18,I18/(2*G18)) -> 27.5 | M18: =((IF((lane_off+(L18))<=(v_sh^2/a_sh),(4/3)*(lane_off+(L18))^1.5/SQRT(a_sh),(4/3)*(v_sh^2/a_sh)^1.5/SQRT(a_sh)+((lane_off+(L18))^2-(v_sh^2/a_sh)^2)/(2*v_sh)+(v_sh/a_sh)*((lane_off+(L18))-(v_sh^2/a_sh))))-(IF((lane_off)<=(v_sh^2/a_sh),(4/3)*(lane_off)^1.5/SQRT(a_sh),(4/3)*(v_sh^2/a_sh)^1.5/SQRT(a_sh)+((lane_off)^2-(v_sh^2/a_sh)^2)/(2*v_sh)+(v_sh/a_sh)*((lane_off)-(v_sh^2/a_sh)))))/(L18) -> 13.536157 | N18: =IF(((B18-1)*u_d/2*(1+f_hc)+lane_off)<=0,0,IF(((B18-1)*u_d/2*(1+f_hc)+lane_off)>=v_sh^2/a_sh,((B18-1)*u_d/2*(1+f_hc)+lane_off)/v_sh+v_sh/a_sh,2*SQRT(((B18-1)*u_d/2*(1+f_hc)+lane_off)/a_sh))) -> 4.0792156 | O18: =2*t_sh+2*t_turn+2*M18+2*N18 -> 93.230746 | P18: =SUMPRODUCT((Tc_idx<=C18)*(ROUNDUP(lam_total*INDEX(Tc_P,C18,0)*O18/(3600*rho_max)-0.000000001,0)+(ROUNDUP(lam_total*INDEX(Tc_P,C18,0)*O18/(3600*rho_max)-0.000000001,0)<min_sh)*(min_sh-ROUNDUP(lam_total*INDEX(Tc_P,C18,0)*O18/(3600*rho_max)-0.000000001,0)))) -> 13 | Q18: =ROUNDUP(P18-0.000000001,0)+spares -> 15 | R18: =B18*C18*(2*H18-G18*lpl) -> 4708 | S18: =R18*fill -> 4001.8 | T18: =I18*J18 -> 715 | U18: =T18*(K18+headroom) -> 17982.25 | V18: =G18*c_lift -> 300000 | W18: =Q18*c_shut -> 750000 | X18: =R18*c_pos -> 470800 | Y18: =T18*c_m2+U18*c_m3 -> 825467.5 | Z18: =SUM(V18:Y18) -> 2346267.5 | AA18: =B18*u_d/(H18*u_w) -> 0.023636364 | AB18: =IF(G18=0,0,F18/G18) -> 0.38030258 | AC18: =IF(G18>1,F18/(G18-1),"n/a") -> 0.76060516 | AD18: =moves_day*m_pallet*9.81*INDEX(Tc_mh,C18)/3600000 -> 13.77978 | AE18: =IF(AND(K18<=H_max,H18<=300,OR(lane_policy="Free (optimize N_C)",B18=sku_pal),OR(env_use="No",AND(I18<=L_bldg,J18<=W_bldg),AND(I18<=W_bldg,J18<=L_bldg))),1,0) -> 0 | AF18: =IF(obj_mode="Total cost",Z18,IF(obj_mode="Shuttle cycle",O18,T18)) -> 2346267.5 | AG18: =IF(AE18=1,AF18*(1+A18*0.0000000001),1E+099) -> 1e+99 | AH18: =IF(AE18=1,"",IF(K18>H_max,"height",IF(AND(lane_policy<>"Free (optimize N_C)",B18<>sku_pal),"lane policy","footprint"))) -> height | AJ18: 12 | AK18: =IF(AE19=1,AF19,NA()) -> #N/A | AL18: =IF(AE39=1,AF39,NA()) -> #N/A | AM18: =IF(AE59=1,AF59,NA()) -> #N/A | AN18: =IF(AE79=1,AF79,NA()) -> #N/A | AO18: =IF(AE99=1,AF99,NA()) -> #N/A | AP18: =IF(AE119=1,AF119,NA()) -> #N/A | AQ18: =IF(AE139=1,AF139,NA()) -> #N/A | AR18: =IF(AE159=1,AF159,NA()) -> #N/A | AS18: =IF(AE179=1,AF179,NA()) -> #N/A | AT18: =IF(AE199=1,AF199,NA()) -> #N/A | AU18: =IF(AE219=1,AF219,NA()) -> #N/A
A19: 12 | B19: =$B$3 -> 2 | C19: 12 | D19: =INDEX(Tc_pl,C19) -> 0.6 | E19: =INDEX(Tc_S,C19) -> 45.815476 | F19: =lam_total*D19*E19/3600 -> 0.76359127 | G19: =IF(F19<=0.000000000001,0,MAX(ROUNDUP(F19/rho_max-0.000000001,0),IF(redund="Yes",ROUNDUP(F19/rho_fail-0.000000001,0)+1,0))) -> 2 | H19: =MAX(1,ROUNDUP((P_req/(B19*C19)+G19*lpl)/2-0.000000001,0)) -> 102 | I19: =H19*u_w -> 102 | J19: =2*B19*u_d+aisle_w -> 6.5 | K19: =C19*u_h -> 25.8 | L19: =IF(G19=0,I19,I19/(2*G19)) -> 25.5 | M19: =((IF((lane_off+(L19))<=(v_sh^2/a_sh),(4/3)*(lane_off+(L19))^1.5/SQRT(a_sh),(4/3)*(v_sh^2/a_sh)^1.5/SQRT(a_sh)+((lane_off+(L19))^2-(v_sh^2/a_sh)^2)/(2*v_sh)+(v_sh/a_sh)*((lane_off+(L19))-(v_sh^2/a_sh))))-(IF((lane_off)<=(v_sh^2/a_sh),(4/3)*(lane_off)^1.5/SQRT(a_sh),(4/3)*(v_sh^2/a_sh)^1.5/SQRT(a_sh)+((lane_off)^2-(v_sh^2/a_sh)^2)/(2*v_sh)+(v_sh/a_sh)*((lane_off)-(v_sh^2/a_sh)))))/(L19) -> 12.820786 | N19: =IF(((B19-1)*u_d/2*(1+f_hc)+lane_off)<=0,0,IF(((B19-1)*u_d/2*(1+f_hc)+lane_off)>=v_sh^2/a_sh,((B19-1)*u_d/2*(1+f_hc)+lane_off)/v_sh+v_sh/a_sh,2*SQRT(((B19-1)*u_d/2*(1+f_hc)+lane_off)/a_sh))) -> 4.0792156 | O19: =2*t_sh+2*t_turn+2*M19+2*N19 -> 91.800003 | P19: =SUMPRODUCT((Tc_idx<=C19)*(ROUNDUP(lam_total*INDEX(Tc_P,C19,0)*O19/(3600*rho_max)-0.000000001,0)+(ROUNDUP(lam_total*INDEX(Tc_P,C19,0)*O19/(3600*rho_max)-0.000000001,0)<min_sh)*(min_sh-ROUNDUP(lam_total*INDEX(Tc_P,C19,0)*O19/(3600*rho_max)-0.000000001,0)))) -> 14 | Q19: =ROUNDUP(P19-0.000000001,0)+spares -> 16 | R19: =B19*C19*(2*H19-G19*lpl) -> 4752 | S19: =R19*fill -> 4039.2 | T19: =I19*J19 -> 663 | U19: =T19*(K19+headroom) -> 18099.9 | V19: =G19*c_lift -> 300000 | W19: =Q19*c_shut -> 800000 | X19: =R19*c_pos -> 475200 | Y19: =T19*c_m2+U19*c_m3 -> 808197 | Z19: =SUM(V19:Y19) -> 2383397 | AA19: =B19*u_d/(H19*u_w) -> 0.025490196 | AB19: =IF(G19=0,0,F19/G19) -> 0.38179563 | AC19: =IF(G19>1,F19/(G19-1),"n/a") -> 0.76359127 | AD19: =moves_day*m_pallet*9.81*INDEX(Tc_mh,C19)/3600000 -> 14.061 | AE19: =IF(AND(K19<=H_max,H19<=300,OR(lane_policy="Free (optimize N_C)",B19=sku_pal),OR(env_use="No",AND(I19<=L_bldg,J19<=W_bldg),AND(I19<=W_bldg,J19<=L_bldg))),1,0) -> 0 | AF19: =IF(obj_mode="Total cost",Z19,IF(obj_mode="Shuttle cycle",O19,T19)) -> 2383397 | AG19: =IF(AE19=1,AF19*(1+A19*0.0000000001),1E+099) -> 1e+99 | AH19: =IF(AE19=1,"",IF(K19>H_max,"height",IF(AND(lane_policy<>"Free (optimize N_C)",B19<>sku_pal),"lane policy","footprint"))) -> height | AJ19: 13 | AK19: =IF(AE20=1,AF20,NA()) -> #N/A | AL19: =IF(AE40=1,AF40,NA()) -> #N/A | AM19: =IF(AE60=1,AF60,NA()) -> #N/A | AN19: =IF(AE80=1,AF80,NA()) -> #N/A | AO19: =IF(AE100=1,AF100,NA()) -> #N/A | AP19: =IF(AE120=1,AF120,NA()) -> #N/A | AQ19: =IF(AE140=1,AF140,NA()) -> #N/A | AR19: =IF(AE160=1,AF160,NA()) -> #N/A | AS19: =IF(AE180=1,AF180,NA()) -> #N/A | AT19: =IF(AE200=1,AF200,NA()) -> #N/A | AU19: =IF(AE220=1,AF220,NA()) -> #N/A
... A26: 19 | B26: =$B$3 -> 2 | C26: 19 | D26: =INDEX(Tc_pl,C26) -> 0.6 | E26: =INDEX(Tc_S,C26) -> 47.069643 | F26: =lam_total*D26*E26/3600 -> 0.78449405 | G26: =IF(F26<=0.000000000001,0,MAX(ROUNDUP(F26/rho_max-0.000000001,0),IF(redund="Yes",ROUNDUP(F26/rho_fail-0.000000001,0)+1,0))) -> 2 | H26: =MAX(1,ROUNDUP((P_req/(B26*C26)+G26*lpl)/2-0.000000001,0)) -> 65 | I26: =H26*u_w -> 65 | J26: =2*B26*u_d+aisle_w -> 6.5 | K26: =C26*u_h -> 40.85 | L26: =IF(G26=0,I26,I26/(2*G26)) -> 16.25 | M26: =((IF((lane_off+(L26))<=(v_sh^2/a_sh),(4/3)*(lane_off+(L26))^1.5/SQRT(a_sh),(4/3)*(v_sh^2/a_sh)^1.5/SQRT(a_sh)+((lane_off+(L26))^2-(v_sh^2/a_sh)^2)/(2*v_sh)+(v_sh/a_sh)*((lane_off+(L26))-(v_sh^2/a_sh))))-(IF((lane_off)<=(v_sh^2/a_sh),(4/3)*(lane_off)^1.5/SQRT(a_sh),(4/3)*(v_sh^2/a_sh)^1.5/SQRT(a_sh)+((lane_off)^2-(v_sh^2/a_sh)^2)/(2*v_sh)+(v_sh/a_sh)*((lane_off)-(v_sh^2/a_sh)))))/(L26) -> 9.5087165 | N26: =IF(((B26-1)*u_d/2*(1+f_hc)+lane_off)<=0,0,IF(((B26-1)*u_d/2*(1+f_hc)+lane_off)>=v_sh^2/a_sh,((B26-1)*u_d/2*(1+f_hc)+lane_off)/v_sh+v_sh/a_sh,2*SQRT(((B26-1)*u_d/2*(1+f_hc)+lane_off)/a_sh))) -> 4.0792156 | O26: =2*t_sh+2*t_turn+2*M26+2*N26 -> 85.175864 | P26: =SUMPRODUCT((Tc_idx<=C26)*(ROUNDUP(lam_total*INDEX(Tc_P,C26,0)*O26/(3600*rho_max)-0.000000001,0)+(ROUNDUP(lam_total*INDEX(Tc_P,C26,0)*O26/(3600*rho_max)-0.000000001,0)<min_sh)*(min_sh-ROUNDUP(lam_total*INDEX(Tc_P,C26,0)*O26/(3600*rho_max)-0.000000001,0)))) -> 21 | Q26: =ROUNDUP(P26-0.000000001,0)+spares -> 23 | R26: =B26*C26*(2*H26-G26*lpl) -> 4712 | S26: =R26*fill -> 4005.2 | T26: =I26*J26 -> 422.5 | U26: =T26*(K26+headroom) -> 17892.875 | V26: =G26*c_lift -> 300000 | W26: =Q26*c_shut -> 1150000 | X26: =R26*c_pos -> 471200 | Y26: =T26*c_m2+U26*c_m3 -> 705786.25 | Z26: =SUM(V26:Y26) -> 2626986.2 | AA26: =B26*u_d/(H26*u_w) -> 0.04 | AB26: =IF(G26=0,0,F26/G26) -> 0.39224702 | AC26: =IF(G26>1,F26/(G26-1),"n/a") -> 0.78449405 | AD26: =moves_day*m_pallet*9.81*INDEX(Tc_mh,C26)/3600000 -> 16.02954 | AE26: =IF(AND(K26<=H_max,H26<=300,OR(lane_policy="Free (optimize N_C)",B26=sku_pal),OR(env_use="No",AND(I26<=L_bldg,J26<=W_bldg),AND(I26<=W_bldg,J26<=L_bldg))),1,0) -> 0 | AF26: =IF(obj_mode="Total cost",Z26,IF(obj_mode="Shuttle cycle",O26,T26)) -> 2626986.2 | AG26: =IF(AE26=1,AF26*(1+A26*0.0000000001),1E+099) -> 1e+99 | AH26: =IF(AE26=1,"",IF(K26>H_max,"height",IF(AND(lane_policy<>"Free (optimize N_C)",B26<>sku_pal),"lane policy","footprint"))) -> height | AJ26: 20 | AK26: =IF(AE27=1,AF27,NA()) -> #N/A | AL26: =IF(AE47=1,AF47,NA()) -> #N/A | AM26: =IF(AE67=1,AF67,NA()) -> #N/A | AN26: =IF(AE87=1,AF87,NA()) -> #N/A | AO26: =IF(AE107=1,AF107,NA()) -> #N/A | AP26: =IF(AE127=1,AF127,NA()) -> #N/A | AQ26: =IF(AE147=1,AF147,NA()) -> #N/A | AR26: =IF(AE167=1,AF167,NA()) -> #N/A | AS26: =IF(AE187=1,AF187,NA()) -> #N/A | AT26: =IF(AE207=1,AF207,NA()) -> #N/A | AU26: =IF(AE227=1,AF227,NA()) -> #N/A
A27: 20 | B27: =$B$3 -> 2 | C27: 20 | D27: =INDEX(Tc_pl,C27) -> 0.6 | E27: =INDEX(Tc_S,C27) -> 47.24881 | F27: =lam_total*D27*E27/3600 -> 0.78748016 | G27: =IF(F27<=0.000000000001,0,MAX(ROUNDUP(F27/rho_max-0.000000001,0),IF(redund="Yes",ROUNDUP(F27/rho_fail-0.000000001,0)+1,0))) -> 2 | H27: =MAX(1,ROUNDUP((P_req/(B27*C27)+G27*lpl)/2-0.000000001,0)) -> 62 | I27: =H27*u_w -> 62 | J27: =2*B27*u_d+aisle_w -> 6.5 | K27: =C27*u_h -> 43 | L27: =IF(G27=0,I27,I27/(2*G27)) -> 15.5 | M27: =((IF((lane_off+(L27))<=(v_sh^2/a_sh),(4/3)*(lane_off+(L27))^1.5/SQRT(a_sh),(4/3)*(v_sh^2/a_sh)^1.5/SQRT(a_sh)+((lane_off+(L27))^2-(v_sh^2/a_sh)^2)/(2*v_sh)+(v_sh/a_sh)*((lane_off+(L27))-(v_sh^2/a_sh))))-(IF((lane_off)<=(v_sh^2/a_sh),(4/3)*(lane_off)^1.5/SQRT(a_sh),(4/3)*(v_sh^2/a_sh)^1.5/SQRT(a_sh)+((lane_off)^2-(v_sh^2/a_sh)^2)/(2*v_sh)+(v_sh/a_sh)*((lane_off)-(v_sh^2/a_sh)))))/(L27) -> 9.2397258 | N27: =IF(((B27-1)*u_d/2*(1+f_hc)+lane_off)<=0,0,IF(((B27-1)*u_d/2*(1+f_hc)+lane_off)>=v_sh^2/a_sh,((B27-1)*u_d/2*(1+f_hc)+lane_off)/v_sh+v_sh/a_sh,2*SQRT(((B27-1)*u_d/2*(1+f_hc)+lane_off)/a_sh))) -> 4.0792156 | O27: =2*t_sh+2*t_turn+2*M27+2*N27 -> 84.637883 | P27: =SUMPRODUCT((Tc_idx<=C27)*(ROUNDUP(lam_total*INDEX(Tc_P,C27,0)*O27/(3600*rho_max)-0.000000001,0)+(ROUNDUP(lam_total*INDEX(Tc_P,C27,0)*O27/(3600*rho_max)-0.000000001,0)<min_sh)*(min_sh-ROUNDUP(lam_total*INDEX(Tc_P,C27,0)*O27/(3600*rho_max)-0.000000001,0)))) -> 22 | Q27: =ROUNDUP(P27-0.000000001,0)+spares -> 24 | R27: =B27*C27*(2*H27-G27*lpl) -> 4720 | S27: =R27*fill -> 4012 | T27: =I27*J27 -> 403 | U27: =T27*(K27+headroom) -> 17933.5 | V27: =G27*c_lift -> 300000 | W27: =Q27*c_shut -> 1200000 | X27: =R27*c_pos -> 472000 | Y27: =T27*c_m2+U27*c_m3 -> 699205 | Z27: =SUM(V27:Y27) -> 2671205 | AA27: =B27*u_d/(H27*u_w) -> 0.041935484 | AB27: =IF(G27=0,0,F27/G27) -> 0.39374008 | AC27: =IF(G27>1,F27/(G27-1),"n/a") -> 0.78748016 | AD27: =moves_day*m_pallet*9.81*INDEX(Tc_mh,C27)/3600000 -> 16.31076 | AE27: =IF(AND(K27<=H_max,H27<=300,OR(lane_policy="Free (optimize N_C)",B27=sku_pal),OR(env_use="No",AND(I27<=L_bldg,J27<=W_bldg),AND(I27<=W_bldg,J27<=L_bldg))),1,0) -> 0 | AF27: =IF(obj_mode="Total cost",Z27,IF(obj_mode="Shuttle cycle",O27,T27)) -> 2671205 | AG27: =IF(AE27=1,AF27*(1+A27*0.0000000001),1E+099) -> 1e+99 | AH27: =IF(AE27=1,"",IF(K27>H_max,"height",IF(AND(lane_policy<>"Free (optimize N_C)",B27<>sku_pal),"lane policy","footprint"))) -> height
A28: 21 | B28: =$C$3 -> 3 | C28: 1 | D28: =INDEX(Tc_pl,C28) -> 0 | E28: =INDEX(Tc_S,C28) -> 0 | F28: =lam_total*D28*E28/3600 -> 0 | G28: =IF(F28<=0.000000000001,0,MAX(ROUNDUP(F28/rho_max-0.000000001,0),IF(redund="Yes",ROUNDUP(F28/rho_fail-0.000000001,0)+1,0))) -> 0 | H28: =MAX(1,ROUNDUP((P_req/(B28*C28)+G28*lpl)/2-0.000000001,0)) -> 785 | I28: =H28*u_w -> 785 | J28: =2*B28*u_d+aisle_w -> 9.1 | K28: =C28*u_h -> 2.15 | L28: =IF(G28=0,I28,I28/(2*G28)) -> 785 | M28: =((IF((lane_off+(L28))<=(v_sh^2/a_sh),(4/3)*(lane_off+(L28))^1.5/SQRT(a_sh),(4/3)*(v_sh^2/a_sh)^1.5/SQRT(a_sh)+((lane_off+(L28))^2-(v_sh^2/a_sh)^2)/(2*v_sh)+(v_sh/a_sh)*((lane_off+(L28))-(v_sh^2/a_sh))))-(IF((lane_off)<=(v_sh^2/a_sh),(4/3)*(lane_off)^1.5/SQRT(a_sh),(4/3)*(v_sh^2/a_sh)^1.5/SQRT(a_sh)+((lane_off)^2-(v_sh^2/a_sh)^2)/(2*v_sh)+(v_sh/a_sh)*((lane_off)-(v_sh^2/a_sh)))))/(L28) -> 284.08523 | N28: =IF(((B28-1)*u_d/2*(1+f_hc)+lane_off)<=0,0,IF(((B28-1)*u_d/2*(1+f_hc)+lane_off)>=v_sh^2/a_sh,((B28-1)*u_d/2*(1+f_hc)+lane_off)/v_sh+v_sh/a_sh,2*SQRT(((B28-1)*u_d/2*(1+f_hc)+lane_off)/a_sh))) -> 4.7833043 | O28: =2*t_sh+2*t_turn+2*M28+2*N28 -> 635.73707 | P28: =SUMPRODUCT((Tc_idx<=C28)*(ROUNDUP(lam_total*INDEX(Tc_P,C28,0)*O28/(3600*rho_max)-0.000000001,0)+(ROUNDUP(lam_total*INDEX(Tc_P,C28,0)*O28/(3600*rho_max)-0.000000001,0)<min_sh)*(min_sh-ROUNDUP(lam_total*INDEX(Tc_P,C28,0)*O28/(3600*rho_max)-0.000000001,0)))) -> 24 | Q28: =ROUNDUP(P28-0.000000001,0)+spares -> 26 | R28: =B28*C28*(2*H28-G28*lpl) -> 4710 | S28: =R28*fill -> 4003.5 | T28: =I28*J28 -> 7143.5 | U28: =T28*(K28+headroom) -> 26073.775 | V28: =G28*c_lift -> 0 | W28: =Q28*c_shut -> 1300000 | X28: =R28*c_pos -> 471000 | Y28: =T28*c_m2+U28*c_m3 -> 3639613.2 | Z28: =SUM(V28:Y28) -> 5410613.2 | AA28: =B28*u_d/(H28*u_w) -> 0.0049681529 | AB28: =IF(G28=0,0,F28/G28) -> 0 | AC28: =IF(G28>1,F28/(G28-1),"n/a") -> n/a | AD28: =moves_day*m_pallet*9.81*INDEX(Tc_mh,C28)/3600000 -> 0 | AE28: =IF(AND(K28<=H_max,H28<=300,OR(lane_policy="Free (optimize N_C)",B28=sku_pal),OR(env_use="No",AND(I28<=L_bldg,J28<=W_bldg),AND(I28<=W_bldg,J28<=L_bldg))),1,0) -> 0 | AF28: =IF(obj_mode="Total cost",Z28,IF(obj_mode="Shuttle cycle",O28,T28)) -> 5410613.2 | AG28: =IF(AE28=1,AF28*(1+A28*0.0000000001),1E+099) -> 1e+99 | AH28: =IF(AE28=1,"",IF(K28>H_max,"height",IF(AND(lane_policy<>"Free (optimize N_C)",B28<>sku_pal),"lane policy","footprint"))) -> footprint
A29: 22 | B29: =$C$3 -> 3 | C29: 2 | D29: =INDEX(Tc_pl,C29) -> 0.5 | E29: =INDEX(Tc_S,C29) -> 41.157143 | F29: =lam_total*D29*E29/3600 -> 0.57162698 | G29: =IF(F29<=0.000000000001,0,MAX(ROUNDUP(F29/rho_max-0.000000001,0),IF(redund="Yes",ROUNDUP(F29/rho_fail-0.000000001,0)+1,0))) -> 2 | H29: =MAX(1,ROUNDUP((P_req/(B29*C29)+G29*lpl)/2-0.000000001,0)) -> 396 | I29: =H29*u_w -> 396 | J29: =2*B29*u_d+aisle_w -> 9.1 | K29: =C29*u_h -> 4.3 | L29: =IF(G29=0,I29,I29/(2*G29)) -> 99 | M29: =((IF((lane_off+(L29))<=(v_sh^2/a_sh),(4/3)*(lane_off+(L29))^1.5/SQRT(a_sh),(4/3)*(v_sh^2/a_sh)^1.5/SQRT(a_sh)+((lane_off+(L29))^2-(v_sh^2/a_sh)^2)/(2*v_sh)+(v_sh/a_sh)*((lane_off+(L29))-(v_sh^2/a_sh))))-(IF((lane_off)<=(v_sh^2/a_sh),(4/3)*(lane_off)^1.5/SQRT(a_sh),(4/3)*(v_sh^2/a_sh)^1.5/SQRT(a_sh)+((lane_off)^2-(v_sh^2/a_sh)^2)/(2*v_sh)+(v_sh/a_sh)*((lane_off)-(v_sh^2/a_sh)))))/(L29) -> 39.081869 | N29: =IF(((B29-1)*u_d/2*(1+f_hc)+lane_off)<=0,0,IF(((B29-1)*u_d/2*(1+f_hc)+lane_off)>=v_sh^2/a_sh,((B29-1)*u_d/2*(1+f_hc)+lane_off)/v_sh+v_sh/a_sh,2*SQRT(((B29-1)*u_d/2*(1+f_hc)+lane_off)/a_sh))) -> 4.7833043 | O29: =2*t_sh+2*t_turn+2*M29+2*N29 -> 145.73035 | P29: =SUMPRODUCT((Tc_idx<=C29)*(ROUNDUP(lam_total*INDEX(Tc_P,C29,0)*O29/(3600*rho_max)-0.000000001,0)+(ROUNDUP(lam_total*INDEX(Tc_P,C29,0)*O29/(3600*rho_max)-0.000000001,0)<min_sh)*(min_sh-ROUNDUP(lam_total*INDEX(Tc_P,C29,0)*O29/(3600*rho_max)-0.000000001,0)))) -> 6 | Q29: =ROUNDUP(P29-0.000000001,0)+spares -> 8 | R29: =B29*C29*(2*H29-G29*lpl) -> 4716 | S29: =R29*fill -> 4008.6 | T29: =I29*J29 -> 3603.6 | U29: =T29*(K29+headroom) -> 20900.88 | V29: =G29*c_lift -> 300000 | W29: =Q29*c_shut -> 400000 | X29: =R29*c_pos -> 471600 | Y29: =T29*c_m2+U29*c_m3 -> 2068466.4 | Z29: =SUM(V29:Y29) -> 3240066.4 | AA29: =B29*u_d/(H29*u_w) -> 0.0098484848 | AB29: =IF(G29=0,0,F29/G29) -> 0.28581349 | AC29: =IF(G29>1,F29/(G29-1),"n/a") -> 0.57162698 | AD29: =moves_day*m_pallet*9.81*INDEX(Tc_mh,C29)/3600000 -> 5.6244 | AE29: =IF(AND(K29<=H_max,H29<=300,OR(lane_policy="Free (optimize N_C)",B29=sku_pal),OR(env_use="No",AND(I29<=L_bldg,J29<=W_bldg),AND(I29<=W_bldg,J29<=L_bldg))),1,0) -> 0 | AF29: =IF(obj_mode="Total cost",Z29,IF(obj_mode="Shuttle cycle",O29,T29)) -> 3240066.4 | AG29: =IF(AE29=1,AF29*(1+A29*0.0000000001),1E+099) -> 1e+99 | AH29: =IF(AE29=1,"",IF(K29>H_max,"height",IF(AND(lane_policy<>"Free (optimize N_C)",B29<>sku_pal),"lane policy","footprint"))) -> footprint
A30: 23 | B30: =$C$3 -> 3 | C30: 3 | D30: =INDEX(Tc_pl,C30) -> 0.52941176 | E30: =INDEX(Tc_S,C30) -> 41.634921 | F30: =lam_total*D30*E30/3600 -> 0.61227824 | G30: =IF(F30<=0.000000000001,0,MAX(ROUNDUP(F30/rho_max-0.000000001,0),IF(redund="Yes",ROUNDUP(F30/rho_fail-0.000000001,0)+1,0))) -> 2 | H30: =MAX(1,ROUNDUP((P_req/(B30*C30)+G30*lpl)/2-0.000000001,0)) -> 265 | I30: =H30*u_w -> 265 | J30: =2*B30*u_d+aisle_w -> 9.1 | K30: =C30*u_h -> 6.45 | L30: =IF(G30=0,I30,I30/(2*G30)) -> 66.25 | M30: =((IF((lane_off+(L30))<=(v_sh^2/a_sh),(4/3)*(lane_off+(L30))^1.5/SQRT(a_sh),(4/3)*(v_sh^2/a_sh)^1.5/SQRT(a_sh)+((lane_off+(L30))^2-(v_sh^2/a_sh)^2)/(2*v_sh)+(v_sh/a_sh)*((lane_off+(L30))-(v_sh^2/a_sh))))-(IF((lane_off)<=(v_sh^2/a_sh),(4/3)*(lane_off)^1.5/SQRT(a_sh),(4/3)*(v_sh^2/a_sh)^1.5/SQRT(a_sh)+((lane_off)^2-(v_sh^2/a_sh)^2)/(2*v_sh)+(v_sh/a_sh)*((lane_off)-(v_sh^2/a_sh)))))/(L30) -> 27.38354 | N30: =IF(((B30-1)*u_d/2*(1+f_hc)+lane_off)<=0,0,IF(((B30-1)*u_d/2*(1+f_hc)+lane_off)>=v_sh^2/a_sh,((B30-1)*u_d/2*(1+f_hc)+lane_off)/v_sh+v_sh/a_sh,2*SQRT(((B30-1)*u_d/2*(1+f_hc)+lane_off)/a_sh))) -> 4.7833043 | O30: =2*t_sh+2*t_turn+2*M30+2*N30 -> 122.33369 | P30: =SUMPRODUCT((Tc_idx<=C30)*(ROUNDUP(lam_total*INDEX(Tc_P,C30,0)*O30/(3600*rho_max)-0.000000001,0)+(ROUNDUP(lam_total*INDEX(Tc_P,C30,0)*O30/(3600*rho_max)-0.000000001,0)<min_sh)*(min_sh-ROUNDUP(lam_total*INDEX(Tc_P,C30,0)*O30/(3600*rho_max)-0.000000001,0)))) -> 7 | Q30: =ROUNDUP(P30-0.000000001,0)+spares -> 9 | R30: =B30*C30*(2*H30-G30*lpl) -> 4716 | S30: =R30*fill -> 4008.6 | T30: =I30*J30 -> 2411.5 | U30: =T30*(K30+headroom) -> 19171.425 | V30: =G30*c_lift -> 300000 | W30: =Q30*c_shut -> 450000 | X30: =R30*c_pos -> 471600 | Y30: =T30*c_m2+U30*c_m3 -> 1539742.8 | Z30: =SUM(V30:Y30) -> 2761342.8 | AA30: =B30*u_d/(H30*u_w) -> 0.014716981 | AB30: =IF(G30=0,0,F30/G30) -> 0.30613912 | AC30: =IF(G30>1,F30/(G30-1),"n/a") -> 0.61227824 | AD30: =moves_day*m_pallet*9.81*INDEX(Tc_mh,C30)/3600000 -> 6.6169412 | AE30: =IF(AND(K30<=H_max,H30<=300,OR(lane_policy="Free (optimize N_C)",B30=sku_pal),OR(env_use="No",AND(I30<=L_bldg,J30<=W_bldg),AND(I30<=W_bldg,J30<=L_bldg))),1,0) -> 0 | AF30: =IF(obj_mode="Total cost",Z30,IF(obj_mode="Shuttle cycle",O30,T30)) -> 2761342.8 | AG30: =IF(AE30=1,AF30*(1+A30*0.0000000001),1E+099) -> 1e+99 | AH30: =IF(AE30=1,"",IF(K30>H_max,"height",IF(AND(lane_policy<>"Free (optimize N_C)",B30<>sku_pal),"lane policy","footprint"))) -> footprint
A31: 24 | B31: =$C$3 -> 3 | C31: 4 | D31: =INDEX(Tc_pl,C31) -> 0.55555556 | E31: =INDEX(Tc_S,C31) -> 42.447143 | F31: =lam_total*D31*E31/3600 -> 0.6550485 | G31: =IF(F31<=0.000000000001,0,MAX(ROUNDUP(F31/rho_max-0.000000001,0),IF(redund="Yes",ROUNDUP(F31/rho_fail-0.000000001,0)+1,0))) -> 2 | H31: =MAX(1,ROUNDUP((P_req/(B31*C31)+G31*lpl)/2-0.000000001,0)) -> 200 | I31: =H31*u_w -> 200 | J31: =2*B31*u_d+aisle_w -> 9.1 | K31: =C31*u_h -> 8.6 | L31: =IF(G31=0,I31,I31/(2*G31)) -> 50 | M31: =((IF((lane_off+(L31))<=(v_sh^2/a_sh),(4/3)*(lane_off+(L31))^1.5/SQRT(a_sh),(4/3)*(v_sh^2/a_sh)^1.5/SQRT(a_sh)+((lane_off+(L31))^2-(v_sh^2/a_sh)^2)/(2*v_sh)+(v_sh/a_sh)*((lane_off+(L31))-(v_sh^2/a_sh))))-(IF((lane_off)<=(v_sh^2/a_sh),(4/3)*(lane_off)^1.5/SQRT(a_sh),(4/3)*(v_sh^2/a_sh)^1.5/SQRT(a_sh)+((lane_off)^2-(v_sh^2/a_sh)^2)/(2*v_sh)+(v_sh/a_sh)*((lane_off)-(v_sh^2/a_sh)))))/(L31) -> 21.578101 | N31: =IF(((B31-1)*u_d/2*(1+f_hc)+lane_off)<=0,0,IF(((B31-1)*u_d/2*(1+f_hc)+lane_off)>=v_sh^2/a_sh,((B31-1)*u_d/2*(1+f_hc)+lane_off)/v_sh+v_sh/a_sh,2*SQRT(((B31-1)*u_d/2*(1+f_hc)+lane_off)/a_sh))) -> 4.7833043 | O31: =2*t_sh+2*t_turn+2*M31+2*N31 -> 110.72281 | P31: =SUMPRODUCT((Tc_idx<=C31)*(ROUNDUP(lam_total*INDEX(Tc_P,C31,0)*O31/(3600*rho_max)-0.000000001,0)+(ROUNDUP(lam_total*INDEX(Tc_P,C31,0)*O31/(3600*rho_max)-0.000000001,0)<min_sh)*(min_sh-ROUNDUP(lam_total*INDEX(Tc_P,C31,0)*O31/(3600*rho_max)-0.000000001,0)))) -> 6 | Q31: =ROUNDUP(P31-0.000000001,0)+spares -> 8 | R31: =B31*C31*(2*H31-G31*lpl) -> 4728 | S31: =R31*fill -> 4018.8 | T31: =I31*J31 -> 1820 | U31: =T31*(K31+headroom) -> 18382 | V31: =G31*c_lift -> 300000 | W31: =Q31*c_shut -> 400000 | X31: =R31*c_pos -> 472800 | Y31: =T31*c_m2+U31*c_m3 -> 1279460 | Z31: =SUM(V31:Y31) -> 2452260 | AA31: =B31*u_d/(H31*u_w) -> 0.0195 | AB31: =IF(G31=0,0,F31/G31) -> 0.32752425 | AC31: =IF(G31>1,F31/(G31-1),"n/a") -> 0.6550485 | AD31: =moves_day*m_pallet*9.81*INDEX(Tc_mh,C31)/3600000 -> 8.1241333 | AE31: =IF(AND(K31<=H_max,H31<=300,OR(lane_policy="Free (optimize N_C)",B31=sku_pal),OR(env_use="No",AND(I31<=L_bldg,J31<=W_bldg),AND(I31<=W_bldg,J31<=L_bldg))),1,0) -> 0 | AF31: =IF(obj_mode="Total cost",Z31,IF(obj_mode="Shuttle cycle",O31,T31)) -> 2452260 | AG31: =IF(AE31=1,AF31*(1+A31*0.0000000001),1E+099) -> 1e+99 | AH31: =IF(AE31=1,"",IF(K31>H_max,"height",IF(AND(lane_policy<>"Free (optimize N_C)",B31<>sku_pal),"lane policy","footprint"))) -> footprint
A32: 25 | B32: =$C$3 -> 3 | C32: 5 | D32: =INDEX(Tc_pl,C32) -> 0.57894737 | E32: =INDEX(Tc_S,C32) -> 43.502597 | F32: =lam_total*D32*E32/3600 -> 0.69960317 | G32: =IF(F32<=0.000000000001,0,MAX(ROUNDUP(F32/rho_max-0.000000001,0),IF(redund="Yes",ROUNDUP(F32/rho_fail-0.000000001,0)+1,0))) -> 2 | H32: =MAX(1,ROUNDUP((P_req/(B32*C32)+G32*lpl)/2-0.000000001,0)) -> 160 | I32: =H32*u_w -> 160 | J32: =2*B32*u_d+aisle_w -> 9.1 | K32: =C32*u_h -> 10.75 | L32: =IF(G32=0,I32,I32/(2*G32)) -> 40 | M32: =((IF((lane_off+(L32))<=(v_sh^2/a_sh),(4/3)*(lane_off+(L32))^1.5/SQRT(a_sh),(4/3)*(v_sh^2/a_sh)^1.5/SQRT(a_sh)+((lane_off+(L32))^2-(v_sh^2/a_sh)^2)/(2*v_sh)+(v_sh/a_sh)*((lane_off+(L32))-(v_sh^2/a_sh))))-(IF((lane_off)<=(v_sh^2/a_sh),(4/3)*(lane_off)^1.5/SQRT(a_sh),(4/3)*(v_sh^2/a_sh)^1.5/SQRT(a_sh)+((lane_off)^2-(v_sh^2/a_sh)^2)/(2*v_sh)+(v_sh/a_sh)*((lane_off)-(v_sh^2/a_sh)))))/(L32) -> 18.004769 | N32: =IF(((B32-1)*u_d/2*(1+f_hc)+lane_off)<=0,0,IF(((B32-1)*u_d/2*(1+f_hc)+lane_off)>=v_sh^2/a_sh,((B32-1)*u_d/2*(1+f_hc)+lane_off)/v_sh+v_sh/a_sh,2*SQRT(((B32-1)*u_d/2*(1+f_hc)+lane_off)/a_sh))) -> 4.7833043 | O32: =2*t_sh+2*t_turn+2*M32+2*N32 -> 103.57615 | P32: =SUMPRODUCT((Tc_idx<=C32)*(ROUNDUP(lam_total*INDEX(Tc_P,C32,0)*O32/(3600*rho_max)-0.000000001,0)+(ROUNDUP(lam_total*INDEX(Tc_P,C32,0)*O32/(3600*rho_max)-0.000000001,0)<min_sh)*(min_sh-ROUNDUP(lam_total*INDEX(Tc_P,C32,0)*O32/(3600*rho_max)-0.000000001,0)))) -> 7 | Q32: =ROUNDUP(P32-0.000000001,0)+spares -> 9 | R32: =B32*C32*(2*H32-G32*lpl) -> 4710 | S32: =R32*fill -> 4003.5 | T32: =I32*J32 -> 1456 | U32: =T32*(K32+headroom) -> 17836 | V32: =G32*c_lift -> 300000 | W32: =Q32*c_shut -> 450000 | X32: =R32*c_pos -> 471000 | Y32: =T32*c_m2+U32*c_m3 -> 1117480 | Z32: =SUM(V32:Y32) -> 2338480 | AA32: =B32*u_d/(H32*u_w) -> 0.024375 | AB32: =IF(G32=0,0,F32/G32) -> 0.34980159 | AC32: =IF(G32>1,F32/(G32-1),"n/a") -> 0.69960317 | AD32: =moves_day*m_pallet*9.81*INDEX(Tc_mh,C32)/3600000 -> 10.064716 | AE32: =IF(AND(K32<=H_max,H32<=300,OR(lane_policy="Free (optimize N_C)",B32=sku_pal),OR(env_use="No",AND(I32<=L_bldg,J32<=W_bldg),AND(I32<=W_bldg,J32<=L_bldg))),1,0) -> 0 | AF32: =IF(obj_mode="Total cost",Z32,IF(obj_mode="Shuttle cycle",O32,T32)) -> 2338480 | AG32: =IF(AE32=1,AF32*(1+A32*0.0000000001),1E+099) -> 1e+99 | AH32: =IF(AE32=1,"",IF(K32>H_max,"height",IF(AND(lane_policy<>"Free (optimize N_C)",B32<>sku_pal),"lane policy","footprint"))) -> footprint
A33: 26 | B33: =$C$3 -> 3 | C33: 6 | D33: =INDEX(Tc_pl,C33) -> 0.6 | E33: =INDEX(Tc_S,C33) -> 44.740476 | F33: =lam_total*D33*E33/3600 -> 0.7456746 | G33: =IF(F33<=0.000000000001,0,MAX(ROUNDUP(F33/rho_max-0.000000001,0),IF(redund="Yes",ROUNDUP(F33/rho_fail-0.000000001,0)+1,0))) -> 2 | H33: =MAX(1,ROUNDUP((P_req/(B33*C33)+G33*lpl)/2-0.000000001,0)) -> 134 | I33: =H33*u_w -> 134 | J33: =2*B33*u_d+aisle_w -> 9.1 | K33: =C33*u_h -> 12.9 | L33: =IF(G33=0,I33,I33/(2*G33)) -> 33.5 | M33: =((IF((lane_off+(L33))<=(v_sh^2/a_sh),(4/3)*(lane_off+(L33))^1.5/SQRT(a_sh),(4/3)*(v_sh^2/a_sh)^1.5/SQRT(a_sh)+((lane_off+(L33))^2-(v_sh^2/a_sh)^2)/(2*v_sh)+(v_sh/a_sh)*((lane_off+(L33))-(v_sh^2/a_sh))))-(IF((lane_off)<=(v_sh^2/a_sh),(4/3)*(lane_off)^1.5/SQRT(a_sh),(4/3)*(v_sh^2/a_sh)^1.5/SQRT(a_sh)+((lane_off)^2-(v_sh^2/a_sh)^2)/(2*v_sh)+(v_sh/a_sh)*((lane_off)-(v_sh^2/a_sh)))))/(L33) -> 15.681494 | N33: =IF(((B33-1)*u_d/2*(1+f_hc)+lane_off)<=0,0,IF(((B33-1)*u_d/2*(1+f_hc)+lane_off)>=v_sh^2/a_sh,((B33-1)*u_d/2*(1+f_hc)+lane_off)/v_sh+v_sh/a_sh,2*SQRT(((B33-1)*u_d/2*(1+f_hc)+lane_off)/a_sh))) -> 4.7833043 | O33: =2*t_sh+2*t_turn+2*M33+2*N33 -> 98.929596 | P33: =SUMPRODUCT((Tc_idx<=C33)*(ROUNDUP(lam_total*INDEX(Tc_P,C33,0)*O33/(3600*rho_max)-0.000000001,0)+(ROUNDUP(lam_total*INDEX(Tc_P,C33,0)*O33/(3600*rho_max)-0.000000001,0)<min_sh)*(min_sh-ROUNDUP(lam_total*INDEX(Tc_P,C33,0)*O33/(3600*rho_max)-0.000000001,0)))) -> 8 | Q33: =ROUNDUP(P33-0.000000001,0)+spares -> 10 | R33: =B33*C33*(2*H33-G33*lpl) -> 4716 | S33: =R33*fill -> 4008.6 | T33: =I33*J33 -> 1219.4 | U33: =T33*(K33+headroom) -> 17559.36 | V33: =G33*c_lift -> 300000 | W33: =Q33*c_shut -> 500000 | X33: =R33*c_pos -> 471600 | Y33: =T33*c_m2+U33*c_m3 -> 1014540.8 | Z33: =SUM(V33:Y33) -> 2286140.8 | AA33: =B33*u_d/(H33*u_w) -> 0.029104478 | AB33: =IF(G33=0,0,F33/G33) -> 0.3728373 | AC33: =IF(G33>1,F33/(G33-1),"n/a") -> 0.7456746 | AD33: =moves_day*m_pallet*9.81*INDEX(Tc_mh,C33)/3600000 -> 12.37368 | AE33: =IF(AND(K33<=H_max,H33<=300,OR(lane_policy="Free (optimize N_C)",B33=sku_pal),OR(env_use="No",AND(I33<=L_bldg,J33<=W_bldg),AND(I33<=W_bldg,J33<=L_bldg))),1,0) -> 0 | AF33: =IF(obj_mode="Total cost",Z33,IF(obj_mode="Shuttle cycle",O33,T33)) -> 2286140.8 | AG33: =IF(AE33=1,AF33*(1+A33*0.0000000001),1E+099) -> 1e+99 | AH33: =IF(AE33=1,"",IF(K33>H_max,"height",IF(AND(lane_policy<>"Free (optimize N_C)",B33<>sku_pal),"lane policy","footprint"))) -> footprint
A34: 27 | B34: =$C$3 -> 3 | C34: 7 | D34: =INDEX(Tc_pl,C34) -> 0.6 | E34: =INDEX(Tc_S,C34) -> 44.919643 | F34: =lam_total*D34*E34/3600 -> 0.74866071 | G34: =IF(F34<=0.000000000001,0,MAX(ROUNDUP(F34/rho_max-0.000000001,0),IF(redund="Yes",ROUNDUP(F34/rho_fail-0.000000001,0)+1,0))) -> 2 | H34: =MAX(1,ROUNDUP((P_req/(B34*C34)+G34*lpl)/2-0.000000001,0)) -> 116 | I34: =H34*u_w -> 116 | J34: =2*B34*u_d+aisle_w -> 9.1 | K34: =C34*u_h -> 15.05 | L34: =IF(G34=0,I34,I34/(2*G34)) -> 29 | M34: =((IF((lane_off+(L34))<=(v_sh^2/a_sh),(4/3)*(lane_off+(L34))^1.5/SQRT(a_sh),(4/3)*(v_sh^2/a_sh)^1.5/SQRT(a_sh)+((lane_off+(L34))^2-(v_sh^2/a_sh)^2)/(2*v_sh)+(v_sh/a_sh)*((lane_off+(L34))-(v_sh^2/a_sh))))-(IF((lane_off)<=(v_sh^2/a_sh),(4/3)*(lane_off)^1.5/SQRT(a_sh),(4/3)*(v_sh^2/a_sh)^1.5/SQRT(a_sh)+((lane_off)^2-(v_sh^2/a_sh)^2)/(2*v_sh)+(v_sh/a_sh)*((lane_off)-(v_sh^2/a_sh)))))/(L34) -> 14.072587 | N34: =IF(((B34-1)*u_d/2*(1+f_hc)+lane_off)<=0,0,IF(((B34-1)*u_d/2*(1+f_hc)+lane_off)>=v_sh^2/a_sh,((B34-1)*u_d/2*(1+f_hc)+lane_off)/v_sh+v_sh/a_sh,2*SQRT(((B34-1)*u_d/2*(1+f_hc)+lane_off)/a_sh))) -> 4.7833043 | O34: =2*t_sh+2*t_turn+2*M34+2*N34 -> 95.711784 | P34: =SUMPRODUCT((Tc_idx<=C34)*(ROUNDUP(lam_total*INDEX(Tc_P,C34,0)*O34/(3600*rho_max)-0.000000001,0)+(ROUNDUP(lam_total*INDEX(Tc_P,C34,0)*O34/(3600*rho_max)-0.000000001,0)<min_sh)*(min_sh-ROUNDUP(lam_total*INDEX(Tc_P,C34,0)*O34/(3600*rho_max)-0.000000001,0)))) -> 9 | Q34: =ROUNDUP(P34-0.000000001,0)+spares -> 11 | R34: =B34*C34*(2*H34-G34*lpl) -> 4746 | S34: =R34*fill -> 4034.1 | T34: =I34*J34 -> 1055.6 | U34: =T34*(K34+headroom) -> 17470.18 | V34: =G34*c_lift -> 300000 | W34: =Q34*c_shut -> 550000 | X34: =R34*c_pos -> 474600 | Y34: =T34*c_m2+U34*c_m3 -> 946345.4 | Z34: =SUM(V34:Y34) -> 2270945.4 | AA34: =B34*u_d/(H34*u_w) -> 0.03362069 | AB34: =IF(G34=0,0,F34/G34) -> 0.37433036 | AC34: =IF(G34>1,F34/(G34-1),"n/a") -> 0.74866071 | AD34: =moves_day*m_pallet*9.81*INDEX(Tc_mh,C34)/3600000 -> 12.6549 | AE34: =IF(AND(K34<=H_max,H34<=300,OR(lane_policy="Free (optimize N_C)",B34=sku_pal),OR(env_use="No",AND(I34<=L_bldg,J34<=W_bldg),AND(I34<=W_bldg,J34<=L_bldg))),1,0) -> 0 | AF34: =IF(obj_mode="Total cost",Z34,IF(obj_mode="Shuttle cycle",O34,T34)) -> 2270945.4 | AG34: =IF(AE34=1,AF34*(1+A34*0.0000000001),1E+099) -> 1e+99 | AH34: =IF(AE34=1,"",IF(K34>H_max,"height",IF(AND(lane_policy<>"Free (optimize N_C)",B34<>sku_pal),"lane policy","footprint"))) -> footprint
A35: 28 | B35: =$C$3 -> 3 | C35: 8 | D35: =INDEX(Tc_pl,C35) -> 0.6 | E35: =INDEX(Tc_S,C35) -> 45.09881 | F35: =lam_total*D35*E35/3600 -> 0.75164683 | G35: =IF(F35<=0.000000000001,0,MAX(ROUNDUP(F35/rho_max-0.000000001,0),IF(redund="Yes",ROUNDUP(F35/rho_fail-0.000000001,0)+1,0))) -> 2 | H35: =MAX(1,ROUNDUP((P_req/(B35*C35)+G35*lpl)/2-0.000000001,0)) -> 102 | I35: =H35*u_w -> 102 | J35: =2*B35*u_d+aisle_w -> 9.1 | K35: =C35*u_h -> 17.2 | L35: =IF(G35=0,I35,I35/(2*G35)) -> 25.5 | M35: =((IF((lane_off+(L35))<=(v_sh^2/a_sh),(4/3)*(lane_off+(L35))^1.5/SQRT(a_sh),(4/3)*(v_sh^2/a_sh)^1.5/SQRT(a_sh)+((lane_off+(L35))^2-(v_sh^2/a_sh)^2)/(2*v_sh)+(v_sh/a_sh)*((lane_off+(L35))-(v_sh^2/a_sh))))-(IF((lane_off)<=(v_sh^2/a_sh),(4/3)*(lane_off)^1.5/SQRT(a_sh),(4/3)*(v_sh^2/a_sh)^1.5/SQRT(a_sh)+((lane_off)^2-(v_sh^2/a_sh)^2)/(2*v_sh)+(v_sh/a_sh)*((lane_off)-(v_sh^2/a_sh)))))/(L35) -> 12.820786 | N35: =IF(((B35-1)*u_d/2*(1+f_hc)+lane_off)<=0,0,IF(((B35-1)*u_d/2*(1+f_hc)+lane_off)>=v_sh^2/a_sh,((B35-1)*u_d/2*(1+f_hc)+lane_off)/v_sh+v_sh/a_sh,2*SQRT(((B35-1)*u_d/2*(1+f_hc)+lane_off)/a_sh))) -> 4.7833043 | O35: =2*t_sh+2*t_turn+2*M35+2*N35 -> 93.20818 | P35: =SUMPRODUCT((Tc_idx<=C35)*(ROUNDUP(lam_total*INDEX(Tc_P,C35,0)*O35/(3600*rho_max)-0.000000001,0)+(ROUNDUP(lam_total*INDEX(Tc_P,C35,0)*O35/(3600*rho_max)-0.000000001,0)<min_sh)*(min_sh-ROUNDUP(lam_total*INDEX(Tc_P,C35,0)*O35/(3600*rho_max)-0.000000001,0)))) -> 10 | Q35: =ROUNDUP(P35-0.000000001,0)+spares -> 12 | R35: =B35*C35*(2*H35-G35*lpl) -> 4752 | S35: =R35*fill -> 4039.2 | T35: =I35*J35 -> 928.2 | U35: =T35*(K35+headroom) -> 17357.34 | V35: =G35*c_lift -> 300000 | W35: =Q35*c_shut -> 600000 | X35: =R35*c_pos -> 475200 | Y35: =T35*c_m2+U35*c_m3 -> 892000.2 | Z35: =SUM(V35:Y35) -> 2267200.2 | AA35: =B35*u_d/(H35*u_w) -> 0.038235294 | AB35: =IF(G35=0,0,F35/G35) -> 0.37582341 | AC35: =IF(G35>1,F35/(G35-1),"n/a") -> 0.75164683 | AD35: =moves_day*m_pallet*9.81*INDEX(Tc_mh,C35)/3600000 -> 12.93612 | AE35: =IF(AND(K35<=H_max,H35<=300,OR(lane_policy="Free (optimize N_C)",B35=sku_pal),OR(env_use="No",AND(I35<=L_bldg,J35<=W_bldg),AND(I35<=W_bldg,J35<=L_bldg))),1,0) -> 0 | AF35: =IF(obj_mode="Total cost",Z35,IF(obj_mode="Shuttle cycle",O35,T35)) -> 2267200.2 | AG35: =IF(AE35=1,AF35*(1+A35*0.0000000001),1E+099) -> 1e+99 | AH35: =IF(AE35=1,"",IF(K35>H_max,"height",IF(AND(lane_policy<>"Free (optimize N_C)",B35<>sku_pal),"lane policy","footprint"))) -> footprint
A36: 29 | B36: =$C$3 -> 3 | C36: 9 | D36: =INDEX(Tc_pl,C36) -> 0.6 | E36: =INDEX(Tc_S,C36) -> 45.277976 | F36: =lam_total*D36*E36/3600 -> 0.75463294 | G36: =IF(F36<=0.000000000001,0,MAX(ROUNDUP(F36/rho_max-0.000000001,0),IF(redund="Yes",ROUNDUP(F36/rho_fail-0.000000001,0)+1,0))) -> 2 | H36: =MAX(1,ROUNDUP((P_req/(B36*C36)+G36*lpl)/2-0.000000001,0)) -> 91 | I36: =H36*u_w -> 91 | J36: =2*B36*u_d+aisle_w -> 9.1 | K36: =C36*u_h -> 19.35 | L36: =IF(G36=0,I36,I36/(2*G36)) -> 22.75 | M36: =((IF((lane_off+(L36))<=(v_sh^2/a_sh),(4/3)*(lane_off+(L36))^1.5/SQRT(a_sh),(4/3)*(v_sh^2/a_sh)^1.5/SQRT(a_sh)+((lane_off+(L36))^2-(v_sh^2/a_sh)^2)/(2*v_sh)+(v_sh/a_sh)*((lane_off+(L36))-(v_sh^2/a_sh))))-(IF((lane_off)<=(v_sh^2/a_sh),(4/3)*(lane_off)^1.5/SQRT(a_sh),(4/3)*(v_sh^2/a_sh)^1.5/SQRT(a_sh)+((lane_off)^2-(v_sh^2/a_sh)^2)/(2*v_sh)+(v_sh/a_sh)*((lane_off)-(v_sh^2/a_sh)))))/(L36) -> 11.836838 | N36: =IF(((B36-1)*u_d/2*(1+f_hc)+lane_off)<=0,0,IF(((B36-1)*u_d/2*(1+f_hc)+lane_off)>=v_sh^2/a_sh,((B36-1)*u_d/2*(1+f_hc)+lane_off)/v_sh+v_sh/a_sh,2*SQRT(((B36-1)*u_d/2*(1+f_hc)+lane_off)/a_sh))) -> 4.7833043 | O36: =2*t_sh+2*t_turn+2*M36+2*N36 -> 91.240285 | P36: =SUMPRODUCT((Tc_idx<=C36)*(ROUNDUP(lam_total*INDEX(Tc_P,C36,0)*O36/(3600*rho_max)-0.000000001,0)+(ROUNDUP(lam_total*INDEX(Tc_P,C36,0)*O36/(3600*rho_max)-0.000000001,0)<min_sh)*(min_sh-ROUNDUP(lam_total*INDEX(Tc_P,C36,0)*O36/(3600*rho_max)-0.000000001,0)))) -> 11 | Q36: =ROUNDUP(P36-0.000000001,0)+spares -> 13 | R36: =B36*C36*(2*H36-G36*lpl) -> 4752 | S36: =R36*fill -> 4039.2 | T36: =I36*J36 -> 828.1 | U36: =T36*(K36+headroom) -> 17265.885 | V36: =G36*c_lift -> 300000 | W36: =Q36*c_shut -> 650000 | X36: =R36*c_pos -> 475200 | Y36: =T36*c_m2+U36*c_m3 -> 849216.55 | Z36: =SUM(V36:Y36) -> 2274416.5 | AA36: =B36*u_d/(H36*u_w) -> 0.042857143 | AB36: =IF(G36=0,0,F36/G36) -> 0.37731647 | AC36: =IF(G36>1,F36/(G36-1),"n/a") -> 0.75463294 | AD36: =moves_day*m_pallet*9.81*INDEX(Tc_mh,C36)/3600000 -> 13.21734 | AE36: =IF(AND(K36<=H_max,H36<=300,OR(lane_policy="Free (optimize N_C)",B36=sku_pal),OR(env_use="No",AND(I36<=L_bldg,J36<=W_bldg),AND(I36<=W_bldg,J36<=L_bldg))),1,0) -> 0 | AF36: =IF(obj_mode="Total cost",Z36,IF(obj_mode="Shuttle cycle",O36,T36)) -> 2274416.5 | AG36: =IF(AE36=1,AF36*(1+A36*0.0000000001),1E+099) -> 1e+99 | AH36: =IF(AE36=1,"",IF(K36>H_max,"height",IF(AND(lane_policy<>"Free (optimize N_C)",B36<>sku_pal),"lane policy","footprint"))) -> footprint
A37: 30 | B37: =$C$3 -> 3 | C37: 10 | D37: =INDEX(Tc_pl,C37) -> 0.6 | E37: =INDEX(Tc_S,C37) -> 45.457143 | F37: =lam_total*D37*E37/3600 -> 0.75761905 | G37: =IF(F37<=0.000000000001,0,MAX(ROUNDUP(F37/rho_max-0.000000001,0),IF(redund="Yes",ROUNDUP(F37/rho_fail-0.000000001,0)+1,0))) -> 2 | H37: =MAX(1,ROUNDUP((P_req/(B37*C37)+G37*lpl)/2-0.000000001,0)) -> 82 | I37: =H37*u_w -> 82 | J37: =2*B37*u_d+aisle_w -> 9.1 | K37: =C37*u_h -> 21.5 | L37: =IF(G37=0,I37,I37/(2*G37)) -> 20.5 | M37: =((IF((lane_off+(L37))<=(v_sh^2/a_sh),(4/3)*(lane_off+(L37))^1.5/SQRT(a_sh),(4/3)*(v_sh^2/a_sh)^1.5/SQRT(a_sh)+((lane_off+(L37))^2-(v_sh^2/a_sh)^2)/(2*v_sh)+(v_sh/a_sh)*((lane_off+(L37))-(v_sh^2/a_sh))))-(IF((lane_off)<=(v_sh^2/a_sh),(4/3)*(lane_off)^1.5/SQRT(a_sh),(4/3)*(v_sh^2/a_sh)^1.5/SQRT(a_sh)+((lane_off)^2-(v_sh^2/a_sh)^2)/(2*v_sh)+(v_sh/a_sh)*((lane_off)-(v_sh^2/a_sh)))))/(L37) -> 11.03143 | N37: =IF(((B37-1)*u_d/2*(1+f_hc)+lane_off)<=0,0,IF(((B37-1)*u_d/2*(1+f_hc)+lane_off)>=v_sh^2/a_sh,((B37-1)*u_d/2*(1+f_hc)+lane_off)/v_sh+v_sh/a_sh,2*SQRT(((B37-1)*u_d/2*(1+f_hc)+lane_off)/a_sh))) -> 4.7833043 | O37: =2*t_sh+2*t_turn+2*M37+2*N37 -> 89.629469 | P37: =SUMPRODUCT((Tc_idx<=C37)*(ROUNDUP(lam_total*INDEX(Tc_P,C37,0)*O37/(3600*rho_max)-0.000000001,0)+(ROUNDUP(lam_total*INDEX(Tc_P,C37,0)*O37/(3600*rho_max)-0.000000001,0)<min_sh)*(min_sh-ROUNDUP(lam_total*INDEX(Tc_P,C37,0)*O37/(3600*rho_max)-0.000000001,0)))) -> 12 | Q37: =ROUNDUP(P37-0.000000001,0)+spares -> 14 | R37: =B37*C37*(2*H37-G37*lpl) -> 4740 | S37: =R37*fill -> 4029 | T37: =I37*J37 -> 746.2 | U37: =T37*(K37+headroom) -> 17162.6 | V37: =G37*c_lift -> 300000 | W37: =Q37*c_shut -> 700000 | X37: =R37*c_pos -> 474000 | Y37: =T37*c_m2+U37*c_m3 -> 813358 | Z37: =SUM(V37:Y37) -> 2287358 | AA37: =B37*u_d/(H37*u_w) -> 0.047560976 | AB37: =IF(G37=0,0,F37/G37) -> 0.37880952 | AC37: =IF(G37>1,F37/(G37-1),"n/a") -> 0.75761905 | AD37: =moves_day*m_pallet*9.81*INDEX(Tc_mh,C37)/3600000 -> 13.49856 | AE37: =IF(AND(K37<=H_max,H37<=300,OR(lane_policy="Free (optimize N_C)",B37=sku_pal),OR(env_use="No",AND(I37<=L_bldg,J37<=W_bldg),AND(I37<=W_bldg,J37<=L_bldg))),1,0) -> 0 | AF37: =IF(obj_mode="Total cost",Z37,IF(obj_mode="Shuttle cycle",O37,T37)) -> 2287358 | AG37: =IF(AE37=1,AF37*(1+A37*0.0000000001),1E+099) -> 1e+99 | AH37: =IF(AE37=1,"",IF(K37>H_max,"height",IF(AND(lane_policy<>"Free (optimize N_C)",B37<>sku_pal),"lane policy","footprint"))) -> height
A38: 31 | B38: =$C$3 -> 3 | C38: 11 | D38: =INDEX(Tc_pl,C38) -> 0.6 | E38: =INDEX(Tc_S,C38) -> 45.63631 | F38: =lam_total*D38*E38/3600 -> 0.76060516 | G38: =IF(F38<=0.000000000001,0,MAX(ROUNDUP(F38/rho_max-0.000000001,0),IF(redund="Yes",ROUNDUP(F38/rho_fail-0.000000001,0)+1,0))) -> 2 | H38: =MAX(1,ROUNDUP((P_req/(B38*C38)+G38*lpl)/2-0.000000001,0)) -> 75 | I38: =H38*u_w -> 75 | J38: =2*B38*u_d+aisle_w -> 9.1 | K38: =C38*u_h -> 23.65 | L38: =IF(G38=0,I38,I38/(2*G38)) -> 18.75 | M38: =((IF((lane_off+(L38))<=(v_sh^2/a_sh),(4/3)*(lane_off+(L38))^1.5/SQRT(a_sh),(4/3)*(v_sh^2/a_sh)^1.5/SQRT(a_sh)+((lane_off+(L38))^2-(v_sh^2/a_sh)^2)/(2*v_sh)+(v_sh/a_sh)*((lane_off+(L38))-(v_sh^2/a_sh))))-(IF((lane_off)<=(v_sh^2/a_sh),(4/3)*(lane_off)^1.5/SQRT(a_sh),(4/3)*(v_sh^2/a_sh)^1.5/SQRT(a_sh)+((lane_off)^2-(v_sh^2/a_sh)^2)/(2*v_sh)+(v_sh/a_sh)*((lane_off)-(v_sh^2/a_sh)))))/(L38) -> 10.404697 | N38: =IF(((B38-1)*u_d/2*(1+f_hc)+lane_off)<=0,0,IF(((B38-1)*u_d/2*(1+f_hc)+lane_off)>=v_sh^2/a_sh,((B38-1)*u_d/2*(1+f_hc)+lane_off)/v_sh+v_sh/a_sh,2*SQRT(((B38-1)*u_d/2*(1+f_hc)+lane_off)/a_sh))) -> 4.7833043 | O38: =2*t_sh+2*t_turn+2*M38+2*N38 -> 88.376003 | P38: =SUMPRODUCT((Tc_idx<=C38)*(ROUNDUP(lam_total*INDEX(Tc_P,C38,0)*O38/(3600*rho_max)-0.000000001,0)+(ROUNDUP(lam_total*INDEX(Tc_P,C38,0)*O38/(3600*rho_max)-0.000000001,0)<min_sh)*(min_sh-ROUNDUP(lam_total*INDEX(Tc_P,C38,0)*O38/(3600*rho_max)-0.000000001,0)))) -> 13 | Q38: =ROUNDUP(P38-0.000000001,0)+spares -> 15 | R38: =B38*C38*(2*H38-G38*lpl) -> 4752 | S38: =R38*fill -> 4039.2 | T38: =I38*J38 -> 682.5 | U38: =T38*(K38+headroom) -> 17164.875 | V38: =G38*c_lift -> 300000 | W38: =Q38*c_shut -> 750000 | X38: =R38*c_pos -> 475200 | Y38: =T38*c_m2+U38*c_m3 -> 787946.25 | Z38: =SUM(V38:Y38) -> 2313146.2 | AA38: =B38*u_d/(H38*u_w) -> 0.052 | AB38: =IF(G38=0,0,F38/G38) -> 0.38030258 | AC38: =IF(G38>1,F38/(G38-1),"n/a") -> 0.76060516 | AD38: =moves_day*m_pallet*9.81*INDEX(Tc_mh,C38)/3600000 -> 13.77978 | AE38: =IF(AND(K38<=H_max,H38<=300,OR(lane_policy="Free (optimize N_C)",B38=sku_pal),OR(env_use="No",AND(I38<=L_bldg,J38<=W_bldg),AND(I38<=W_bldg,J38<=L_bldg))),1,0) -> 0 | AF38: =IF(obj_mode="Total cost",Z38,IF(obj_mode="Shuttle cycle",O38,T38)) -> 2313146.2 | AG38: =IF(AE38=1,AF38*(1+A38*0.0000000001),1E+099) -> 1e+99 | AH38: =IF(AE38=1,"",IF(K38>H_max,"height",IF(AND(lane_policy<>"Free (optimize N_C)",B38<>sku_pal),"lane policy","footprint"))) -> height
A39: 32 | B39: =$C$3 -> 3 | C39: 12 | D39: =INDEX(Tc_pl,C39) -> 0.6 | E39: =INDEX(Tc_S,C39) -> 45.815476 | F39: =lam_total*D39*E39/3600 -> 0.76359127 | G39: =IF(F39<=0.000000000001,0,MAX(ROUNDUP(F39/rho_max-0.000000001,0),IF(redund="Yes",ROUNDUP(F39/rho_fail-0.000000001,0)+1,0))) -> 2 | H39: =MAX(1,ROUNDUP((P_req/(B39*C39)+G39*lpl)/2-0.000000001,0)) -> 69 | I39: =H39*u_w -> 69 | J39: =2*B39*u_d+aisle_w -> 9.1 | K39: =C39*u_h -> 25.8 | L39: =IF(G39=0,I39,I39/(2*G39)) -> 17.25 | M39: =((IF((lane_off+(L39))<=(v_sh^2/a_sh),(4/3)*(lane_off+(L39))^1.5/SQRT(a_sh),(4/3)*(v_sh^2/a_sh)^1.5/SQRT(a_sh)+((lane_off+(L39))^2-(v_sh^2/a_sh)^2)/(2*v_sh)+(v_sh/a_sh)*((lane_off+(L39))-(v_sh^2/a_sh))))-(IF((lane_off)<=(v_sh^2/a_sh),(4/3)*(lane_off)^1.5/SQRT(a_sh),(4/3)*(v_sh^2/a_sh)^1.5/SQRT(a_sh)+((lane_off)^2-(v_sh^2/a_sh)^2)/(2*v_sh)+(v_sh/a_sh)*((lane_off)-(v_sh^2/a_sh)))))/(L39) -> 9.8672174 | N39: =IF(((B39-1)*u_d/2*(1+f_hc)+lane_off)<=0,0,IF(((B39-1)*u_d/2*(1+f_hc)+lane_off)>=v_sh^2/a_sh,((B39-1)*u_d/2*(1+f_hc)+lane_off)/v_sh+v_sh/a_sh,2*SQRT(((B39-1)*u_d/2*(1+f_hc)+lane_off)/a_sh))) -> 4.7833043 | O39: =2*t_sh+2*t_turn+2*M39+2*N39 -> 87.301043 | P39: =SUMPRODUCT((Tc_idx<=C39)*(ROUNDUP(lam_total*INDEX(Tc_P,C39,0)*O39/(3600*rho_max)-0.000000001,0)+(ROUNDUP(lam_total*INDEX(Tc_P,C39,0)*O39/(3600*rho_max)-0.000000001,0)<min_sh)*(min_sh-ROUNDUP(lam_total*INDEX(Tc_P,C39,0)*O39/(3600*rho_max)-0.000000001,0)))) -> 14 | Q39: =ROUNDUP(P39-0.000000001,0)+spares -> 16 | R39: =B39*C39*(2*H39-G39*lpl) -> 4752 | S39: =R39*fill -> 4039.2 | T39: =I39*J39 -> 627.9 | U39: =T39*(K39+headroom) -> 17141.67 | V39: =G39*c_lift -> 300000 | W39: =Q39*c_shut -> 800000 | X39: =R39*c_pos -> 475200 | Y39: =T39*c_m2+U39*c_m3 -> 765410.1 | Z39: =SUM(V39:Y39) -> 2340610.1 | AA39: =B39*u_d/(H39*u_w) -> 0.056521739 | AB39: =IF(G39=0,0,F39/G39) -> 0.38179563 | AC39: =IF(G39>1,F39/(G39-1),"n/a") -> 0.76359127 | AD39: =moves_day*m_pallet*9.81*INDEX(Tc_mh,C39)/3600000 -> 14.061 | AE39: =IF(AND(K39<=H_max,H39<=300,OR(lane_policy="Free (optimize N_C)",B39=sku_pal),OR(env_use="No",AND(I39<=L_bldg,J39<=W_bldg),AND(I39<=W_bldg,J39<=L_bldg))),1,0) -> 0 | AF39: =IF(obj_mode="Total cost",Z39,IF(obj_mode="Shuttle cycle",O39,T39)) -> 2340610.1 | AG39: =IF(AE39=1,AF39*(1+A39*0.0000000001),1E+099) -> 1e+99 | AH39: =IF(AE39=1,"",IF(K39>H_max,"height",IF(AND(lane_policy<>"Free (optimize N_C)",B39<>sku_pal),"lane policy","footprint"))) -> height
... A47: 40 | B47: =$C$3 -> 3 | C47: 20 | D47: =INDEX(Tc_pl,C47) -> 0.6 | E47: =INDEX(Tc_S,C47) -> 47.24881 | F47: =lam_total*D47*E47/3600 -> 0.78748016 | G47: =IF(F47<=0.000000000001,0,MAX(ROUNDUP(F47/rho_max-0.000000001,0),IF(redund="Yes",ROUNDUP(F47/rho_fail-0.000000001,0)+1,0))) -> 2 | H47: =MAX(1,ROUNDUP((P_req/(B47*C47)+G47*lpl)/2-0.000000001,0)) -> 43 | I47: =H47*u_w -> 43 | J47: =2*B47*u_d+aisle_w -> 9.1 | K47: =C47*u_h -> 43 | L47: =IF(G47=0,I47,I47/(2*G47)) -> 10.75 | M47: =((IF((lane_off+(L47))<=(v_sh^2/a_sh),(4/3)*(lane_off+(L47))^1.5/SQRT(a_sh),(4/3)*(v_sh^2/a_sh)^1.5/SQRT(a_sh)+((lane_off+(L47))^2-(v_sh^2/a_sh)^2)/(2*v_sh)+(v_sh/a_sh)*((lane_off+(L47))-(v_sh^2/a_sh))))-(IF((lane_off)<=(v_sh^2/a_sh),(4/3)*(lane_off)^1.5/SQRT(a_sh),(4/3)*(v_sh^2/a_sh)^1.5/SQRT(a_sh)+((lane_off)^2-(v_sh^2/a_sh)^2)/(2*v_sh)+(v_sh/a_sh)*((lane_off)-(v_sh^2/a_sh)))))/(L47) -> 7.5324452 | N47: =IF(((B47-1)*u_d/2*(1+f_hc)+lane_off)<=0,0,IF(((B47-1)*u_d/2*(1+f_hc)+lane_off)>=v_sh^2/a_sh,((B47-1)*u_d/2*(1+f_hc)+lane_off)/v_sh+v_sh/a_sh,2*SQRT(((B47-1)*u_d/2*(1+f_hc)+lane_off)/a_sh))) -> 4.7833043 | O47: =2*t_sh+2*t_turn+2*M47+2*N47 -> 82.631499 | P47: =SUMPRODUCT((Tc_idx<=C47)*(ROUNDUP(lam_total*INDEX(Tc_P,C47,0)*O47/(3600*rho_max)-0.000000001,0)+(ROUNDUP(lam_total*INDEX(Tc_P,C47,0)*O47/(3600*rho_max)-0.000000001,0)<min_sh)*(min_sh-ROUNDUP(lam_total*INDEX(Tc_P,C47,0)*O47/(3600*rho_max)-0.000000001,0)))) -> 22 | Q47: =ROUNDUP(P47-0.000000001,0)+spares -> 24 | R47: =B47*C47*(2*H47-G47*lpl) -> 4800 | S47: =R47*fill -> 4080 | T47: =I47*J47 -> 391.3 | U47: =T47*(K47+headroom) -> 17412.85 | V47: =G47*c_lift -> 300000 | W47: =Q47*c_shut -> 1200000 | X47: =R47*c_pos -> 480000 | Y47: =T47*c_m2+U47*c_m3 -> 678905.5 | Z47: =SUM(V47:Y47) -> 2658905.5 | AA47: =B47*u_d/(H47*u_w) -> 0.090697674 | AB47: =IF(G47=0,0,F47/G47) -> 0.39374008 | AC47: =IF(G47>1,F47/(G47-1),"n/a") -> 0.78748016 | AD47: =moves_day*m_pallet*9.81*INDEX(Tc_mh,C47)/3600000 -> 16.31076 | AE47: =IF(AND(K47<=H_max,H47<=300,OR(lane_policy="Free (optimize N_C)",B47=sku_pal),OR(env_use="No",AND(I47<=L_bldg,J47<=W_bldg),AND(I47<=W_bldg,J47<=L_bldg))),1,0) -> 0 | AF47: =IF(obj_mode="Total cost",Z47,IF(obj_mode="Shuttle cycle",O47,T47)) -> 2658905.5 | AG47: =IF(AE47=1,AF47*(1+A47*0.0000000001),1E+099) -> 1e+99 | AH47: =IF(AE47=1,"",IF(K47>H_max,"height",IF(AND(lane_policy<>"Free (optimize N_C)",B47<>sku_pal),"lane policy","footprint"))) -> height
A48: 41 | B48: =$D$3 -> 4 | C48: 1 | D48: =INDEX(Tc_pl,C48) -> 0 | E48: =INDEX(Tc_S,C48) -> 0 | F48: =lam_total*D48*E48/3600 -> 0 | G48: =IF(F48<=0.000000000001,0,MAX(ROUNDUP(F48/rho_max-0.000000001,0),IF(redund="Yes",ROUNDUP(F48/rho_fail-0.000000001,0)+1,0))) -> 0 | H48: =MAX(1,ROUNDUP((P_req/(B48*C48)+G48*lpl)/2-0.000000001,0)) -> 589 | I48: =H48*u_w -> 589 | J48: =2*B48*u_d+aisle_w -> 11.7 | K48: =C48*u_h -> 2.15 | L48: =IF(G48=0,I48,I48/(2*G48)) -> 589 | M48: =((IF((lane_off+(L48))<=(v_sh^2/a_sh),(4/3)*(lane_off+(L48))^1.5/SQRT(a_sh),(4/3)*(v_sh^2/a_sh)^1.5/SQRT(a_sh)+((lane_off+(L48))^2-(v_sh^2/a_sh)^2)/(2*v_sh)+(v_sh/a_sh)*((lane_off+(L48))-(v_sh^2/a_sh))))-(IF((lane_off)<=(v_sh^2/a_sh),(4/3)*(lane_off)^1.5/SQRT(a_sh),(4/3)*(v_sh^2/a_sh)^1.5/SQRT(a_sh)+((lane_off)^2-(v_sh^2/a_sh)^2)/(2*v_sh)+(v_sh/a_sh)*((lane_off)-(v_sh^2/a_sh)))))/(L48) -> 214.08507 | N48: =IF(((B48-1)*u_d/2*(1+f_hc)+lane_off)<=0,0,IF(((B48-1)*u_d/2*(1+f_hc)+lane_off)>=v_sh^2/a_sh,((B48-1)*u_d/2*(1+f_hc)+lane_off)/v_sh+v_sh/a_sh,2*SQRT(((B48-1)*u_d/2*(1+f_hc)+lane_off)/a_sh))) -> 5.396295 | O48: =2*t_sh+2*t_turn+2*M48+2*N48 -> 496.96273 | P48: =SUMPRODUCT((Tc_idx<=C48)*(ROUNDUP(lam_total*INDEX(Tc_P,C48,0)*O48/(3600*rho_max)-0.000000001,0)+(ROUNDUP(lam_total*INDEX(Tc_P,C48,0)*O48/(3600*rho_max)-0.000000001,0)<min_sh)*(min_sh-ROUNDUP(lam_total*INDEX(Tc_P,C48,0)*O48/(3600*rho_max)-0.000000001,0)))) -> 19 | Q48: =ROUNDUP(P48-0.000000001,0)+spares -> 21 | R48: =B48*C48*(2*H48-G48*lpl) -> 4712 | S48: =R48*fill -> 4005.2 | T48: =I48*J48 -> 6891.3 | U48: =T48*(K48+headroom) -> 25153.245 | V48: =G48*c_lift -> 0 | W48: =Q48*c_shut -> 1050000 | X48: =R48*c_pos -> 471200 | Y48: =T48*c_m2+U48*c_m3 -> 3511117.4 | Z48: =SUM(V48:Y48) -> 5032317.3 | AA48: =B48*u_d/(H48*u_w) -> 0.0088285229 | AB48: =IF(G48=0,0,F48/G48) -> 0 | AC48: =IF(G48>1,F48/(G48-1),"n/a") -> n/a | AD48: =moves_day*m_pallet*9.81*INDEX(Tc_mh,C48)/3600000 -> 0 | AE48: =IF(AND(K48<=H_max,H48<=300,OR(lane_policy="Free (optimize N_C)",B48=sku_pal),OR(env_use="No",AND(I48<=L_bldg,J48<=W_bldg),AND(I48<=W_bldg,J48<=L_bldg))),1,0) -> 0 | AF48: =IF(obj_mode="Total cost",Z48,IF(obj_mode="Shuttle cycle",O48,T48)) -> 5032317.3 | AG48: =IF(AE48=1,AF48*(1+A48*0.0000000001),1E+099) -> 1e+99 | AH48: =IF(AE48=1,"",IF(K48>H_max,"height",IF(AND(lane_policy<>"Free (optimize N_C)",B48<>sku_pal),"lane policy","footprint"))) -> footprint
A49: 42 | B49: =$D$3 -> 4 | C49: 2 | D49: =INDEX(Tc_pl,C49) -> 0.5 | E49: =INDEX(Tc_S,C49) -> 41.157143 | F49: =lam_total*D49*E49/3600 -> 0.57162698 | G49: =IF(F49<=0.000000000001,0,MAX(ROUNDUP(F49/rho_max-0.000000001,0),IF(redund="Yes",ROUNDUP(F49/rho_fail-0.000000001,0)+1,0))) -> 2 | H49: =MAX(1,ROUNDUP((P_req/(B49*C49)+G49*lpl)/2-0.000000001,0)) -> 298 | I49: =H49*u_w -> 298 | J49: =2*B49*u_d+aisle_w -> 11.7 | K49: =C49*u_h -> 4.3 | L49: =IF(G49=0,I49,I49/(2*G49)) -> 74.5 | M49: =((IF((lane_off+(L49))<=(v_sh^2/a_sh),(4/3)*(lane_off+(L49))^1.5/SQRT(a_sh),(4/3)*(v_sh^2/a_sh)^1.5/SQRT(a_sh)+((lane_off+(L49))^2-(v_sh^2/a_sh)^2)/(2*v_sh)+(v_sh/a_sh)*((lane_off+(L49))-(v_sh^2/a_sh))))-(IF((lane_off)<=(v_sh^2/a_sh),(4/3)*(lane_off)^1.5/SQRT(a_sh),(4/3)*(v_sh^2/a_sh)^1.5/SQRT(a_sh)+((lane_off)^2-(v_sh^2/a_sh)^2)/(2*v_sh)+(v_sh/a_sh)*((lane_off)-(v_sh^2/a_sh)))))/(L49) -> 30.330605 | N49: =IF(((B49-1)*u_d/2*(1+f_hc)+lane_off)<=0,0,IF(((B49-1)*u_d/2*(1+f_hc)+lane_off)>=v_sh^2/a_sh,((B49-1)*u_d/2*(1+f_hc)+lane_off)/v_sh+v_sh/a_sh,2*SQRT(((B49-1)*u_d/2*(1+f_hc)+lane_off)/a_sh))) -> 5.396295 | O49: =2*t_sh+2*t_turn+2*M49+2*N49 -> 129.4538 | P49: =SUMPRODUCT((Tc_idx<=C49)*(ROUNDUP(lam_total*INDEX(Tc_P,C49,0)*O49/(3600*rho_max)-0.000000001,0)+(ROUNDUP(lam_total*INDEX(Tc_P,C49,0)*O49/(3600*rho_max)-0.000000001,0)<min_sh)*(min_sh-ROUNDUP(lam_total*INDEX(Tc_P,C49,0)*O49/(3600*rho_max)-0.000000001,0)))) -> 6 | Q49: =ROUNDUP(P49-0.000000001,0)+spares -> 8 | R49: =B49*C49*(2*H49-G49*lpl) -> 4720 | S49: =R49*fill -> 4012 | T49: =I49*J49 -> 3486.6 | U49: =T49*(K49+headroom) -> 20222.28 | V49: =G49*c_lift -> 300000 | W49: =Q49*c_shut -> 400000 | X49: =R49*c_pos -> 472000 | Y49: =T49*c_m2+U49*c_m3 -> 2001308.4 | Z49: =SUM(V49:Y49) -> 3173308.4 | AA49: =B49*u_d/(H49*u_w) -> 0.017449664 | AB49: =IF(G49=0,0,F49/G49) -> 0.28581349 | AC49: =IF(G49>1,F49/(G49-1),"n/a") -> 0.57162698 | AD49: =moves_day*m_pallet*9.81*INDEX(Tc_mh,C49)/3600000 -> 5.6244 | AE49: =IF(AND(K49<=H_max,H49<=300,OR(lane_policy="Free (optimize N_C)",B49=sku_pal),OR(env_use="No",AND(I49<=L_bldg,J49<=W_bldg),AND(I49<=W_bldg,J49<=L_bldg))),1,0) -> 0 | AF49: =IF(obj_mode="Total cost",Z49,IF(obj_mode="Shuttle cycle",O49,T49)) -> 3173308.4 | AG49: =IF(AE49=1,AF49*(1+A49*0.0000000001),1E+099) -> 1e+99 | AH49: =IF(AE49=1,"",IF(K49>H_max,"height",IF(AND(lane_policy<>"Free (optimize N_C)",B49<>sku_pal),"lane policy","footprint"))) -> footprint
A50: 43 | B50: =$D$3 -> 4 | C50: 3 | D50: =INDEX(Tc_pl,C50) -> 0.52941176 | E50: =INDEX(Tc_S,C50) -> 41.634921 | F50: =lam_total*D50*E50/3600 -> 0.61227824 | G50: =IF(F50<=0.000000000001,0,MAX(ROUNDUP(F50/rho_max-0.000000001,0),IF(redund="Yes",ROUNDUP(F50/rho_fail-0.000000001,0)+1,0))) -> 2 | H50: =MAX(1,ROUNDUP((P_req/(B50*C50)+G50*lpl)/2-0.000000001,0)) -> 200 | I50: =H50*u_w -> 200 | J50: =2*B50*u_d+aisle_w -> 11.7 | K50: =C50*u_h -> 6.45 | L50: =IF(G50=0,I50,I50/(2*G50)) -> 50 | M50: =((IF((lane_off+(L50))<=(v_sh^2/a_sh),(4/3)*(lane_off+(L50))^1.5/SQRT(a_sh),(4/3)*(v_sh^2/a_sh)^1.5/SQRT(a_sh)+((lane_off+(L50))^2-(v_sh^2/a_sh)^2)/(2*v_sh)+(v_sh/a_sh)*((lane_off+(L50))-(v_sh^2/a_sh))))-(IF((lane_off)<=(v_sh^2/a_sh),(4/3)*(lane_off)^1.5/SQRT(a_sh),(4/3)*(v_sh^2/a_sh)^1.5/SQRT(a_sh)+((lane_off)^2-(v_sh^2/a_sh)^2)/(2*v_sh)+(v_sh/a_sh)*((lane_off)-(v_sh^2/a_sh)))))/(L50) -> 21.578101 | N50: =IF(((B50-1)*u_d/2*(1+f_hc)+lane_off)<=0,0,IF(((B50-1)*u_d/2*(1+f_hc)+lane_off)>=v_sh^2/a_sh,((B50-1)*u_d/2*(1+f_hc)+lane_off)/v_sh+v_sh/a_sh,2*SQRT(((B50-1)*u_d/2*(1+f_hc)+lane_off)/a_sh))) -> 5.396295 | O50: =2*t_sh+2*t_turn+2*M50+2*N50 -> 111.94879 | P50: =SUMPRODUCT((Tc_idx<=C50)*(ROUNDUP(lam_total*INDEX(Tc_P,C50,0)*O50/(3600*rho_max)-0.000000001,0)+(ROUNDUP(lam_total*INDEX(Tc_P,C50,0)*O50/(3600*rho_max)-0.000000001,0)<min_sh)*(min_sh-ROUNDUP(lam_total*INDEX(Tc_P,C50,0)*O50/(3600*rho_max)-0.000000001,0)))) -> 5 | Q50: =ROUNDUP(P50-0.000000001,0)+spares -> 7 | R50: =B50*C50*(2*H50-G50*lpl) -> 4728 | S50: =R50*fill -> 4018.8 | T50: =I50*J50 -> 2340 | U50: =T50*(K50+headroom) -> 18603 | V50: =G50*c_lift -> 300000 | W50: =Q50*c_shut -> 350000 | X50: =R50*c_pos -> 472800 | Y50: =T50*c_m2+U50*c_m3 -> 1494090 | Z50: =SUM(V50:Y50) -> 2616890 | AA50: =B50*u_d/(H50*u_w) -> 0.026 | AB50: =IF(G50=0,0,F50/G50) -> 0.30613912 | AC50: =IF(G50>1,F50/(G50-1),"n/a") -> 0.61227824 | AD50: =moves_day*m_pallet*9.81*INDEX(Tc_mh,C50)/3600000 -> 6.6169412 | AE50: =IF(AND(K50<=H_max,H50<=300,OR(lane_policy="Free (optimize N_C)",B50=sku_pal),OR(env_use="No",AND(I50<=L_bldg,J50<=W_bldg),AND(I50<=W_bldg,J50<=L_bldg))),1,0) -> 0 | AF50: =IF(obj_mode="Total cost",Z50,IF(obj_mode="Shuttle cycle",O50,T50)) -> 2616890 | AG50: =IF(AE50=1,AF50*(1+A50*0.0000000001),1E+099) -> 1e+99 | AH50: =IF(AE50=1,"",IF(K50>H_max,"height",IF(AND(lane_policy<>"Free (optimize N_C)",B50<>sku_pal),"lane policy","footprint"))) -> footprint
A51: 44 | B51: =$D$3 -> 4 | C51: 4 | D51: =INDEX(Tc_pl,C51) -> 0.55555556 | E51: =INDEX(Tc_S,C51) -> 42.447143 | F51: =lam_total*D51*E51/3600 -> 0.6550485 | G51: =IF(F51<=0.000000000001,0,MAX(ROUNDUP(F51/rho_max-0.000000001,0),IF(redund="Yes",ROUNDUP(F51/rho_fail-0.000000001,0)+1,0))) -> 2 | H51: =MAX(1,ROUNDUP((P_req/(B51*C51)+G51*lpl)/2-0.000000001,0)) -> 151 | I51: =H51*u_w -> 151 | J51: =2*B51*u_d+aisle_w -> 11.7 | K51: =C51*u_h -> 8.6 | L51: =IF(G51=0,I51,I51/(2*G51)) -> 37.75 | M51: =((IF((lane_off+(L51))<=(v_sh^2/a_sh),(4/3)*(lane_off+(L51))^1.5/SQRT(a_sh),(4/3)*(v_sh^2/a_sh)^1.5/SQRT(a_sh)+((lane_off+(L51))^2-(v_sh^2/a_sh)^2)/(2*v_sh)+(v_sh/a_sh)*((lane_off+(L51))-(v_sh^2/a_sh))))-(IF((lane_off)<=(v_sh^2/a_sh),(4/3)*(lane_off)^1.5/SQRT(a_sh),(4/3)*(v_sh^2/a_sh)^1.5/SQRT(a_sh)+((lane_off)^2-(v_sh^2/a_sh)^2)/(2*v_sh)+(v_sh/a_sh)*((lane_off)-(v_sh^2/a_sh)))))/(L51) -> 17.20063 | N51: =IF(((B51-1)*u_d/2*(1+f_hc)+lane_off)<=0,0,IF(((B51-1)*u_d/2*(1+f_hc)+lane_off)>=v_sh^2/a_sh,((B51-1)*u_d/2*(1+f_hc)+lane_off)/v_sh+v_sh/a_sh,2*SQRT(((B51-1)*u_d/2*(1+f_hc)+lane_off)/a_sh))) -> 5.396295 | O51: =2*t_sh+2*t_turn+2*M51+2*N51 -> 103.19385 | P51: =SUMPRODUCT((Tc_idx<=C51)*(ROUNDUP(lam_total*INDEX(Tc_P,C51,0)*O51/(3600*rho_max)-0.000000001,0)+(ROUNDUP(lam_total*INDEX(Tc_P,C51,0)*O51/(3600*rho_max)-0.000000001,0)<min_sh)*(min_sh-ROUNDUP(lam_total*INDEX(Tc_P,C51,0)*O51/(3600*rho_max)-0.000000001,0)))) -> 6 | Q51: =ROUNDUP(P51-0.000000001,0)+spares -> 8 | R51: =B51*C51*(2*H51-G51*lpl) -> 4736 | S51: =R51*fill -> 4025.6 | T51: =I51*J51 -> 1766.7 | U51: =T51*(K51+headroom) -> 17843.67 | V51: =G51*c_lift -> 300000 | W51: =Q51*c_shut -> 400000 | X51: =R51*c_pos -> 473600 | Y51: =T51*c_m2+U51*c_m3 -> 1241990.1 | Z51: =SUM(V51:Y51) -> 2415590.1 | AA51: =B51*u_d/(H51*u_w) -> 0.034437086 | AB51: =IF(G51=0,0,F51/G51) -> 0.32752425 | AC51: =IF(G51>1,F51/(G51-1),"n/a") -> 0.6550485 | AD51: =moves_day*m_pallet*9.81*INDEX(Tc_mh,C51)/3600000 -> 8.1241333 | AE51: =IF(AND(K51<=H_max,H51<=300,OR(lane_policy="Free (optimize N_C)",B51=sku_pal),OR(env_use="No",AND(I51<=L_bldg,J51<=W_bldg),AND(I51<=W_bldg,J51<=L_bldg))),1,0) -> 0 | AF51: =IF(obj_mode="Total cost",Z51,IF(obj_mode="Shuttle cycle",O51,T51)) -> 2415590.1 | AG51: =IF(AE51=1,AF51*(1+A51*0.0000000001),1E+099) -> 1e+99 | AH51: =IF(AE51=1,"",IF(K51>H_max,"height",IF(AND(lane_policy<>"Free (optimize N_C)",B51<>sku_pal),"lane policy","footprint"))) -> footprint
A52: 45 | B52: =$D$3 -> 4 | C52: 5 | D52: =INDEX(Tc_pl,C52) -> 0.57894737 | E52: =INDEX(Tc_S,C52) -> 43.502597 | F52: =lam_total*D52*E52/3600 -> 0.69960317 | G52: =IF(F52<=0.000000000001,0,MAX(ROUNDUP(F52/rho_max-0.000000001,0),IF(redund="Yes",ROUNDUP(F52/rho_fail-0.000000001,0)+1,0))) -> 2 | H52: =MAX(1,ROUNDUP((P_req/(B52*C52)+G52*lpl)/2-0.000000001,0)) -> 121 | I52: =H52*u_w -> 121 | J52: =2*B52*u_d+aisle_w -> 11.7 | K52: =C52*u_h -> 10.75 | L52: =IF(G52=0,I52,I52/(2*G52)) -> 30.25 | M52: =((IF((lane_off+(L52))<=(v_sh^2/a_sh),(4/3)*(lane_off+(L52))^1.5/SQRT(a_sh),(4/3)*(v_sh^2/a_sh)^1.5/SQRT(a_sh)+((lane_off+(L52))^2-(v_sh^2/a_sh)^2)/(2*v_sh)+(v_sh/a_sh)*((lane_off+(L52))-(v_sh^2/a_sh))))-(IF((lane_off)<=(v_sh^2/a_sh),(4/3)*(lane_off)^1.5/SQRT(a_sh),(4/3)*(v_sh^2/a_sh)^1.5/SQRT(a_sh)+((lane_off)^2-(v_sh^2/a_sh)^2)/(2*v_sh)+(v_sh/a_sh)*((lane_off)-(v_sh^2/a_sh)))))/(L52) -> 14.519558 | N52: =IF(((B52-1)*u_d/2*(1+f_hc)+lane_off)<=0,0,IF(((B52-1)*u_d/2*(1+f_hc)+lane_off)>=v_sh^2/a_sh,((B52-1)*u_d/2*(1+f_hc)+lane_off)/v_sh+v_sh/a_sh,2*SQRT(((B52-1)*u_d/2*(1+f_hc)+lane_off)/a_sh))) -> 5.396295 | O52: =2*t_sh+2*t_turn+2*M52+2*N52 -> 97.831707 | P52: =SUMPRODUCT((Tc_idx<=C52)*(ROUNDUP(lam_total*INDEX(Tc_P,C52,0)*O52/(3600*rho_max)-0.000000001,0)+(ROUNDUP(lam_total*INDEX(Tc_P,C52,0)*O52/(3600*rho_max)-0.000000001,0)<min_sh)*(min_sh-ROUNDUP(lam_total*INDEX(Tc_P,C52,0)*O52/(3600*rho_max)-0.000000001,0)))) -> 7 | Q52: =ROUNDUP(P52-0.000000001,0)+spares -> 9 | R52: =B52*C52*(2*H52-G52*lpl) -> 4720 | S52: =R52*fill -> 4012 | T52: =I52*J52 -> 1415.7 | U52: =T52*(K52+headroom) -> 17342.325 | V52: =G52*c_lift -> 300000 | W52: =Q52*c_shut -> 450000 | X52: =R52*c_pos -> 472000 | Y52: =T52*c_m2+U52*c_m3 -> 1086549.8 | Z52: =SUM(V52:Y52) -> 2308549.8 | AA52: =B52*u_d/(H52*u_w) -> 0.042975207 | AB52: =IF(G52=0,0,F52/G52) -> 0.34980159 | AC52: =IF(G52>1,F52/(G52-1),"n/a") -> 0.69960317 | AD52: =moves_day*m_pallet*9.81*INDEX(Tc_mh,C52)/3600000 -> 10.064716 | AE52: =IF(AND(K52<=H_max,H52<=300,OR(lane_policy="Free (optimize N_C)",B52=sku_pal),OR(env_use="No",AND(I52<=L_bldg,J52<=W_bldg),AND(I52<=W_bldg,J52<=L_bldg))),1,0) -> 0 | AF52: =IF(obj_mode="Total cost",Z52,IF(obj_mode="Shuttle cycle",O52,T52)) -> 2308549.8 | AG52: =IF(AE52=1,AF52*(1+A52*0.0000000001),1E+099) -> 1e+99 | AH52: =IF(AE52=1,"",IF(K52>H_max,"height",IF(AND(lane_policy<>"Free (optimize N_C)",B52<>sku_pal),"lane policy","footprint"))) -> footprint
A53: 46 | B53: =$D$3 -> 4 | C53: 6 | D53: =INDEX(Tc_pl,C53) -> 0.6 | E53: =INDEX(Tc_S,C53) -> 44.740476 | F53: =lam_total*D53*E53/3600 -> 0.7456746 | G53: =IF(F53<=0.000000000001,0,MAX(ROUNDUP(F53/rho_max-0.000000001,0),IF(redund="Yes",ROUNDUP(F53/rho_fail-0.000000001,0)+1,0))) -> 2 | H53: =MAX(1,ROUNDUP((P_req/(B53*C53)+G53*lpl)/2-0.000000001,0)) -> 102 | I53: =H53*u_w -> 102 | J53: =2*B53*u_d+aisle_w -> 11.7 | K53: =C53*u_h -> 12.9 | L53: =IF(G53=0,I53,I53/(2*G53)) -> 25.5 | M53: =((IF((lane_off+(L53))<=(v_sh^2/a_sh),(4/3)*(lane_off+(L53))^1.5/SQRT(a_sh),(4/3)*(v_sh^2/a_sh)^1.5/SQRT(a_sh)+((lane_off+(L53))^2-(v_sh^2/a_sh)^2)/(2*v_sh)+(v_sh/a_sh)*((lane_off+(L53))-(v_sh^2/a_sh))))-(IF((lane_off)<=(v_sh^2/a_sh),(4/3)*(lane_off)^1.5/SQRT(a_sh),(4/3)*(v_sh^2/a_sh)^1.5/SQRT(a_sh)+((lane_off)^2-(v_sh^2/a_sh)^2)/(2*v_sh)+(v_sh/a_sh)*((lane_off)-(v_sh^2/a_sh)))))/(L53) -> 12.820786 | N53: =IF(((B53-1)*u_d/2*(1+f_hc)+lane_off)<=0,0,IF(((B53-1)*u_d/2*(1+f_hc)+lane_off)>=v_sh^2/a_sh,((B53-1)*u_d/2*(1+f_hc)+lane_off)/v_sh+v_sh/a_sh,2*SQRT(((B53-1)*u_d/2*(1+f_hc)+lane_off)/a_sh))) -> 5.396295 | O53: =2*t_sh+2*t_turn+2*M53+2*N53 -> 94.434162 | P53: =SUMPRODUCT((Tc_idx<=C53)*(ROUNDUP(lam_total*INDEX(Tc_P,C53,0)*O53/(3600*rho_max)-0.000000001,0)+(ROUNDUP(lam_total*INDEX(Tc_P,C53,0)*O53/(3600*rho_max)-0.000000001,0)<min_sh)*(min_sh-ROUNDUP(lam_total*INDEX(Tc_P,C53,0)*O53/(3600*rho_max)-0.000000001,0)))) -> 8 | Q53: =ROUNDUP(P53-0.000000001,0)+spares -> 10 | R53: =B53*C53*(2*H53-G53*lpl) -> 4752 | S53: =R53*fill -> 4039.2 | T53: =I53*J53 -> 1193.4 | U53: =T53*(K53+headroom) -> 17184.96 | V53: =G53*c_lift -> 300000 | W53: =Q53*c_shut -> 500000 | X53: =R53*c_pos -> 475200 | Y53: =T53*c_m2+U53*c_m3 -> 992908.8 | Z53: =SUM(V53:Y53) -> 2268108.8 | AA53: =B53*u_d/(H53*u_w) -> 0.050980392 | AB53: =IF(G53=0,0,F53/G53) -> 0.3728373 | AC53: =IF(G53>1,F53/(G53-1),"n/a") -> 0.7456746 | AD53: =moves_day*m_pallet*9.81*INDEX(Tc_mh,C53)/3600000 -> 12.37368 | AE53: =IF(AND(K53<=H_max,H53<=300,OR(lane_policy="Free (optimize N_C)",B53=sku_pal),OR(env_use="No",AND(I53<=L_bldg,J53<=W_bldg),AND(I53<=W_bldg,J53<=L_bldg))),1,0) -> 0 | AF53: =IF(obj_mode="Total cost",Z53,IF(obj_mode="Shuttle cycle",O53,T53)) -> 2268108.8 | AG53: =IF(AE53=1,AF53*(1+A53*0.0000000001),1E+099) -> 1e+99 | AH53: =IF(AE53=1,"",IF(K53>H_max,"height",IF(AND(lane_policy<>"Free (optimize N_C)",B53<>sku_pal),"lane policy","footprint"))) -> footprint
A54: 47 | B54: =$D$3 -> 4 | C54: 7 | D54: =INDEX(Tc_pl,C54) -> 0.6 | E54: =INDEX(Tc_S,C54) -> 44.919643 | F54: =lam_total*D54*E54/3600 -> 0.74866071 | G54: =IF(F54<=0.000000000001,0,MAX(ROUNDUP(F54/rho_max-0.000000001,0),IF(redund="Yes",ROUNDUP(F54/rho_fail-0.000000001,0)+1,0))) -> 2 | H54: =MAX(1,ROUNDUP((P_req/(B54*C54)+G54*lpl)/2-0.000000001,0)) -> 88 | I54: =H54*u_w -> 88 | J54: =2*B54*u_d+aisle_w -> 11.7 | K54: =C54*u_h -> 15.05 | L54: =IF(G54=0,I54,I54/(2*G54)) -> 22 | M54: =((IF((lane_off+(L54))<=(v_sh^2/a_sh),(4/3)*(lane_off+(L54))^1.5/SQRT(a_sh),(4/3)*(v_sh^2/a_sh)^1.5/SQRT(a_sh)+((lane_off+(L54))^2-(v_sh^2/a_sh)^2)/(2*v_sh)+(v_sh/a_sh)*((lane_off+(L54))-(v_sh^2/a_sh))))-(IF((lane_off)<=(v_sh^2/a_sh),(4/3)*(lane_off)^1.5/SQRT(a_sh),(4/3)*(v_sh^2/a_sh)^1.5/SQRT(a_sh)+((lane_off)^2-(v_sh^2/a_sh)^2)/(2*v_sh)+(v_sh/a_sh)*((lane_off)-(v_sh^2/a_sh)))))/(L54) -> 11.568411 | N54: =IF(((B54-1)*u_d/2*(1+f_hc)+lane_off)<=0,0,IF(((B54-1)*u_d/2*(1+f_hc)+lane_off)>=v_sh^2/a_sh,((B54-1)*u_d/2*(1+f_hc)+lane_off)/v_sh+v_sh/a_sh,2*SQRT(((B54-1)*u_d/2*(1+f_hc)+lane_off)/a_sh))) -> 5.396295 | O54: =2*t_sh+2*t_turn+2*M54+2*N54 -> 91.929412 | P54: =SUMPRODUCT((Tc_idx<=C54)*(ROUNDUP(lam_total*INDEX(Tc_P,C54,0)*O54/(3600*rho_max)-0.000000001,0)+(ROUNDUP(lam_total*INDEX(Tc_P,C54,0)*O54/(3600*rho_max)-0.000000001,0)<min_sh)*(min_sh-ROUNDUP(lam_total*INDEX(Tc_P,C54,0)*O54/(3600*rho_max)-0.000000001,0)))) -> 9 | Q54: =ROUNDUP(P54-0.000000001,0)+spares -> 11 | R54: =B54*C54*(2*H54-G54*lpl) -> 4760 | S54: =R54*fill -> 4046 | T54: =I54*J54 -> 1029.6 | U54: =T54*(K54+headroom) -> 17039.88 | V54: =G54*c_lift -> 300000 | W54: =Q54*c_shut -> 550000 | X54: =R54*c_pos -> 476000 | Y54: =T54*c_m2+U54*c_m3 -> 923036.4 | Z54: =SUM(V54:Y54) -> 2249036.4 | AA54: =B54*u_d/(H54*u_w) -> 0.059090909 | AB54: =IF(G54=0,0,F54/G54) -> 0.37433036 | AC54: =IF(G54>1,F54/(G54-1),"n/a") -> 0.74866071 | AD54: =moves_day*m_pallet*9.81*INDEX(Tc_mh,C54)/3600000 -> 12.6549 | AE54: =IF(AND(K54<=H_max,H54<=300,OR(lane_policy="Free (optimize N_C)",B54=sku_pal),OR(env_use="No",AND(I54<=L_bldg,J54<=W_bldg),AND(I54<=W_bldg,J54<=L_bldg))),1,0) -> 0 | AF54: =IF(obj_mode="Total cost",Z54,IF(obj_mode="Shuttle cycle",O54,T54)) -> 2249036.4 | AG54: =IF(AE54=1,AF54*(1+A54*0.0000000001),1E+099) -> 1e+99 | AH54: =IF(AE54=1,"",IF(K54>H_max,"height",IF(AND(lane_policy<>"Free (optimize N_C)",B54<>sku_pal),"lane policy","footprint"))) -> footprint
A55: 48 | B55: =$D$3 -> 4 | C55: 8 | D55: =INDEX(Tc_pl,C55) -> 0.6 | E55: =INDEX(Tc_S,C55) -> 45.09881 | F55: =lam_total*D55*E55/3600 -> 0.75164683 | G55: =IF(F55<=0.000000000001,0,MAX(ROUNDUP(F55/rho_max-0.000000001,0),IF(redund="Yes",ROUNDUP(F55/rho_fail-0.000000001,0)+1,0))) -> 2 | H55: =MAX(1,ROUNDUP((P_req/(B55*C55)+G55*lpl)/2-0.000000001,0)) -> 77 | I55: =H55*u_w -> 77 | J55: =2*B55*u_d+aisle_w -> 11.7 | K55: =C55*u_h -> 17.2 | L55: =IF(G55=0,I55,I55/(2*G55)) -> 19.25 | M55: =((IF((lane_off+(L55))<=(v_sh^2/a_sh),(4/3)*(lane_off+(L55))^1.5/SQRT(a_sh),(4/3)*(v_sh^2/a_sh)^1.5/SQRT(a_sh)+((lane_off+(L55))^2-(v_sh^2/a_sh)^2)/(2*v_sh)+(v_sh/a_sh)*((lane_off+(L55))-(v_sh^2/a_sh))))-(IF((lane_off)<=(v_sh^2/a_sh),(4/3)*(lane_off)^1.5/SQRT(a_sh),(4/3)*(v_sh^2/a_sh)^1.5/SQRT(a_sh)+((lane_off)^2-(v_sh^2/a_sh)^2)/(2*v_sh)+(v_sh/a_sh)*((lane_off)-(v_sh^2/a_sh)))))/(L55) -> 10.583796 | N55: =IF(((B55-1)*u_d/2*(1+f_hc)+lane_off)<=0,0,IF(((B55-1)*u_d/2*(1+f_hc)+lane_off)>=v_sh^2/a_sh,((B55-1)*u_d/2*(1+f_hc)+lane_off)/v_sh+v_sh/a_sh,2*SQRT(((B55-1)*u_d/2*(1+f_hc)+lane_off)/a_sh))) -> 5.396295 | O55: =2*t_sh+2*t_turn+2*M55+2*N55 -> 89.960182 | P55: =SUMPRODUCT((Tc_idx<=C55)*(ROUNDUP(lam_total*INDEX(Tc_P,C55,0)*O55/(3600*rho_max)-0.000000001,0)+(ROUNDUP(lam_total*INDEX(Tc_P,C55,0)*O55/(3600*rho_max)-0.000000001,0)<min_sh)*(min_sh-ROUNDUP(lam_total*INDEX(Tc_P,C55,0)*O55/(3600*rho_max)-0.000000001,0)))) -> 10 | Q55: =ROUNDUP(P55-0.000000001,0)+spares -> 12 | R55: =B55*C55*(2*H55-G55*lpl) -> 4736 | S55: =R55*fill -> 4025.6 | T55: =I55*J55 -> 900.9 | U55: =T55*(K55+headroom) -> 16846.83 | V55: =G55*c_lift -> 300000 | W55: =Q55*c_shut -> 600000 | X55: =R55*c_pos -> 473600 | Y55: =T55*c_m2+U55*c_m3 -> 865764.9 | Z55: =SUM(V55:Y55) -> 2239364.9 | AA55: =B55*u_d/(H55*u_w) -> 0.067532468 | AB55: =IF(G55=0,0,F55/G55) -> 0.37582341 | AC55: =IF(G55>1,F55/(G55-1),"n/a") -> 0.75164683 | AD55: =moves_day*m_pallet*9.81*INDEX(Tc_mh,C55)/3600000 -> 12.93612 | AE55: =IF(AND(K55<=H_max,H55<=300,OR(lane_policy="Free (optimize N_C)",B55=sku_pal),OR(env_use="No",AND(I55<=L_bldg,J55<=W_bldg),AND(I55<=W_bldg,J55<=L_bldg))),1,0) -> 0 | AF55: =IF(obj_mode="Total cost",Z55,IF(obj_mode="Shuttle cycle",O55,T55)) -> 2239364.9 | AG55: =IF(AE55=1,AF55*(1+A55*0.0000000001),1E+099) -> 1e+99 | AH55: =IF(AE55=1,"",IF(K55>H_max,"height",IF(AND(lane_policy<>"Free (optimize N_C)",B55<>sku_pal),"lane policy","footprint"))) -> footprint
A56: 49 | B56: =$D$3 -> 4 | C56: 9 | D56: =INDEX(Tc_pl,C56) -> 0.6 | E56: =INDEX(Tc_S,C56) -> 45.277976 | F56: =lam_total*D56*E56/3600 -> 0.75463294 | G56: =IF(F56<=0.000000000001,0,MAX(ROUNDUP(F56/rho_max-0.000000001,0),IF(redund="Yes",ROUNDUP(F56/rho_fail-0.000000001,0)+1,0))) -> 2 | H56: =MAX(1,ROUNDUP((P_req/(B56*C56)+G56*lpl)/2-0.000000001,0)) -> 69 | I56: =H56*u_w -> 69 | J56: =2*B56*u_d+aisle_w -> 11.7 | K56: =C56*u_h -> 19.35 | L56: =IF(G56=0,I56,I56/(2*G56)) -> 17.25 | M56: =((IF((lane_off+(L56))<=(v_sh^2/a_sh),(4/3)*(lane_off+(L56))^1.5/SQRT(a_sh),(4/3)*(v_sh^2/a_sh)^1.5/SQRT(a_sh)+((lane_off+(L56))^2-(v_sh^2/a_sh)^2)/(2*v_sh)+(v_sh/a_sh)*((lane_off+(L56))-(v_sh^2/a_sh))))-(IF((lane_off)<=(v_sh^2/a_sh),(4/3)*(lane_off)^1.5/SQRT(a_sh),(4/3)*(v_sh^2/a_sh)^1.5/SQRT(a_sh)+((lane_off)^2-(v_sh^2/a_sh)^2)/(2*v_sh)+(v_sh/a_sh)*((lane_off)-(v_sh^2/a_sh)))))/(L56) -> 9.8672174 | N56: =IF(((B56-1)*u_d/2*(1+f_hc)+lane_off)<=0,0,IF(((B56-1)*u_d/2*(1+f_hc)+lane_off)>=v_sh^2/a_sh,((B56-1)*u_d/2*(1+f_hc)+lane_off)/v_sh+v_sh/a_sh,2*SQRT(((B56-1)*u_d/2*(1+f_hc)+lane_off)/a_sh))) -> 5.396295 | O56: =2*t_sh+2*t_turn+2*M56+2*N56 -> 88.527025 | P56: =SUMPRODUCT((Tc_idx<=C56)*(ROUNDUP(lam_total*INDEX(Tc_P,C56,0)*O56/(3600*rho_max)-0.000000001,0)+(ROUNDUP(lam_total*INDEX(Tc_P,C56,0)*O56/(3600*rho_max)-0.000000001,0)<min_sh)*(min_sh-ROUNDUP(lam_total*INDEX(Tc_P,C56,0)*O56/(3600*rho_max)-0.000000001,0)))) -> 11 | Q56: =ROUNDUP(P56-0.000000001,0)+spares -> 13 | R56: =B56*C56*(2*H56-G56*lpl) -> 4752 | S56: =R56*fill -> 4039.2 | T56: =I56*J56 -> 807.3 | U56: =T56*(K56+headroom) -> 16832.205 | V56: =G56*c_lift -> 300000 | W56: =Q56*c_shut -> 650000 | X56: =R56*c_pos -> 475200 | Y56: =T56*c_m2+U56*c_m3 -> 827886.15 | Z56: =SUM(V56:Y56) -> 2253086.1 | AA56: =B56*u_d/(H56*u_w) -> 0.075362319 | AB56: =IF(G56=0,0,F56/G56) -> 0.37731647 | AC56: =IF(G56>1,F56/(G56-1),"n/a") -> 0.75463294 | AD56: =moves_day*m_pallet*9.81*INDEX(Tc_mh,C56)/3600000 -> 13.21734 | AE56: =IF(AND(K56<=H_max,H56<=300,OR(lane_policy="Free (optimize N_C)",B56=sku_pal),OR(env_use="No",AND(I56<=L_bldg,J56<=W_bldg),AND(I56<=W_bldg,J56<=L_bldg))),1,0) -> 0 | AF56: =IF(obj_mode="Total cost",Z56,IF(obj_mode="Shuttle cycle",O56,T56)) -> 2253086.1 | AG56: =IF(AE56=1,AF56*(1+A56*0.0000000001),1E+099) -> 1e+99 | AH56: =IF(AE56=1,"",IF(K56>H_max,"height",IF(AND(lane_policy<>"Free (optimize N_C)",B56<>sku_pal),"lane policy","footprint"))) -> footprint
A57: 50 | B57: =$D$3 -> 4 | C57: 10 | D57: =INDEX(Tc_pl,C57) -> 0.6 | E57: =INDEX(Tc_S,C57) -> 45.457143 | F57: =lam_total*D57*E57/3600 -> 0.75761905 | G57: =IF(F57<=0.000000000001,0,MAX(ROUNDUP(F57/rho_max-0.000000001,0),IF(redund="Yes",ROUNDUP(F57/rho_fail-0.000000001,0)+1,0))) -> 2 | H57: =MAX(1,ROUNDUP((P_req/(B57*C57)+G57*lpl)/2-0.000000001,0)) -> 62 | I57: =H57*u_w -> 62 | J57: =2*B57*u_d+aisle_w -> 11.7 | K57: =C57*u_h -> 21.5 | L57: =IF(G57=0,I57,I57/(2*G57)) -> 15.5 | M57: =((IF((lane_off+(L57))<=(v_sh^2/a_sh),(4/3)*(lane_off+(L57))^1.5/SQRT(a_sh),(4/3)*(v_sh^2/a_sh)^1.5/SQRT(a_sh)+((lane_off+(L57))^2-(v_sh^2/a_sh)^2)/(2*v_sh)+(v_sh/a_sh)*((lane_off+(L57))-(v_sh^2/a_sh))))-(IF((lane_off)<=(v_sh^2/a_sh),(4/3)*(lane_off)^1.5/SQRT(a_sh),(4/3)*(v_sh^2/a_sh)^1.5/SQRT(a_sh)+((lane_off)^2-(v_sh^2/a_sh)^2)/(2*v_sh)+(v_sh/a_sh)*((lane_off)-(v_sh^2/a_sh)))))/(L57) -> 9.2397258 | N57: =IF(((B57-1)*u_d/2*(1+f_hc)+lane_off)<=0,0,IF(((B57-1)*u_d/2*(1+f_hc)+lane_off)>=v_sh^2/a_sh,((B57-1)*u_d/2*(1+f_hc)+lane_off)/v_sh+v_sh/a_sh,2*SQRT(((B57-1)*u_d/2*(1+f_hc)+lane_off)/a_sh))) -> 5.396295 | O57: =2*t_sh+2*t_turn+2*M57+2*N57 -> 87.272042 | P57: =SUMPRODUCT((Tc_idx<=C57)*(ROUNDUP(lam_total*INDEX(Tc_P,C57,0)*O57/(3600*rho_max)-0.000000001,0)+(ROUNDUP(lam_total*INDEX(Tc_P,C57,0)*O57/(3600*rho_max)-0.000000001,0)<min_sh)*(min_sh-ROUNDUP(lam_total*INDEX(Tc_P,C57,0)*O57/(3600*rho_max)-0.000000001,0)))) -> 12 | Q57: =ROUNDUP(P57-0.000000001,0)+spares -> 14 | R57: =B57*C57*(2*H57-G57*lpl) -> 4720 | S57: =R57*fill -> 4012 | T57: =I57*J57 -> 725.4 | U57: =T57*(K57+headroom) -> 16684.2 | V57: =G57*c_lift -> 300000 | W57: =Q57*c_shut -> 700000 | X57: =R57*c_pos -> 472000 | Y57: =T57*c_m2+U57*c_m3 -> 790686 | Z57: =SUM(V57:Y57) -> 2262686 | AA57: =B57*u_d/(H57*u_w) -> 0.083870968 | AB57: =IF(G57=0,0,F57/G57) -> 0.37880952 | AC57: =IF(G57>1,F57/(G57-1),"n/a") -> 0.75761905 | AD57: =moves_day*m_pallet*9.81*INDEX(Tc_mh,C57)/3600000 -> 13.49856 | AE57: =IF(AND(K57<=H_max,H57<=300,OR(lane_policy="Free (optimize N_C)",B57=sku_pal),OR(env_use="No",AND(I57<=L_bldg,J57<=W_bldg),AND(I57<=W_bldg,J57<=L_bldg))),1,0) -> 0 | AF57: =IF(obj_mode="Total cost",Z57,IF(obj_mode="Shuttle cycle",O57,T57)) -> 2262686 | AG57: =IF(AE57=1,AF57*(1+A57*0.0000000001),1E+099) -> 1e+99 | AH57: =IF(AE57=1,"",IF(K57>H_max,"height",IF(AND(lane_policy<>"Free (optimize N_C)",B57<>sku_pal),"lane policy","footprint"))) -> height
A58: 51 | B58: =$D$3 -> 4 | C58: 11 | D58: =INDEX(Tc_pl,C58) -> 0.6 | E58: =INDEX(Tc_S,C58) -> 45.63631 | F58: =lam_total*D58*E58/3600 -> 0.76060516 | G58: =IF(F58<=0.000000000001,0,MAX(ROUNDUP(F58/rho_max-0.000000001,0),IF(redund="Yes",ROUNDUP(F58/rho_fail-0.000000001,0)+1,0))) -> 2 | H58: =MAX(1,ROUNDUP((P_req/(B58*C58)+G58*lpl)/2-0.000000001,0)) -> 57 | I58: =H58*u_w -> 57 | J58: =2*B58*u_d+aisle_w -> 11.7 | K58: =C58*u_h -> 23.65 | L58: =IF(G58=0,I58,I58/(2*G58)) -> 14.25 | M58: =((IF((lane_off+(L58))<=(v_sh^2/a_sh),(4/3)*(lane_off+(L58))^1.5/SQRT(a_sh),(4/3)*(v_sh^2/a_sh)^1.5/SQRT(a_sh)+((lane_off+(L58))^2-(v_sh^2/a_sh)^2)/(2*v_sh)+(v_sh/a_sh)*((lane_off+(L58))-(v_sh^2/a_sh))))-(IF((lane_off)<=(v_sh^2/a_sh),(4/3)*(lane_off)^1.5/SQRT(a_sh),(4/3)*(v_sh^2/a_sh)^1.5/SQRT(a_sh)+((lane_off)^2-(v_sh^2/a_sh)^2)/(2*v_sh)+(v_sh/a_sh)*((lane_off)-(v_sh^2/a_sh)))))/(L58) -> 8.7911429 | N58: =IF(((B58-1)*u_d/2*(1+f_hc)+lane_off)<=0,0,IF(((B58-1)*u_d/2*(1+f_hc)+lane_off)>=v_sh^2/a_sh,((B58-1)*u_d/2*(1+f_hc)+lane_off)/v_sh+v_sh/a_sh,2*SQRT(((B58-1)*u_d/2*(1+f_hc)+lane_off)/a_sh))) -> 5.396295 | O58: =2*t_sh+2*t_turn+2*M58+2*N58 -> 86.374876 | P58: =SUMPRODUCT((Tc_idx<=C58)*(ROUNDUP(lam_total*INDEX(Tc_P,C58,0)*O58/(3600*rho_max)-0.000000001,0)+(ROUNDUP(lam_total*INDEX(Tc_P,C58,0)*O58/(3600*rho_max)-0.000000001,0)<min_sh)*(min_sh-ROUNDUP(lam_total*INDEX(Tc_P,C58,0)*O58/(3600*rho_max)-0.000000001,0)))) -> 13 | Q58: =ROUNDUP(P58-0.000000001,0)+spares -> 15 | R58: =B58*C58*(2*H58-G58*lpl) -> 4752 | S58: =R58*fill -> 4039.2 | T58: =I58*J58 -> 666.9 | U58: =T58*(K58+headroom) -> 16772.535 | V58: =G58*c_lift -> 300000 | W58: =Q58*c_shut -> 750000 | X58: =R58*c_pos -> 475200 | Y58: =T58*c_m2+U58*c_m3 -> 769936.05 | Z58: =SUM(V58:Y58) -> 2295136 | AA58: =B58*u_d/(H58*u_w) -> 0.09122807 | AB58: =IF(G58=0,0,F58/G58) -> 0.38030258 | AC58: =IF(G58>1,F58/(G58-1),"n/a") -> 0.76060516 | AD58: =moves_day*m_pallet*9.81*INDEX(Tc_mh,C58)/3600000 -> 13.77978 | AE58: =IF(AND(K58<=H_max,H58<=300,OR(lane_policy="Free (optimize N_C)",B58=sku_pal),OR(env_use="No",AND(I58<=L_bldg,J58<=W_bldg),AND(I58<=W_bldg,J58<=L_bldg))),1,0) -> 0 | AF58: =IF(obj_mode="Total cost",Z58,IF(obj_mode="Shuttle cycle",O58,T58)) -> 2295136 | AG58: =IF(AE58=1,AF58*(1+A58*0.0000000001),1E+099) -> 1e+99 | AH58: =IF(AE58=1,"",IF(K58>H_max,"height",IF(AND(lane_policy<>"Free (optimize N_C)",B58<>sku_pal),"lane policy","footprint"))) -> height
A59: 52 | B59: =$D$3 -> 4 | C59: 12 | D59: =INDEX(Tc_pl,C59) -> 0.6 | E59: =INDEX(Tc_S,C59) -> 45.815476 | F59: =lam_total*D59*E59/3600 -> 0.76359127 | G59: =IF(F59<=0.000000000001,0,MAX(ROUNDUP(F59/rho_max-0.000000001,0),IF(redund="Yes",ROUNDUP(F59/rho_fail-0.000000001,0)+1,0))) -> 2 | H59: =MAX(1,ROUNDUP((P_req/(B59*C59)+G59*lpl)/2-0.000000001,0)) -> 53 | I59: =H59*u_w -> 53 | J59: =2*B59*u_d+aisle_w -> 11.7 | K59: =C59*u_h -> 25.8 | L59: =IF(G59=0,I59,I59/(2*G59)) -> 13.25 | M59: =((IF((lane_off+(L59))<=(v_sh^2/a_sh),(4/3)*(lane_off+(L59))^1.5/SQRT(a_sh),(4/3)*(v_sh^2/a_sh)^1.5/SQRT(a_sh)+((lane_off+(L59))^2-(v_sh^2/a_sh)^2)/(2*v_sh)+(v_sh/a_sh)*((lane_off+(L59))-(v_sh^2/a_sh))))-(IF((lane_off)<=(v_sh^2/a_sh),(4/3)*(lane_off)^1.5/SQRT(a_sh),(4/3)*(v_sh^2/a_sh)^1.5/SQRT(a_sh)+((lane_off)^2-(v_sh^2/a_sh)^2)/(2*v_sh)+(v_sh/a_sh)*((lane_off)-(v_sh^2/a_sh)))))/(L59) -> 8.4319839 | N59: =IF(((B59-1)*u_d/2*(1+f_hc)+lane_off)<=0,0,IF(((B59-1)*u_d/2*(1+f_hc)+lane_off)>=v_sh^2/a_sh,((B59-1)*u_d/2*(1+f_hc)+lane_off)/v_sh+v_sh/a_sh,2*SQRT(((B59-1)*u_d/2*(1+f_hc)+lane_off)/a_sh))) -> 5.396295 | O59: =2*t_sh+2*t_turn+2*M59+2*N59 -> 85.656558 | P59: =SUMPRODUCT((Tc_idx<=C59)*(ROUNDUP(lam_total*INDEX(Tc_P,C59,0)*O59/(3600*rho_max)-0.000000001,0)+(ROUNDUP(lam_total*INDEX(Tc_P,C59,0)*O59/(3600*rho_max)-0.000000001,0)<min_sh)*(min_sh-ROUNDUP(lam_total*INDEX(Tc_P,C59,0)*O59/(3600*rho_max)-0.000000001,0)))) -> 14 | Q59: =ROUNDUP(P59-0.000000001,0)+spares -> 16 | R59: =B59*C59*(2*H59-G59*lpl) -> 4800 | S59: =R59*fill -> 4080 | T59: =I59*J59 -> 620.1 | U59: =T59*(K59+headroom) -> 16928.73 | V59: =G59*c_lift -> 300000 | W59: =Q59*c_shut -> 800000 | X59: =R59*c_pos -> 480000 | Y59: =T59*c_m2+U59*c_m3 -> 755901.9 | Z59: =SUM(V59:Y59) -> 2335901.9 | AA59: =B59*u_d/(H59*u_w) -> 0.098113208 | AB59: =IF(G59=0,0,F59/G59) -> 0.38179563 | AC59: =IF(G59>1,F59/(G59-1),"n/a") -> 0.76359127 | AD59: =moves_day*m_pallet*9.81*INDEX(Tc_mh,C59)/3600000 -> 14.061 | AE59: =IF(AND(K59<=H_max,H59<=300,OR(lane_policy="Free (optimize N_C)",B59=sku_pal),OR(env_use="No",AND(I59<=L_bldg,J59<=W_bldg),AND(I59<=W_bldg,J59<=L_bldg))),1,0) -> 0 | AF59: =IF(obj_mode="Total cost",Z59,IF(obj_mode="Shuttle cycle",O59,T59)) -> 2335901.9 | AG59: =IF(AE59=1,AF59*(1+A59*0.0000000001),1E+099) -> 1e+99 | AH59: =IF(AE59=1,"",IF(K59>H_max,"height",IF(AND(lane_policy<>"Free (optimize N_C)",B59<>sku_pal),"lane policy","footprint"))) -> height
... A67: 60 | B67: =$D$3 -> 4 | C67: 20 | D67: =INDEX(Tc_pl,C67) -> 0.6 | E67: =INDEX(Tc_S,C67) -> 47.24881 | F67: =lam_total*D67*E67/3600 -> 0.78748016 | G67: =IF(F67<=0.000000000001,0,MAX(ROUNDUP(F67/rho_max-0.000000001,0),IF(redund="Yes",ROUNDUP(F67/rho_fail-0.000000001,0)+1,0))) -> 2 | H67: =MAX(1,ROUNDUP((P_req/(B67*C67)+G67*lpl)/2-0.000000001,0)) -> 33 | I67: =H67*u_w -> 33 | J67: =2*B67*u_d+aisle_w -> 11.7 | K67: =C67*u_h -> 43 | L67: =IF(G67=0,I67,I67/(2*G67)) -> 8.25 | M67: =((IF((lane_off+(L67))<=(v_sh^2/a_sh),(4/3)*(lane_off+(L67))^1.5/SQRT(a_sh),(4/3)*(v_sh^2/a_sh)^1.5/SQRT(a_sh)+((lane_off+(L67))^2-(v_sh^2/a_sh)^2)/(2*v_sh)+(v_sh/a_sh)*((lane_off+(L67))-(v_sh^2/a_sh))))-(IF((lane_off)<=(v_sh^2/a_sh),(4/3)*(lane_off)^1.5/SQRT(a_sh),(4/3)*(v_sh^2/a_sh)^1.5/SQRT(a_sh)+((lane_off)^2-(v_sh^2/a_sh)^2)/(2*v_sh)+(v_sh/a_sh)*((lane_off)-(v_sh^2/a_sh)))))/(L67) -> 6.6288572 | N67: =IF(((B67-1)*u_d/2*(1+f_hc)+lane_off)<=0,0,IF(((B67-1)*u_d/2*(1+f_hc)+lane_off)>=v_sh^2/a_sh,((B67-1)*u_d/2*(1+f_hc)+lane_off)/v_sh+v_sh/a_sh,2*SQRT(((B67-1)*u_d/2*(1+f_hc)+lane_off)/a_sh))) -> 5.396295 | O67: =2*t_sh+2*t_turn+2*M67+2*N67 -> 82.050304 | P67: =SUMPRODUCT((Tc_idx<=C67)*(ROUNDUP(lam_total*INDEX(Tc_P,C67,0)*O67/(3600*rho_max)-0.000000001,0)+(ROUNDUP(lam_total*INDEX(Tc_P,C67,0)*O67/(3600*rho_max)-0.000000001,0)<min_sh)*(min_sh-ROUNDUP(lam_total*INDEX(Tc_P,C67,0)*O67/(3600*rho_max)-0.000000001,0)))) -> 22 | Q67: =ROUNDUP(P67-0.000000001,0)+spares -> 24 | R67: =B67*C67*(2*H67-G67*lpl) -> 4800 | S67: =R67*fill -> 4080 | T67: =I67*J67 -> 386.1 | U67: =T67*(K67+headroom) -> 17181.45 | V67: =G67*c_lift -> 300000 | W67: =Q67*c_shut -> 1200000 | X67: =R67*c_pos -> 480000 | Y67: =T67*c_m2+U67*c_m3 -> 669883.5 | Z67: =SUM(V67:Y67) -> 2649883.5 | AA67: =B67*u_d/(H67*u_w) -> 0.15757576 | AB67: =IF(G67=0,0,F67/G67) -> 0.39374008 | AC67: =IF(G67>1,F67/(G67-1),"n/a") -> 0.78748016 | AD67: =moves_day*m_pallet*9.81*INDEX(Tc_mh,C67)/3600000 -> 16.31076 | AE67: =IF(AND(K67<=H_max,H67<=300,OR(lane_policy="Free (optimize N_C)",B67=sku_pal),OR(env_use="No",AND(I67<=L_bldg,J67<=W_bldg),AND(I67<=W_bldg,J67<=L_bldg))),1,0) -> 0 | AF67: =IF(obj_mode="Total cost",Z67,IF(obj_mode="Shuttle cycle",O67,T67)) -> 2649883.5 | AG67: =IF(AE67=1,AF67*(1+A67*0.0000000001),1E+099) -> 1e+99 | AH67: =IF(AE67=1,"",IF(K67>H_max,"height",IF(AND(lane_policy<>"Free (optimize N_C)",B67<>sku_pal),"lane policy","footprint"))) -> height
A68: 61 | B68: =$E$3 -> 5 | C68: 1 | D68: =INDEX(Tc_pl,C68) -> 0 | E68: =INDEX(Tc_S,C68) -> 0 | F68: =lam_total*D68*E68/3600 -> 0 | G68: =IF(F68<=0.000000000001,0,MAX(ROUNDUP(F68/rho_max-0.000000001,0),IF(redund="Yes",ROUNDUP(F68/rho_fail-0.000000001,0)+1,0))) -> 0 | H68: =MAX(1,ROUNDUP((P_req/(B68*C68)+G68*lpl)/2-0.000000001,0)) -> 471 | I68: =H68*u_w -> 471 | J68: =2*B68*u_d+aisle_w -> 14.3 | K68: =C68*u_h -> 2.15 | L68: =IF(G68=0,I68,I68/(2*G68)) -> 471 | M68: =((IF((lane_off+(L68))<=(v_sh^2/a_sh),(4/3)*(lane_off+(L68))^1.5/SQRT(a_sh),(4/3)*(v_sh^2/a_sh)^1.5/SQRT(a_sh)+((lane_off+(L68))^2-(v_sh^2/a_sh)^2)/(2*v_sh)+(v_sh/a_sh)*((lane_off+(L68))-(v_sh^2/a_sh))))-(IF((lane_off)<=(v_sh^2/a_sh),(4/3)*(lane_off)^1.5/SQRT(a_sh),(4/3)*(v_sh^2/a_sh)^1.5/SQRT(a_sh)+((lane_off)^2-(v_sh^2/a_sh)^2)/(2*v_sh)+(v_sh/a_sh)*((lane_off)-(v_sh^2/a_sh)))))/(L68) -> 171.94205 | N68: =IF(((B68-1)*u_d/2*(1+f_hc)+lane_off)<=0,0,IF(((B68-1)*u_d/2*(1+f_hc)+lane_off)>=v_sh^2/a_sh,((B68-1)*u_d/2*(1+f_hc)+lane_off)/v_sh+v_sh/a_sh,2*SQRT(((B68-1)*u_d/2*(1+f_hc)+lane_off)/a_sh))) -> 5.9571429 | O68: =2*t_sh+2*t_turn+2*M68+2*N68 -> 413.79838 | P68: =SUMPRODUCT((Tc_idx<=C68)*(ROUNDUP(lam_total*INDEX(Tc_P,C68,0)*O68/(3600*rho_max)-0.000000001,0)+(ROUNDUP(lam_total*INDEX(Tc_P,C68,0)*O68/(3600*rho_max)-0.000000001,0)<min_sh)*(min_sh-ROUNDUP(lam_total*INDEX(Tc_P,C68,0)*O68/(3600*rho_max)-0.000000001,0)))) -> 16 | Q68: =ROUNDUP(P68-0.000000001,0)+spares -> 18 | R68: =B68*C68*(2*H68-G68*lpl) -> 4710 | S68: =R68*fill -> 4003.5 | T68: =I68*J68 -> 6735.3 | U68: =T68*(K68+headroom) -> 24583.845 | V68: =G68*c_lift -> 0 | W68: =Q68*c_shut -> 900000 | X68: =R68*c_pos -> 471000 | Y68: =T68*c_m2+U68*c_m3 -> 3431635.4 | Z68: =SUM(V68:Y68) -> 4802635.3 | AA68: =B68*u_d/(H68*u_w) -> 0.013800425 | AB68: =IF(G68=0,0,F68/G68) -> 0 | AC68: =IF(G68>1,F68/(G68-1),"n/a") -> n/a | AD68: =moves_day*m_pallet*9.81*INDEX(Tc_mh,C68)/3600000 -> 0 | AE68: =IF(AND(K68<=H_max,H68<=300,OR(lane_policy="Free (optimize N_C)",B68=sku_pal),OR(env_use="No",AND(I68<=L_bldg,J68<=W_bldg),AND(I68<=W_bldg,J68<=L_bldg))),1,0) -> 0 | AF68: =IF(obj_mode="Total cost",Z68,IF(obj_mode="Shuttle cycle",O68,T68)) -> 4802635.3 | AG68: =IF(AE68=1,AF68*(1+A68*0.0000000001),1E+099) -> 1e+99 | AH68: =IF(AE68=1,"",IF(K68>H_max,"height",IF(AND(lane_policy<>"Free (optimize N_C)",B68<>sku_pal),"lane policy","footprint"))) -> footprint
A69: 62 | B69: =$E$3 -> 5 | C69: 2 | D69: =INDEX(Tc_pl,C69) -> 0.5 | E69: =INDEX(Tc_S,C69) -> 41.157143 | F69: =lam_total*D69*E69/3600 -> 0.57162698 | G69: =IF(F69<=0.000000000001,0,MAX(ROUNDUP(F69/rho_max-0.000000001,0),IF(redund="Yes",ROUNDUP(F69/rho_fail-0.000000001,0)+1,0))) -> 2 | H69: =MAX(1,ROUNDUP((P_req/(B69*C69)+G69*lpl)/2-0.000000001,0)) -> 239 | I69: =H69*u_w -> 239 | J69: =2*B69*u_d+aisle_w -> 14.3 | K69: =C69*u_h -> 4.3 | L69: =IF(G69=0,I69,I69/(2*G69)) -> 59.75 | M69: =((IF((lane_off+(L69))<=(v_sh^2/a_sh),(4/3)*(lane_off+(L69))^1.5/SQRT(a_sh),(4/3)*(v_sh^2/a_sh)^1.5/SQRT(a_sh)+((lane_off+(L69))^2-(v_sh^2/a_sh)^2)/(2*v_sh)+(v_sh/a_sh)*((lane_off+(L69))-(v_sh^2/a_sh))))-(IF((lane_off)<=(v_sh^2/a_sh),(4/3)*(lane_off)^1.5/SQRT(a_sh),(4/3)*(v_sh^2/a_sh)^1.5/SQRT(a_sh)+((lane_off)^2-(v_sh^2/a_sh)^2)/(2*v_sh)+(v_sh/a_sh)*((lane_off)-(v_sh^2/a_sh)))))/(L69) -> 25.061486 | N69: =IF(((B69-1)*u_d/2*(1+f_hc)+lane_off)<=0,0,IF(((B69-1)*u_d/2*(1+f_hc)+lane_off)>=v_sh^2/a_sh,((B69-1)*u_d/2*(1+f_hc)+lane_off)/v_sh+v_sh/a_sh,2*SQRT(((B69-1)*u_d/2*(1+f_hc)+lane_off)/a_sh))) -> 5.9571429 | O69: =2*t_sh+2*t_turn+2*M69+2*N69 -> 120.03726 | P69: =SUMPRODUCT((Tc_idx<=C69)*(ROUNDUP(lam_total*INDEX(Tc_P,C69,0)*O69/(3600*rho_max)-0.000000001,0)+(ROUNDUP(lam_total*INDEX(Tc_P,C69,0)*O69/(3600*rho_max)-0.000000001,0)<min_sh)*(min_sh-ROUNDUP(lam_total*INDEX(Tc_P,C69,0)*O69/(3600*rho_max)-0.000000001,0)))) -> 6 | Q69: =ROUNDUP(P69-0.000000001,0)+spares -> 8 | R69: =B69*C69*(2*H69-G69*lpl) -> 4720 | S69: =R69*fill -> 4012 | T69: =I69*J69 -> 3417.7 | U69: =T69*(K69+headroom) -> 19822.66 | V69: =G69*c_lift -> 300000 | W69: =Q69*c_shut -> 400000 | X69: =R69*c_pos -> 472000 | Y69: =T69*c_m2+U69*c_m3 -> 1961759.8 | Z69: =SUM(V69:Y69) -> 3133759.8 | AA69: =B69*u_d/(H69*u_w) -> 0.027196653 | AB69: =IF(G69=0,0,F69/G69) -> 0.28581349 | AC69: =IF(G69>1,F69/(G69-1),"n/a") -> 0.57162698 | AD69: =moves_day*m_pallet*9.81*INDEX(Tc_mh,C69)/3600000 -> 5.6244 | AE69: =IF(AND(K69<=H_max,H69<=300,OR(lane_policy="Free (optimize N_C)",B69=sku_pal),OR(env_use="No",AND(I69<=L_bldg,J69<=W_bldg),AND(I69<=W_bldg,J69<=L_bldg))),1,0) -> 0 | AF69: =IF(obj_mode="Total cost",Z69,IF(obj_mode="Shuttle cycle",O69,T69)) -> 3133759.8 | AG69: =IF(AE69=1,AF69*(1+A69*0.0000000001),1E+099) -> 1e+99 | AH69: =IF(AE69=1,"",IF(K69>H_max,"height",IF(AND(lane_policy<>"Free (optimize N_C)",B69<>sku_pal),"lane policy","footprint"))) -> footprint
A70: 63 | B70: =$E$3 -> 5 | C70: 3 | D70: =INDEX(Tc_pl,C70) -> 0.52941176 | E70: =INDEX(Tc_S,C70) -> 41.634921 | F70: =lam_total*D70*E70/3600 -> 0.61227824 | G70: =IF(F70<=0.000000000001,0,MAX(ROUNDUP(F70/rho_max-0.000000001,0),IF(redund="Yes",ROUNDUP(F70/rho_fail-0.000000001,0)+1,0))) -> 2 | H70: =MAX(1,ROUNDUP((P_req/(B70*C70)+G70*lpl)/2-0.000000001,0)) -> 160 | I70: =H70*u_w -> 160 | J70: =2*B70*u_d+aisle_w -> 14.3 | K70: =C70*u_h -> 6.45 | L70: =IF(G70=0,I70,I70/(2*G70)) -> 40 | M70: =((IF((lane_off+(L70))<=(v_sh^2/a_sh),(4/3)*(lane_off+(L70))^1.5/SQRT(a_sh),(4/3)*(v_sh^2/a_sh)^1.5/SQRT(a_sh)+((lane_off+(L70))^2-(v_sh^2/a_sh)^2)/(2*v_sh)+(v_sh/a_sh)*((lane_off+(L70))-(v_sh^2/a_sh))))-(IF((lane_off)<=(v_sh^2/a_sh),(4/3)*(lane_off)^1.5/SQRT(a_sh),(4/3)*(v_sh^2/a_sh)^1.5/SQRT(a_sh)+((lane_off)^2-(v_sh^2/a_sh)^2)/(2*v_sh)+(v_sh/a_sh)*((lane_off)-(v_sh^2/a_sh)))))/(L70) -> 18.004769 | N70: =IF(((B70-1)*u_d/2*(1+f_hc)+lane_off)<=0,0,IF(((B70-1)*u_d/2*(1+f_hc)+lane_off)>=v_sh^2/a_sh,((B70-1)*u_d/2*(1+f_hc)+lane_off)/v_sh+v_sh/a_sh,2*SQRT(((B70-1)*u_d/2*(1+f_hc)+lane_off)/a_sh))) -> 5.9571429 | O70: =2*t_sh+2*t_turn+2*M70+2*N70 -> 105.92382 | P70: =SUMPRODUCT((Tc_idx<=C70)*(ROUNDUP(lam_total*INDEX(Tc_P,C70,0)*O70/(3600*rho_max)-0.000000001,0)+(ROUNDUP(lam_total*INDEX(Tc_P,C70,0)*O70/(3600*rho_max)-0.000000001,0)<min_sh)*(min_sh-ROUNDUP(lam_total*INDEX(Tc_P,C70,0)*O70/(3600*rho_max)-0.000000001,0)))) -> 5 | Q70: =ROUNDUP(P70-0.000000001,0)+spares -> 7 | R70: =B70*C70*(2*H70-G70*lpl) -> 4710 | S70: =R70*fill -> 4003.5 | T70: =I70*J70 -> 2288 | U70: =T70*(K70+headroom) -> 18189.6 | V70: =G70*c_lift -> 300000 | W70: =Q70*c_shut -> 350000 | X70: =R70*c_pos -> 471000 | Y70: =T70*c_m2+U70*c_m3 -> 1460888 | Z70: =SUM(V70:Y70) -> 2581888 | AA70: =B70*u_d/(H70*u_w) -> 0.040625 | AB70: =IF(G70=0,0,F70/G70) -> 0.30613912 | AC70: =IF(G70>1,F70/(G70-1),"n/a") -> 0.61227824 | AD70: =moves_day*m_pallet*9.81*INDEX(Tc_mh,C70)/3600000 -> 6.6169412 | AE70: =IF(AND(K70<=H_max,H70<=300,OR(lane_policy="Free (optimize N_C)",B70=sku_pal),OR(env_use="No",AND(I70<=L_bldg,J70<=W_bldg),AND(I70<=W_bldg,J70<=L_bldg))),1,0) -> 0 | AF70: =IF(obj_mode="Total cost",Z70,IF(obj_mode="Shuttle cycle",O70,T70)) -> 2581888 | AG70: =IF(AE70=1,AF70*(1+A70*0.0000000001),1E+099) -> 1e+99 | AH70: =IF(AE70=1,"",IF(K70>H_max,"height",IF(AND(lane_policy<>"Free (optimize N_C)",B70<>sku_pal),"lane policy","footprint"))) -> footprint
A71: 64 | B71: =$E$3 -> 5 | C71: 4 | D71: =INDEX(Tc_pl,C71) -> 0.55555556 | E71: =INDEX(Tc_S,C71) -> 42.447143 | F71: =lam_total*D71*E71/3600 -> 0.6550485 | G71: =IF(F71<=0.000000000001,0,MAX(ROUNDUP(F71/rho_max-0.000000001,0),IF(redund="Yes",ROUNDUP(F71/rho_fail-0.000000001,0)+1,0))) -> 2 | H71: =MAX(1,ROUNDUP((P_req/(B71*C71)+G71*lpl)/2-0.000000001,0)) -> 121 | I71: =H71*u_w -> 121 | J71: =2*B71*u_d+aisle_w -> 14.3 | K71: =C71*u_h -> 8.6 | L71: =IF(G71=0,I71,I71/(2*G71)) -> 30.25 | M71: =((IF((lane_off+(L71))<=(v_sh^2/a_sh),(4/3)*(lane_off+(L71))^1.5/SQRT(a_sh),(4/3)*(v_sh^2/a_sh)^1.5/SQRT(a_sh)+((lane_off+(L71))^2-(v_sh^2/a_sh)^2)/(2*v_sh)+(v_sh/a_sh)*((lane_off+(L71))-(v_sh^2/a_sh))))-(IF((lane_off)<=(v_sh^2/a_sh),(4/3)*(lane_off)^1.5/SQRT(a_sh),(4/3)*(v_sh^2/a_sh)^1.5/SQRT(a_sh)+((lane_off)^2-(v_sh^2/a_sh)^2)/(2*v_sh)+(v_sh/a_sh)*((lane_off)-(v_sh^2/a_sh)))))/(L71) -> 14.519558 | N71: =IF(((B71-1)*u_d/2*(1+f_hc)+lane_off)<=0,0,IF(((B71-1)*u_d/2*(1+f_hc)+lane_off)>=v_sh^2/a_sh,((B71-1)*u_d/2*(1+f_hc)+lane_off)/v_sh+v_sh/a_sh,2*SQRT(((B71-1)*u_d/2*(1+f_hc)+lane_off)/a_sh))) -> 5.9571429 | O71: =2*t_sh+2*t_turn+2*M71+2*N71 -> 98.953403 | P71: =SUMPRODUCT((Tc_idx<=C71)*(ROUNDUP(lam_total*INDEX(Tc_P,C71,0)*O71/(3600*rho_max)-0.000000001,0)+(ROUNDUP(lam_total*INDEX(Tc_P,C71,0)*O71/(3600*rho_max)-0.000000001,0)<min_sh)*(min_sh-ROUNDUP(lam_total*INDEX(Tc_P,C71,0)*O71/(3600*rho_max)-0.000000001,0)))) -> 6 | Q71: =ROUNDUP(P71-0.000000001,0)+spares -> 8 | R71: =B71*C71*(2*H71-G71*lpl) -> 4720 | S71: =R71*fill -> 4012 | T71: =I71*J71 -> 1730.3 | U71: =T71*(K71+headroom) -> 17476.03 | V71: =G71*c_lift -> 300000 | W71: =Q71*c_shut -> 400000 | X71: =R71*c_pos -> 472000 | Y71: =T71*c_m2+U71*c_m3 -> 1216400.9 | Z71: =SUM(V71:Y71) -> 2388400.9 | AA71: =B71*u_d/(H71*u_w) -> 0.053719008 | AB71: =IF(G71=0,0,F71/G71) -> 0.32752425 | AC71: =IF(G71>1,F71/(G71-1),"n/a") -> 0.6550485 | AD71: =moves_day*m_pallet*9.81*INDEX(Tc_mh,C71)/3600000 -> 8.1241333 | AE71: =IF(AND(K71<=H_max,H71<=300,OR(lane_policy="Free (optimize N_C)",B71=sku_pal),OR(env_use="No",AND(I71<=L_bldg,J71<=W_bldg),AND(I71<=W_bldg,J71<=L_bldg))),1,0) -> 0 | AF71: =IF(obj_mode="Total cost",Z71,IF(obj_mode="Shuttle cycle",O71,T71)) -> 2388400.9 | AG71: =IF(AE71=1,AF71*(1+A71*0.0000000001),1E+099) -> 1e+99 | AH71: =IF(AE71=1,"",IF(K71>H_max,"height",IF(AND(lane_policy<>"Free (optimize N_C)",B71<>sku_pal),"lane policy","footprint"))) -> footprint
A72: 65 | B72: =$E$3 -> 5 | C72: 5 | D72: =INDEX(Tc_pl,C72) -> 0.57894737 | E72: =INDEX(Tc_S,C72) -> 43.502597 | F72: =lam_total*D72*E72/3600 -> 0.69960317 | G72: =IF(F72<=0.000000000001,0,MAX(ROUNDUP(F72/rho_max-0.000000001,0),IF(redund="Yes",ROUNDUP(F72/rho_fail-0.000000001,0)+1,0))) -> 2 | H72: =MAX(1,ROUNDUP((P_req/(B72*C72)+G72*lpl)/2-0.000000001,0)) -> 98 | I72: =H72*u_w -> 98 | J72: =2*B72*u_d+aisle_w -> 14.3 | K72: =C72*u_h -> 10.75 | L72: =IF(G72=0,I72,I72/(2*G72)) -> 24.5 | M72: =((IF((lane_off+(L72))<=(v_sh^2/a_sh),(4/3)*(lane_off+(L72))^1.5/SQRT(a_sh),(4/3)*(v_sh^2/a_sh)^1.5/SQRT(a_sh)+((lane_off+(L72))^2-(v_sh^2/a_sh)^2)/(2*v_sh)+(v_sh/a_sh)*((lane_off+(L72))-(v_sh^2/a_sh))))-(IF((lane_off)<=(v_sh^2/a_sh),(4/3)*(lane_off)^1.5/SQRT(a_sh),(4/3)*(v_sh^2/a_sh)^1.5/SQRT(a_sh)+((lane_off)^2-(v_sh^2/a_sh)^2)/(2*v_sh)+(v_sh/a_sh)*((lane_off)-(v_sh^2/a_sh)))))/(L72) -> 12.463034 | N72: =IF(((B72-1)*u_d/2*(1+f_hc)+lane_off)<=0,0,IF(((B72-1)*u_d/2*(1+f_hc)+lane_off)>=v_sh^2/a_sh,((B72-1)*u_d/2*(1+f_hc)+lane_off)/v_sh+v_sh/a_sh,2*SQRT(((B72-1)*u_d/2*(1+f_hc)+lane_off)/a_sh))) -> 5.9571429 | O72: =2*t_sh+2*t_turn+2*M72+2*N72 -> 94.840353 | P72: =SUMPRODUCT((Tc_idx<=C72)*(ROUNDUP(lam_total*INDEX(Tc_P,C72,0)*O72/(3600*rho_max)-0.000000001,0)+(ROUNDUP(lam_total*INDEX(Tc_P,C72,0)*O72/(3600*rho_max)-0.000000001,0)<min_sh)*(min_sh-ROUNDUP(lam_total*INDEX(Tc_P,C72,0)*O72/(3600*rho_max)-0.000000001,0)))) -> 7 | Q72: =ROUNDUP(P72-0.000000001,0)+spares -> 9 | R72: =B72*C72*(2*H72-G72*lpl) -> 4750 | S72: =R72*fill -> 4037.5 | T72: =I72*J72 -> 1401.4 | U72: =T72*(K72+headroom) -> 17167.15 | V72: =G72*c_lift -> 300000 | W72: =Q72*c_shut -> 450000 | X72: =R72*c_pos -> 475000 | Y72: =T72*c_m2+U72*c_m3 -> 1075574.5 | Z72: =SUM(V72:Y72) -> 2300574.5 | AA72: =B72*u_d/(H72*u_w) -> 0.066326531 | AB72: =IF(G72=0,0,F72/G72) -> 0.34980159 | AC72: =IF(G72>1,F72/(G72-1),"n/a") -> 0.69960317 | AD72: =moves_day*m_pallet*9.81*INDEX(Tc_mh,C72)/3600000 -> 10.064716 | AE72: =IF(AND(K72<=H_max,H72<=300,OR(lane_policy="Free (optimize N_C)",B72=sku_pal),OR(env_use="No",AND(I72<=L_bldg,J72<=W_bldg),AND(I72<=W_bldg,J72<=L_bldg))),1,0) -> 0 | AF72: =IF(obj_mode="Total cost",Z72,IF(obj_mode="Shuttle cycle",O72,T72)) -> 2300574.5 | AG72: =IF(AE72=1,AF72*(1+A72*0.0000000001),1E+099) -> 1e+99 | AH72: =IF(AE72=1,"",IF(K72>H_max,"height",IF(AND(lane_policy<>"Free (optimize N_C)",B72<>sku_pal),"lane policy","footprint"))) -> footprint
A73: 66 | B73: =$E$3 -> 5 | C73: 6 | D73: =INDEX(Tc_pl,C73) -> 0.6 | E73: =INDEX(Tc_S,C73) -> 44.740476 | F73: =lam_total*D73*E73/3600 -> 0.7456746 | G73: =IF(F73<=0.000000000001,0,MAX(ROUNDUP(F73/rho_max-0.000000001,0),IF(redund="Yes",ROUNDUP(F73/rho_fail-0.000000001,0)+1,0))) -> 2 | H73: =MAX(1,ROUNDUP((P_req/(B73*C73)+G73*lpl)/2-0.000000001,0)) -> 82 | I73: =H73*u_w -> 82 | J73: =2*B73*u_d+aisle_w -> 14.3 | K73: =C73*u_h -> 12.9 | L73: =IF(G73=0,I73,I73/(2*G73)) -> 20.5 | M73: =((IF((lane_off+(L73))<=(v_sh^2/a_sh),(4/3)*(lane_off+(L73))^1.5/SQRT(a_sh),(4/3)*(v_sh^2/a_sh)^1.5/SQRT(a_sh)+((lane_off+(L73))^2-(v_sh^2/a_sh)^2)/(2*v_sh)+(v_sh/a_sh)*((lane_off+(L73))-(v_sh^2/a_sh))))-(IF((lane_off)<=(v_sh^2/a_sh),(4/3)*(lane_off)^1.5/SQRT(a_sh),(4/3)*(v_sh^2/a_sh)^1.5/SQRT(a_sh)+((lane_off)^2-(v_sh^2/a_sh)^2)/(2*v_sh)+(v_sh/a_sh)*((lane_off)-(v_sh^2/a_sh)))))/(L73) -> 11.03143 | N73: =IF(((B73-1)*u_d/2*(1+f_hc)+lane_off)<=0,0,IF(((B73-1)*u_d/2*(1+f_hc)+lane_off)>=v_sh^2/a_sh,((B73-1)*u_d/2*(1+f_hc)+lane_off)/v_sh+v_sh/a_sh,2*SQRT(((B73-1)*u_d/2*(1+f_hc)+lane_off)/a_sh))) -> 5.9571429 | O73: =2*t_sh+2*t_turn+2*M73+2*N73 -> 91.977146 | P73: =SUMPRODUCT((Tc_idx<=C73)*(ROUNDUP(lam_total*INDEX(Tc_P,C73,0)*O73/(3600*rho_max)-0.000000001,0)+(ROUNDUP(lam_total*INDEX(Tc_P,C73,0)*O73/(3600*rho_max)-0.000000001,0)<min_sh)*(min_sh-ROUNDUP(lam_total*INDEX(Tc_P,C73,0)*O73/(3600*rho_max)-0.000000001,0)))) -> 8 | Q73: =ROUNDUP(P73-0.000000001,0)+spares -> 10 | R73: =B73*C73*(2*H73-G73*lpl) -> 4740 | S73: =R73*fill -> 4029 | T73: =I73*J73 -> 1172.6 | U73: =T73*(K73+headroom) -> 16885.44 | V73: =G73*c_lift -> 300000 | W73: =Q73*c_shut -> 500000 | X73: =R73*c_pos -> 474000 | Y73: =T73*c_m2+U73*c_m3 -> 975603.2 | Z73: =SUM(V73:Y73) -> 2249603.2 | AA73: =B73*u_d/(H73*u_w) -> 0.079268293 | AB73: =IF(G73=0,0,F73/G73) -> 0.3728373 | AC73: =IF(G73>1,F73/(G73-1),"n/a") -> 0.7456746 | AD73: =moves_day*m_pallet*9.81*INDEX(Tc_mh,C73)/3600000 -> 12.37368 | AE73: =IF(AND(K73<=H_max,H73<=300,OR(lane_policy="Free (optimize N_C)",B73=sku_pal),OR(env_use="No",AND(I73<=L_bldg,J73<=W_bldg),AND(I73<=W_bldg,J73<=L_bldg))),1,0) -> 0 | AF73: =IF(obj_mode="Total cost",Z73,IF(obj_mode="Shuttle cycle",O73,T73)) -> 2249603.2 | AG73: =IF(AE73=1,AF73*(1+A73*0.0000000001),1E+099) -> 1e+99 | AH73: =IF(AE73=1,"",IF(K73>H_max,"height",IF(AND(lane_policy<>"Free (optimize N_C)",B73<>sku_pal),"lane policy","footprint"))) -> footprint
A74: 67 | B74: =$E$3 -> 5 | C74: 7 | D74: =INDEX(Tc_pl,C74) -> 0.6 | E74: =INDEX(Tc_S,C74) -> 44.919643 | F74: =lam_total*D74*E74/3600 -> 0.74866071 | G74: =IF(F74<=0.000000000001,0,MAX(ROUNDUP(F74/rho_max-0.000000001,0),IF(redund="Yes",ROUNDUP(F74/rho_fail-0.000000001,0)+1,0))) -> 2 | H74: =MAX(1,ROUNDUP((P_req/(B74*C74)+G74*lpl)/2-0.000000001,0)) -> 71 | I74: =H74*u_w -> 71 | J74: =2*B74*u_d+aisle_w -> 14.3 | K74: =C74*u_h -> 15.05 | L74: =IF(G74=0,I74,I74/(2*G74)) -> 17.75 | M74: =((IF((lane_off+(L74))<=(v_sh^2/a_sh),(4/3)*(lane_off+(L74))^1.5/SQRT(a_sh),(4/3)*(v_sh^2/a_sh)^1.5/SQRT(a_sh)+((lane_off+(L74))^2-(v_sh^2/a_sh)^2)/(2*v_sh)+(v_sh/a_sh)*((lane_off+(L74))-(v_sh^2/a_sh))))-(IF((lane_off)<=(v_sh^2/a_sh),(4/3)*(lane_off)^1.5/SQRT(a_sh),(4/3)*(v_sh^2/a_sh)^1.5/SQRT(a_sh)+((lane_off)^2-(v_sh^2/a_sh)^2)/(2*v_sh)+(v_sh/a_sh)*((lane_off)-(v_sh^2/a_sh)))))/(L74) -> 10.04641 | N74: =IF(((B74-1)*u_d/2*(1+f_hc)+lane_off)<=0,0,IF(((B74-1)*u_d/2*(1+f_hc)+lane_off)>=v_sh^2/a_sh,((B74-1)*u_d/2*(1+f_hc)+lane_off)/v_sh+v_sh/a_sh,2*SQRT(((B74-1)*u_d/2*(1+f_hc)+lane_off)/a_sh))) -> 5.9571429 | O74: =2*t_sh+2*t_turn+2*M74+2*N74 -> 90.007107 | P74: =SUMPRODUCT((Tc_idx<=C74)*(ROUNDUP(lam_total*INDEX(Tc_P,C74,0)*O74/(3600*rho_max)-0.000000001,0)+(ROUNDUP(lam_total*INDEX(Tc_P,C74,0)*O74/(3600*rho_max)-0.000000001,0)<min_sh)*(min_sh-ROUNDUP(lam_total*INDEX(Tc_P,C74,0)*O74/(3600*rho_max)-0.000000001,0)))) -> 9 | Q74: =ROUNDUP(P74-0.000000001,0)+spares -> 11 | R74: =B74*C74*(2*H74-G74*lpl) -> 4760 | S74: =R74*fill -> 4046 | T74: =I74*J74 -> 1015.3 | U74: =T74*(K74+headroom) -> 16803.215 | V74: =G74*c_lift -> 300000 | W74: =Q74*c_shut -> 550000 | X74: =R74*c_pos -> 476000 | Y74: =T74*c_m2+U74*c_m3 -> 910216.45 | Z74: =SUM(V74:Y74) -> 2236216.5 | AA74: =B74*u_d/(H74*u_w) -> 0.091549296 | AB74: =IF(G74=0,0,F74/G74) -> 0.37433036 | AC74: =IF(G74>1,F74/(G74-1),"n/a") -> 0.74866071 | AD74: =moves_day*m_pallet*9.81*INDEX(Tc_mh,C74)/3600000 -> 12.6549 | AE74: =IF(AND(K74<=H_max,H74<=300,OR(lane_policy="Free (optimize N_C)",B74=sku_pal),OR(env_use="No",AND(I74<=L_bldg,J74<=W_bldg),AND(I74<=W_bldg,J74<=L_bldg))),1,0) -> 0 | AF74: =IF(obj_mode="Total cost",Z74,IF(obj_mode="Shuttle cycle",O74,T74)) -> 2236216.5 | AG74: =IF(AE74=1,AF74*(1+A74*0.0000000001),1E+099) -> 1e+99 | AH74: =IF(AE74=1,"",IF(K74>H_max,"height",IF(AND(lane_policy<>"Free (optimize N_C)",B74<>sku_pal),"lane policy","footprint"))) -> footprint
A75: 68 | B75: =$E$3 -> 5 | C75: 8 | D75: =INDEX(Tc_pl,C75) -> 0.6 | E75: =INDEX(Tc_S,C75) -> 45.09881 | F75: =lam_total*D75*E75/3600 -> 0.75164683 | G75: =IF(F75<=0.000000000001,0,MAX(ROUNDUP(F75/rho_max-0.000000001,0),IF(redund="Yes",ROUNDUP(F75/rho_fail-0.000000001,0)+1,0))) -> 2 | H75: =MAX(1,ROUNDUP((P_req/(B75*C75)+G75*lpl)/2-0.000000001,0)) -> 62 | I75: =H75*u_w -> 62 | J75: =2*B75*u_d+aisle_w -> 14.3 | K75: =C75*u_h -> 17.2 | L75: =IF(G75=0,I75,I75/(2*G75)) -> 15.5 | M75: =((IF((lane_off+(L75))<=(v_sh^2/a_sh),(4/3)*(lane_off+(L75))^1.5/SQRT(a_sh),(4/3)*(v_sh^2/a_sh)^1.5/SQRT(a_sh)+((lane_off+(L75))^2-(v_sh^2/a_sh)^2)/(2*v_sh)+(v_sh/a_sh)*((lane_off+(L75))-(v_sh^2/a_sh))))-(IF((lane_off)<=(v_sh^2/a_sh),(4/3)*(lane_off)^1.5/SQRT(a_sh),(4/3)*(v_sh^2/a_sh)^1.5/SQRT(a_sh)+((lane_off)^2-(v_sh^2/a_sh)^2)/(2*v_sh)+(v_sh/a_sh)*((lane_off)-(v_sh^2/a_sh)))))/(L75) -> 9.2397258 | N75: =IF(((B75-1)*u_d/2*(1+f_hc)+lane_off)<=0,0,IF(((B75-1)*u_d/2*(1+f_hc)+lane_off)>=v_sh^2/a_sh,((B75-1)*u_d/2*(1+f_hc)+lane_off)/v_sh+v_sh/a_sh,2*SQRT(((B75-1)*u_d/2*(1+f_hc)+lane_off)/a_sh))) -> 5.9571429 | O75: =2*t_sh+2*t_turn+2*M75+2*N75 -> 88.393737 | P75: =SUMPRODUCT((Tc_idx<=C75)*(ROUNDUP(lam_total*INDEX(Tc_P,C75,0)*O75/(3600*rho_max)-0.000000001,0)+(ROUNDUP(lam_total*INDEX(Tc_P,C75,0)*O75/(3600*rho_max)-0.000000001,0)<min_sh)*(min_sh-ROUNDUP(lam_total*INDEX(Tc_P,C75,0)*O75/(3600*rho_max)-0.000000001,0)))) -> 10 | Q75: =ROUNDUP(P75-0.000000001,0)+spares -> 12 | R75: =B75*C75*(2*H75-G75*lpl) -> 4720 | S75: =R75*fill -> 4012 | T75: =I75*J75 -> 886.6 | U75: =T75*(K75+headroom) -> 16579.42 | V75: =G75*c_lift -> 300000 | W75: =Q75*c_shut -> 600000 | X75: =R75*c_pos -> 472000 | Y75: =T75*c_m2+U75*c_m3 -> 852022.6 | Z75: =SUM(V75:Y75) -> 2224022.6 | AA75: =B75*u_d/(H75*u_w) -> 0.10483871 | AB75: =IF(G75=0,0,F75/G75) -> 0.37582341 | AC75: =IF(G75>1,F75/(G75-1),"n/a") -> 0.75164683 | AD75: =moves_day*m_pallet*9.81*INDEX(Tc_mh,C75)/3600000 -> 12.93612 | AE75: =IF(AND(K75<=H_max,H75<=300,OR(lane_policy="Free (optimize N_C)",B75=sku_pal),OR(env_use="No",AND(I75<=L_bldg,J75<=W_bldg),AND(I75<=W_bldg,J75<=L_bldg))),1,0) -> 0 | AF75: =IF(obj_mode="Total cost",Z75,IF(obj_mode="Shuttle cycle",O75,T75)) -> 2224022.6 | AG75: =IF(AE75=1,AF75*(1+A75*0.0000000001),1E+099) -> 1e+99 | AH75: =IF(AE75=1,"",IF(K75>H_max,"height",IF(AND(lane_policy<>"Free (optimize N_C)",B75<>sku_pal),"lane policy","footprint"))) -> footprint
A76: 69 | B76: =$E$3 -> 5 | C76: 9 | D76: =INDEX(Tc_pl,C76) -> 0.6 | E76: =INDEX(Tc_S,C76) -> 45.277976 | F76: =lam_total*D76*E76/3600 -> 0.75463294 | G76: =IF(F76<=0.000000000001,0,MAX(ROUNDUP(F76/rho_max-0.000000001,0),IF(redund="Yes",ROUNDUP(F76/rho_fail-0.000000001,0)+1,0))) -> 2 | H76: =MAX(1,ROUNDUP((P_req/(B76*C76)+G76*lpl)/2-0.000000001,0)) -> 56 | I76: =H76*u_w -> 56 | J76: =2*B76*u_d+aisle_w -> 14.3 | K76: =C76*u_h -> 19.35 | L76: =IF(G76=0,I76,I76/(2*G76)) -> 14 | M76: =((IF((lane_off+(L76))<=(v_sh^2/a_sh),(4/3)*(lane_off+(L76))^1.5/SQRT(a_sh),(4/3)*(v_sh^2/a_sh)^1.5/SQRT(a_sh)+((lane_off+(L76))^2-(v_sh^2/a_sh)^2)/(2*v_sh)+(v_sh/a_sh)*((lane_off+(L76))-(v_sh^2/a_sh))))-(IF((lane_off)<=(v_sh^2/a_sh),(4/3)*(lane_off)^1.5/SQRT(a_sh),(4/3)*(v_sh^2/a_sh)^1.5/SQRT(a_sh)+((lane_off)^2-(v_sh^2/a_sh)^2)/(2*v_sh)+(v_sh/a_sh)*((lane_off)-(v_sh^2/a_sh)))))/(L76) -> 8.7013801 | N76: =IF(((B76-1)*u_d/2*(1+f_hc)+lane_off)<=0,0,IF(((B76-1)*u_d/2*(1+f_hc)+lane_off)>=v_sh^2/a_sh,((B76-1)*u_d/2*(1+f_hc)+lane_off)/v_sh+v_sh/a_sh,2*SQRT(((B76-1)*u_d/2*(1+f_hc)+lane_off)/a_sh))) -> 5.9571429 | O76: =2*t_sh+2*t_turn+2*M76+2*N76 -> 87.317046 | P76: =SUMPRODUCT((Tc_idx<=C76)*(ROUNDUP(lam_total*INDEX(Tc_P,C76,0)*O76/(3600*rho_max)-0.000000001,0)+(ROUNDUP(lam_total*INDEX(Tc_P,C76,0)*O76/(3600*rho_max)-0.000000001,0)<min_sh)*(min_sh-ROUNDUP(lam_total*INDEX(Tc_P,C76,0)*O76/(3600*rho_max)-0.000000001,0)))) -> 11 | Q76: =ROUNDUP(P76-0.000000001,0)+spares -> 13 | R76: =B76*C76*(2*H76-G76*lpl) -> 4770 | S76: =R76*fill -> 4054.5 | T76: =I76*J76 -> 800.8 | U76: =T76*(K76+headroom) -> 16696.68 | V76: =G76*c_lift -> 300000 | W76: =Q76*c_shut -> 650000 | X76: =R76*c_pos -> 477000 | Y76: =T76*c_m2+U76*c_m3 -> 821220.4 | Z76: =SUM(V76:Y76) -> 2248220.4 | AA76: =B76*u_d/(H76*u_w) -> 0.11607143 | AB76: =IF(G76=0,0,F76/G76) -> 0.37731647 | AC76: =IF(G76>1,F76/(G76-1),"n/a") -> 0.75463294 | AD76: =moves_day*m_pallet*9.81*INDEX(Tc_mh,C76)/3600000 -> 13.21734 | AE76: =IF(AND(K76<=H_max,H76<=300,OR(lane_policy="Free (optimize N_C)",B76=sku_pal),OR(env_use="No",AND(I76<=L_bldg,J76<=W_bldg),AND(I76<=W_bldg,J76<=L_bldg))),1,0) -> 0 | AF76: =IF(obj_mode="Total cost",Z76,IF(obj_mode="Shuttle cycle",O76,T76)) -> 2248220.4 | AG76: =IF(AE76=1,AF76*(1+A76*0.0000000001),1E+099) -> 1e+99 | AH76: =IF(AE76=1,"",IF(K76>H_max,"height",IF(AND(lane_policy<>"Free (optimize N_C)",B76<>sku_pal),"lane policy","footprint"))) -> footprint
A77: 70 | B77: =$E$3 -> 5 | C77: 10 | D77: =INDEX(Tc_pl,C77) -> 0.6 | E77: =INDEX(Tc_S,C77) -> 45.457143 | F77: =lam_total*D77*E77/3600 -> 0.75761905 | G77: =IF(F77<=0.000000000001,0,MAX(ROUNDUP(F77/rho_max-0.000000001,0),IF(redund="Yes",ROUNDUP(F77/rho_fail-0.000000001,0)+1,0))) -> 2 | H77: =MAX(1,ROUNDUP((P_req/(B77*C77)+G77*lpl)/2-0.000000001,0)) -> 51 | I77: =H77*u_w -> 51 | J77: =2*B77*u_d+aisle_w -> 14.3 | K77: =C77*u_h -> 21.5 | L77: =IF(G77=0,I77,I77/(2*G77)) -> 12.75 | M77: =((IF((lane_off+(L77))<=(v_sh^2/a_sh),(4/3)*(lane_off+(L77))^1.5/SQRT(a_sh),(4/3)*(v_sh^2/a_sh)^1.5/SQRT(a_sh)+((lane_off+(L77))^2-(v_sh^2/a_sh)^2)/(2*v_sh)+(v_sh/a_sh)*((lane_off+(L77))-(v_sh^2/a_sh))))-(IF((lane_off)<=(v_sh^2/a_sh),(4/3)*(lane_off)^1.5/SQRT(a_sh),(4/3)*(v_sh^2/a_sh)^1.5/SQRT(a_sh)+((lane_off)^2-(v_sh^2/a_sh)^2)/(2*v_sh)+(v_sh/a_sh)*((lane_off)-(v_sh^2/a_sh)))))/(L77) -> 8.2522858 | N77: =IF(((B77-1)*u_d/2*(1+f_hc)+lane_off)<=0,0,IF(((B77-1)*u_d/2*(1+f_hc)+lane_off)>=v_sh^2/a_sh,((B77-1)*u_d/2*(1+f_hc)+lane_off)/v_sh+v_sh/a_sh,2*SQRT(((B77-1)*u_d/2*(1+f_hc)+lane_off)/a_sh))) -> 5.9571429 | O77: =2*t_sh+2*t_turn+2*M77+2*N77 -> 86.418857 | P77: =SUMPRODUCT((Tc_idx<=C77)*(ROUNDUP(lam_total*INDEX(Tc_P,C77,0)*O77/(3600*rho_max)-0.000000001,0)+(ROUNDUP(lam_total*INDEX(Tc_P,C77,0)*O77/(3600*rho_max)-0.000000001,0)<min_sh)*(min_sh-ROUNDUP(lam_total*INDEX(Tc_P,C77,0)*O77/(3600*rho_max)-0.000000001,0)))) -> 12 | Q77: =ROUNDUP(P77-0.000000001,0)+spares -> 14 | R77: =B77*C77*(2*H77-G77*lpl) -> 4800 | S77: =R77*fill -> 4080 | T77: =I77*J77 -> 729.3 | U77: =T77*(K77+headroom) -> 16773.9 | V77: =G77*c_lift -> 300000 | W77: =Q77*c_shut -> 700000 | X77: =R77*c_pos -> 480000 | Y77: =T77*c_m2+U77*c_m3 -> 794937 | Z77: =SUM(V77:Y77) -> 2274937 | AA77: =B77*u_d/(H77*u_w) -> 0.12745098 | AB77: =IF(G77=0,0,F77/G77) -> 0.37880952 | AC77: =IF(G77>1,F77/(G77-1),"n/a") -> 0.75761905 | AD77: =moves_day*m_pallet*9.81*INDEX(Tc_mh,C77)/3600000 -> 13.49856 | AE77: =IF(AND(K77<=H_max,H77<=300,OR(lane_policy="Free (optimize N_C)",B77=sku_pal),OR(env_use="No",AND(I77<=L_bldg,J77<=W_bldg),AND(I77<=W_bldg,J77<=L_bldg))),1,0) -> 0 | AF77: =IF(obj_mode="Total cost",Z77,IF(obj_mode="Shuttle cycle",O77,T77)) -> 2274937 | AG77: =IF(AE77=1,AF77*(1+A77*0.0000000001),1E+099) -> 1e+99 | AH77: =IF(AE77=1,"",IF(K77>H_max,"height",IF(AND(lane_policy<>"Free (optimize N_C)",B77<>sku_pal),"lane policy","footprint"))) -> height
A78: 71 | B78: =$E$3 -> 5 | C78: 11 | D78: =INDEX(Tc_pl,C78) -> 0.6 | E78: =INDEX(Tc_S,C78) -> 45.63631 | F78: =lam_total*D78*E78/3600 -> 0.76060516 | G78: =IF(F78<=0.000000000001,0,MAX(ROUNDUP(F78/rho_max-0.000000001,0),IF(redund="Yes",ROUNDUP(F78/rho_fail-0.000000001,0)+1,0))) -> 2 | H78: =MAX(1,ROUNDUP((P_req/(B78*C78)+G78*lpl)/2-0.000000001,0)) -> 46 | I78: =H78*u_w -> 46 | J78: =2*B78*u_d+aisle_w -> 14.3 | K78: =C78*u_h -> 23.65 | L78: =IF(G78=0,I78,I78/(2*G78)) -> 11.5 | M78: =((IF((lane_off+(L78))<=(v_sh^2/a_sh),(4/3)*(lane_off+(L78))^1.5/SQRT(a_sh),(4/3)*(v_sh^2/a_sh)^1.5/SQRT(a_sh)+((lane_off+(L78))^2-(v_sh^2/a_sh)^2)/(2*v_sh)+(v_sh/a_sh)*((lane_off+(L78))-(v_sh^2/a_sh))))-(IF((lane_off)<=(v_sh^2/a_sh),(4/3)*(lane_off)^1.5/SQRT(a_sh),(4/3)*(v_sh^2/a_sh)^1.5/SQRT(a_sh)+((lane_off)^2-(v_sh^2/a_sh)^2)/(2*v_sh)+(v_sh/a_sh)*((lane_off)-(v_sh^2/a_sh)))))/(L78) -> 7.8026119 | N78: =IF(((B78-1)*u_d/2*(1+f_hc)+lane_off)<=0,0,IF(((B78-1)*u_d/2*(1+f_hc)+lane_off)>=v_sh^2/a_sh,((B78-1)*u_d/2*(1+f_hc)+lane_off)/v_sh+v_sh/a_sh,2*SQRT(((B78-1)*u_d/2*(1+f_hc)+lane_off)/a_sh))) -> 5.9571429 | O78: =2*t_sh+2*t_turn+2*M78+2*N78 -> 85.519509 | P78: =SUMPRODUCT((Tc_idx<=C78)*(ROUNDUP(lam_total*INDEX(Tc_P,C78,0)*O78/(3600*rho_max)-0.000000001,0)+(ROUNDUP(lam_total*INDEX(Tc_P,C78,0)*O78/(3600*rho_max)-0.000000001,0)<min_sh)*(min_sh-ROUNDUP(lam_total*INDEX(Tc_P,C78,0)*O78/(3600*rho_max)-0.000000001,0)))) -> 13 | Q78: =ROUNDUP(P78-0.000000001,0)+spares -> 15 | R78: =B78*C78*(2*H78-G78*lpl) -> 4730 | S78: =R78*fill -> 4020.5 | T78: =I78*J78 -> 657.8 | U78: =T78*(K78+headroom) -> 16543.67 | V78: =G78*c_lift -> 300000 | W78: =Q78*c_shut -> 750000 | X78: =R78*c_pos -> 473000 | Y78: =T78*c_m2+U78*c_m3 -> 759430.1 | Z78: =SUM(V78:Y78) -> 2282430.1 | AA78: =B78*u_d/(H78*u_w) -> 0.14130435 | AB78: =IF(G78=0,0,F78/G78) -> 0.38030258 | AC78: =IF(G78>1,F78/(G78-1),"n/a") -> 0.76060516 | AD78: =moves_day*m_pallet*9.81*INDEX(Tc_mh,C78)/3600000 -> 13.77978 | AE78: =IF(AND(K78<=H_max,H78<=300,OR(lane_policy="Free (optimize N_C)",B78=sku_pal),OR(env_use="No",AND(I78<=L_bldg,J78<=W_bldg),AND(I78<=W_bldg,J78<=L_bldg))),1,0) -> 0 | AF78: =IF(obj_mode="Total cost",Z78,IF(obj_mode="Shuttle cycle",O78,T78)) -> 2282430.1 | AG78: =IF(AE78=1,AF78*(1+A78*0.0000000001),1E+099) -> 1e+99 | AH78: =IF(AE78=1,"",IF(K78>H_max,"height",IF(AND(lane_policy<>"Free (optimize N_C)",B78<>sku_pal),"lane policy","footprint"))) -> height
A79: 72 | B79: =$E$3 -> 5 | C79: 12 | D79: =INDEX(Tc_pl,C79) -> 0.6 | E79: =INDEX(Tc_S,C79) -> 45.815476 | F79: =lam_total*D79*E79/3600 -> 0.76359127 | G79: =IF(F79<=0.000000000001,0,MAX(ROUNDUP(F79/rho_max-0.000000001,0),IF(redund="Yes",ROUNDUP(F79/rho_fail-0.000000001,0)+1,0))) -> 2 | H79: =MAX(1,ROUNDUP((P_req/(B79*C79)+G79*lpl)/2-0.000000001,0)) -> 43 | I79: =H79*u_w -> 43 | J79: =2*B79*u_d+aisle_w -> 14.3 | K79: =C79*u_h -> 25.8 | L79: =IF(G79=0,I79,I79/(2*G79)) -> 10.75 | M79: =((IF((lane_off+(L79))<=(v_sh^2/a_sh),(4/3)*(lane_off+(L79))^1.5/SQRT(a_sh),(4/3)*(v_sh^2/a_sh)^1.5/SQRT(a_sh)+((lane_off+(L79))^2-(v_sh^2/a_sh)^2)/(2*v_sh)+(v_sh/a_sh)*((lane_off+(L79))-(v_sh^2/a_sh))))-(IF((lane_off)<=(v_sh^2/a_sh),(4/3)*(lane_off)^1.5/SQRT(a_sh),(4/3)*(v_sh^2/a_sh)^1.5/SQRT(a_sh)+((lane_off)^2-(v_sh^2/a_sh)^2)/(2*v_sh)+(v_sh/a_sh)*((lane_off)-(v_sh^2/a_sh)))))/(L79) -> 7.5324452 | N79: =IF(((B79-1)*u_d/2*(1+f_hc)+lane_off)<=0,0,IF(((B79-1)*u_d/2*(1+f_hc)+lane_off)>=v_sh^2/a_sh,((B79-1)*u_d/2*(1+f_hc)+lane_off)/v_sh+v_sh/a_sh,2*SQRT(((B79-1)*u_d/2*(1+f_hc)+lane_off)/a_sh))) -> 5.9571429 | O79: =2*t_sh+2*t_turn+2*M79+2*N79 -> 84.979176 | P79: =SUMPRODUCT((Tc_idx<=C79)*(ROUNDUP(lam_total*INDEX(Tc_P,C79,0)*O79/(3600*rho_max)-0.000000001,0)+(ROUNDUP(lam_total*INDEX(Tc_P,C79,0)*O79/(3600*rho_max)-0.000000001,0)<min_sh)*(min_sh-ROUNDUP(lam_total*INDEX(Tc_P,C79,0)*O79/(3600*rho_max)-0.000000001,0)))) -> 14 | Q79: =ROUNDUP(P79-0.000000001,0)+spares -> 16 | R79: =B79*C79*(2*H79-G79*lpl) -> 4800 | S79: =R79*fill -> 4080 | T79: =I79*J79 -> 614.9 | U79: =T79*(K79+headroom) -> 16786.77 | V79: =G79*c_lift -> 300000 | W79: =Q79*c_shut -> 800000 | X79: =R79*c_pos -> 480000 | Y79: =T79*c_m2+U79*c_m3 -> 749563.1 | Z79: =SUM(V79:Y79) -> 2329563.1 | AA79: =B79*u_d/(H79*u_w) -> 0.15116279 | AB79: =IF(G79=0,0,F79/G79) -> 0.38179563 | AC79: =IF(G79>1,F79/(G79-1),"n/a") -> 0.76359127 | AD79: =moves_day*m_pallet*9.81*INDEX(Tc_mh,C79)/3600000 -> 14.061 | AE79: =IF(AND(K79<=H_max,H79<=300,OR(lane_policy="Free (optimize N_C)",B79=sku_pal),OR(env_use="No",AND(I79<=L_bldg,J79<=W_bldg),AND(I79<=W_bldg,J79<=L_bldg))),1,0) -> 0 | AF79: =IF(obj_mode="Total cost",Z79,IF(obj_mode="Shuttle cycle",O79,T79)) -> 2329563.1 | AG79: =IF(AE79=1,AF79*(1+A79*0.0000000001),1E+099) -> 1e+99 | AH79: =IF(AE79=1,"",IF(K79>H_max,"height",IF(AND(lane_policy<>"Free (optimize N_C)",B79<>sku_pal),"lane policy","footprint"))) -> height
... A87: 80 | B87: =$E$3 -> 5 | C87: 20 | D87: =INDEX(Tc_pl,C87) -> 0.6 | E87: =INDEX(Tc_S,C87) -> 47.24881 | F87: =lam_total*D87*E87/3600 -> 0.78748016 | G87: =IF(F87<=0.000000000001,0,MAX(ROUNDUP(F87/rho_max-0.000000001,0),IF(redund="Yes",ROUNDUP(F87/rho_fail-0.000000001,0)+1,0))) -> 2 | H87: =MAX(1,ROUNDUP((P_req/(B87*C87)+G87*lpl)/2-0.000000001,0)) -> 27 | I87: =H87*u_w -> 27 | J87: =2*B87*u_d+aisle_w -> 14.3 | K87: =C87*u_h -> 43 | L87: =IF(G87=0,I87,I87/(2*G87)) -> 6.75 | M87: =((IF((lane_off+(L87))<=(v_sh^2/a_sh),(4/3)*(lane_off+(L87))^1.5/SQRT(a_sh),(4/3)*(v_sh^2/a_sh)^1.5/SQRT(a_sh)+((lane_off+(L87))^2-(v_sh^2/a_sh)^2)/(2*v_sh)+(v_sh/a_sh)*((lane_off+(L87))-(v_sh^2/a_sh))))-(IF((lane_off)<=(v_sh^2/a_sh),(4/3)*(lane_off)^1.5/SQRT(a_sh),(4/3)*(v_sh^2/a_sh)^1.5/SQRT(a_sh)+((lane_off)^2-(v_sh^2/a_sh)^2)/(2*v_sh)+(v_sh/a_sh)*((lane_off)-(v_sh^2/a_sh)))))/(L87) -> 6.082889 | N87: =IF(((B87-1)*u_d/2*(1+f_hc)+lane_off)<=0,0,IF(((B87-1)*u_d/2*(1+f_hc)+lane_off)>=v_sh^2/a_sh,((B87-1)*u_d/2*(1+f_hc)+lane_off)/v_sh+v_sh/a_sh,2*SQRT(((B87-1)*u_d/2*(1+f_hc)+lane_off)/a_sh))) -> 5.9571429 | O87: =2*t_sh+2*t_turn+2*M87+2*N87 -> 82.080064 | P87: =SUMPRODUCT((Tc_idx<=C87)*(ROUNDUP(lam_total*INDEX(Tc_P,C87,0)*O87/(3600*rho_max)-0.000000001,0)+(ROUNDUP(lam_total*INDEX(Tc_P,C87,0)*O87/(3600*rho_max)-0.000000001,0)<min_sh)*(min_sh-ROUNDUP(lam_total*INDEX(Tc_P,C87,0)*O87/(3600*rho_max)-0.000000001,0)))) -> 22 | Q87: =ROUNDUP(P87-0.000000001,0)+spares -> 24 | R87: =B87*C87*(2*H87-G87*lpl) -> 4800 | S87: =R87*fill -> 4080 | T87: =I87*J87 -> 386.1 | U87: =T87*(K87+headroom) -> 17181.45 | V87: =G87*c_lift -> 300000 | W87: =Q87*c_shut -> 1200000 | X87: =R87*c_pos -> 480000 | Y87: =T87*c_m2+U87*c_m3 -> 669883.5 | Z87: =SUM(V87:Y87) -> 2649883.5 | AA87: =B87*u_d/(H87*u_w) -> 0.24074074 | AB87: =IF(G87=0,0,F87/G87) -> 0.39374008 | AC87: =IF(G87>1,F87/(G87-1),"n/a") -> 0.78748016 | AD87: =moves_day*m_pallet*9.81*INDEX(Tc_mh,C87)/3600000 -> 16.31076 | AE87: =IF(AND(K87<=H_max,H87<=300,OR(lane_policy="Free (optimize N_C)",B87=sku_pal),OR(env_use="No",AND(I87<=L_bldg,J87<=W_bldg),AND(I87<=W_bldg,J87<=L_bldg))),1,0) -> 0 | AF87: =IF(obj_mode="Total cost",Z87,IF(obj_mode="Shuttle cycle",O87,T87)) -> 2649883.5 | AG87: =IF(AE87=1,AF87*(1+A87*0.0000000001),1E+099) -> 1e+99 | AH87: =IF(AE87=1,"",IF(K87>H_max,"height",IF(AND(lane_policy<>"Free (optimize N_C)",B87<>sku_pal),"lane policy","footprint"))) -> height
A88: 81 | B88: =$F$3 -> 6 | C88: 1 | D88: =INDEX(Tc_pl,C88) -> 0 | E88: =INDEX(Tc_S,C88) -> 0 | F88: =lam_total*D88*E88/3600 -> 0 | G88: =IF(F88<=0.000000000001,0,MAX(ROUNDUP(F88/rho_max-0.000000001,0),IF(redund="Yes",ROUNDUP(F88/rho_fail-0.000000001,0)+1,0))) -> 0 | H88: =MAX(1,ROUNDUP((P_req/(B88*C88)+G88*lpl)/2-0.000000001,0)) -> 393 | I88: =H88*u_w -> 393 | J88: =2*B88*u_d+aisle_w -> 16.9 | K88: =C88*u_h -> 2.15 | L88: =IF(G88=0,I88,I88/(2*G88)) -> 393 | M88: =((IF((lane_off+(L88))<=(v_sh^2/a_sh),(4/3)*(lane_off+(L88))^1.5/SQRT(a_sh),(4/3)*(v_sh^2/a_sh)^1.5/SQRT(a_sh)+((lane_off+(L88))^2-(v_sh^2/a_sh)^2)/(2*v_sh)+(v_sh/a_sh)*((lane_off+(L88))-(v_sh^2/a_sh))))-(IF((lane_off)<=(v_sh^2/a_sh),(4/3)*(lane_off)^1.5/SQRT(a_sh),(4/3)*(v_sh^2/a_sh)^1.5/SQRT(a_sh)+((lane_off)^2-(v_sh^2/a_sh)^2)/(2*v_sh)+(v_sh/a_sh)*((lane_off)-(v_sh^2/a_sh)))))/(L88) -> 144.08475 | N88: =IF(((B88-1)*u_d/2*(1+f_hc)+lane_off)<=0,0,IF(((B88-1)*u_d/2*(1+f_hc)+lane_off)>=v_sh^2/a_sh,((B88-1)*u_d/2*(1+f_hc)+lane_off)/v_sh+v_sh/a_sh,2*SQRT(((B88-1)*u_d/2*(1+f_hc)+lane_off)/a_sh))) -> 6.5142857 | O88: =2*t_sh+2*t_turn+2*M88+2*N88 -> 359.19806 | P88: =SUMPRODUCT((Tc_idx<=C88)*(ROUNDUP(lam_total*INDEX(Tc_P,C88,0)*O88/(3600*rho_max)-0.000000001,0)+(ROUNDUP(lam_total*INDEX(Tc_P,C88,0)*O88/(3600*rho_max)-0.000000001,0)<min_sh)*(min_sh-ROUNDUP(lam_total*INDEX(Tc_P,C88,0)*O88/(3600*rho_max)-0.000000001,0)))) -> 14 | Q88: =ROUNDUP(P88-0.000000001,0)+spares -> 16 | R88: =B88*C88*(2*H88-G88*lpl) -> 4716 | S88: =R88*fill -> 4008.6 | T88: =I88*J88 -> 6641.7 | U88: =T88*(K88+headroom) -> 24242.205 | V88: =G88*c_lift -> 0 | W88: =Q88*c_shut -> 800000 | X88: =R88*c_pos -> 471600 | Y88: =T88*c_m2+U88*c_m3 -> 3383946.1 | Z88: =SUM(V88:Y88) -> 4655546.2 | AA88: =B88*u_d/(H88*u_w) -> 0.019847328 | AB88: =IF(G88=0,0,F88/G88) -> 0 | AC88: =IF(G88>1,F88/(G88-1),"n/a") -> n/a | AD88: =moves_day*m_pallet*9.81*INDEX(Tc_mh,C88)/3600000 -> 0 | AE88: =IF(AND(K88<=H_max,H88<=300,OR(lane_policy="Free (optimize N_C)",B88=sku_pal),OR(env_use="No",AND(I88<=L_bldg,J88<=W_bldg),AND(I88<=W_bldg,J88<=L_bldg))),1,0) -> 0 | AF88: =IF(obj_mode="Total cost",Z88,IF(obj_mode="Shuttle cycle",O88,T88)) -> 4655546.2 | AG88: =IF(AE88=1,AF88*(1+A88*0.0000000001),1E+099) -> 1e+99 | AH88: =IF(AE88=1,"",IF(K88>H_max,"height",IF(AND(lane_policy<>"Free (optimize N_C)",B88<>sku_pal),"lane policy","footprint"))) -> footprint
A89: 82 | B89: =$F$3 -> 6 | C89: 2 | D89: =INDEX(Tc_pl,C89) -> 0.5 | E89: =INDEX(Tc_S,C89) -> 41.157143 | F89: =lam_total*D89*E89/3600 -> 0.57162698 | G89: =IF(F89<=0.000000000001,0,MAX(ROUNDUP(F89/rho_max-0.000000001,0),IF(redund="Yes",ROUNDUP(F89/rho_fail-0.000000001,0)+1,0))) -> 2 | H89: =MAX(1,ROUNDUP((P_req/(B89*C89)+G89*lpl)/2-0.000000001,0)) -> 200 | I89: =H89*u_w -> 200 | J89: =2*B89*u_d+aisle_w -> 16.9 | K89: =C89*u_h -> 4.3 | L89: =IF(G89=0,I89,I89/(2*G89)) -> 50 | M89: =((IF((lane_off+(L89))<=(v_sh^2/a_sh),(4/3)*(lane_off+(L89))^1.5/SQRT(a_sh),(4/3)*(v_sh^2/a_sh)^1.5/SQRT(a_sh)+((lane_off+(L89))^2-(v_sh^2/a_sh)^2)/(2*v_sh)+(v_sh/a_sh)*((lane_off+(L89))-(v_sh^2/a_sh))))-(IF((lane_off)<=(v_sh^2/a_sh),(4/3)*(lane_off)^1.5/SQRT(a_sh),(4/3)*(v_sh^2/a_sh)^1.5/SQRT(a_sh)+((lane_off)^2-(v_sh^2/a_sh)^2)/(2*v_sh)+(v_sh/a_sh)*((lane_off)-(v_sh^2/a_sh)))))/(L89) -> 21.578101 | N89: =IF(((B89-1)*u_d/2*(1+f_hc)+lane_off)<=0,0,IF(((B89-1)*u_d/2*(1+f_hc)+lane_off)>=v_sh^2/a_sh,((B89-1)*u_d/2*(1+f_hc)+lane_off)/v_sh+v_sh/a_sh,2*SQRT(((B89-1)*u_d/2*(1+f_hc)+lane_off)/a_sh))) -> 6.5142857 | O89: =2*t_sh+2*t_turn+2*M89+2*N89 -> 114.18477 | P89: =SUMPRODUCT((Tc_idx<=C89)*(ROUNDUP(lam_total*INDEX(Tc_P,C89,0)*O89/(3600*rho_max)-0.000000001,0)+(ROUNDUP(lam_total*INDEX(Tc_P,C89,0)*O89/(3600*rho_max)-0.000000001,0)<min_sh)*(min_sh-ROUNDUP(lam_total*INDEX(Tc_P,C89,0)*O89/(3600*rho_max)-0.000000001,0)))) -> 6 | Q89: =ROUNDUP(P89-0.000000001,0)+spares -> 8 | R89: =B89*C89*(2*H89-G89*lpl) -> 4728 | S89: =R89*fill -> 4018.8 | T89: =I89*J89 -> 3380 | U89: =T89*(K89+headroom) -> 19604 | V89: =G89*c_lift -> 300000 | W89: =Q89*c_shut -> 400000 | X89: =R89*c_pos -> 472800 | Y89: =T89*c_m2+U89*c_m3 -> 1940120 | Z89: =SUM(V89:Y89) -> 3112920 | AA89: =B89*u_d/(H89*u_w) -> 0.039 | AB89: =IF(G89=0,0,F89/G89) -> 0.28581349 | AC89: =IF(G89>1,F89/(G89-1),"n/a") -> 0.57162698 | AD89: =moves_day*m_pallet*9.81*INDEX(Tc_mh,C89)/3600000 -> 5.6244 | AE89: =IF(AND(K89<=H_max,H89<=300,OR(lane_policy="Free (optimize N_C)",B89=sku_pal),OR(env_use="No",AND(I89<=L_bldg,J89<=W_bldg),AND(I89<=W_bldg,J89<=L_bldg))),1,0) -> 0 | AF89: =IF(obj_mode="Total cost",Z89,IF(obj_mode="Shuttle cycle",O89,T89)) -> 3112920 | AG89: =IF(AE89=1,AF89*(1+A89*0.0000000001),1E+099) -> 1e+99 | AH89: =IF(AE89=1,"",IF(K89>H_max,"height",IF(AND(lane_policy<>"Free (optimize N_C)",B89<>sku_pal),"lane policy","footprint"))) -> footprint
A90: 83 | B90: =$F$3 -> 6 | C90: 3 | D90: =INDEX(Tc_pl,C90) -> 0.52941176 | E90: =INDEX(Tc_S,C90) -> 41.634921 | F90: =lam_total*D90*E90/3600 -> 0.61227824 | G90: =IF(F90<=0.000000000001,0,MAX(ROUNDUP(F90/rho_max-0.000000001,0),IF(redund="Yes",ROUNDUP(F90/rho_fail-0.000000001,0)+1,0))) -> 2 | H90: =MAX(1,ROUNDUP((P_req/(B90*C90)+G90*lpl)/2-0.000000001,0)) -> 134 | I90: =H90*u_w -> 134 | J90: =2*B90*u_d+aisle_w -> 16.9 | K90: =C90*u_h -> 6.45 | L90: =IF(G90=0,I90,I90/(2*G90)) -> 33.5 | M90: =((IF((lane_off+(L90))<=(v_sh^2/a_sh),(4/3)*(lane_off+(L90))^1.5/SQRT(a_sh),(4/3)*(v_sh^2/a_sh)^1.5/SQRT(a_sh)+((lane_off+(L90))^2-(v_sh^2/a_sh)^2)/(2*v_sh)+(v_sh/a_sh)*((lane_off+(L90))-(v_sh^2/a_sh))))-(IF((lane_off)<=(v_sh^2/a_sh),(4/3)*(lane_off)^1.5/SQRT(a_sh),(4/3)*(v_sh^2/a_sh)^1.5/SQRT(a_sh)+((lane_off)^2-(v_sh^2/a_sh)^2)/(2*v_sh)+(v_sh/a_sh)*((lane_off)-(v_sh^2/a_sh)))))/(L90) -> 15.681494 | N90: =IF(((B90-1)*u_d/2*(1+f_hc)+lane_off)<=0,0,IF(((B90-1)*u_d/2*(1+f_hc)+lane_off)>=v_sh^2/a_sh,((B90-1)*u_d/2*(1+f_hc)+lane_off)/v_sh+v_sh/a_sh,2*SQRT(((B90-1)*u_d/2*(1+f_hc)+lane_off)/a_sh))) -> 6.5142857 | O90: =2*t_sh+2*t_turn+2*M90+2*N90 -> 102.39156 | P90: =SUMPRODUCT((Tc_idx<=C90)*(ROUNDUP(lam_total*INDEX(Tc_P,C90,0)*O90/(3600*rho_max)-0.000000001,0)+(ROUNDUP(lam_total*INDEX(Tc_P,C90,0)*O90/(3600*rho_max)-0.000000001,0)<min_sh)*(min_sh-ROUNDUP(lam_total*INDEX(Tc_P,C90,0)*O90/(3600*rho_max)-0.000000001,0)))) -> 5 | Q90: =ROUNDUP(P90-0.000000001,0)+spares -> 7 | R90: =B90*C90*(2*H90-G90*lpl) -> 4716 | S90: =R90*fill -> 4008.6 | T90: =I90*J90 -> 2264.6 | U90: =T90*(K90+headroom) -> 18003.57 | V90: =G90*c_lift -> 300000 | W90: =Q90*c_shut -> 350000 | X90: =R90*c_pos -> 471600 | Y90: =T90*c_m2+U90*c_m3 -> 1445947.1 | Z90: =SUM(V90:Y90) -> 2567547.1 | AA90: =B90*u_d/(H90*u_w) -> 0.058208955 | AB90: =IF(G90=0,0,F90/G90) -> 0.30613912 | AC90: =IF(G90>1,F90/(G90-1),"n/a") -> 0.61227824 | AD90: =moves_day*m_pallet*9.81*INDEX(Tc_mh,C90)/3600000 -> 6.6169412 | AE90: =IF(AND(K90<=H_max,H90<=300,OR(lane_policy="Free (optimize N_C)",B90=sku_pal),OR(env_use="No",AND(I90<=L_bldg,J90<=W_bldg),AND(I90<=W_bldg,J90<=L_bldg))),1,0) -> 0 | AF90: =IF(obj_mode="Total cost",Z90,IF(obj_mode="Shuttle cycle",O90,T90)) -> 2567547.1 | AG90: =IF(AE90=1,AF90*(1+A90*0.0000000001),1E+099) -> 1e+99 | AH90: =IF(AE90=1,"",IF(K90>H_max,"height",IF(AND(lane_policy<>"Free (optimize N_C)",B90<>sku_pal),"lane policy","footprint"))) -> footprint
A91: 84 | B91: =$F$3 -> 6 | C91: 4 | D91: =INDEX(Tc_pl,C91) -> 0.55555556 | E91: =INDEX(Tc_S,C91) -> 42.447143 | F91: =lam_total*D91*E91/3600 -> 0.6550485 | G91: =IF(F91<=0.000000000001,0,MAX(ROUNDUP(F91/rho_max-0.000000001,0),IF(redund="Yes",ROUNDUP(F91/rho_fail-0.000000001,0)+1,0))) -> 2 | H91: =MAX(1,ROUNDUP((P_req/(B91*C91)+G91*lpl)/2-0.000000001,0)) -> 102 | I91: =H91*u_w -> 102 | J91: =2*B91*u_d+aisle_w -> 16.9 | K91: =C91*u_h -> 8.6 | L91: =IF(G91=0,I91,I91/(2*G91)) -> 25.5 | M91: =((IF((lane_off+(L91))<=(v_sh^2/a_sh),(4/3)*(lane_off+(L91))^1.5/SQRT(a_sh),(4/3)*(v_sh^2/a_sh)^1.5/SQRT(a_sh)+((lane_off+(L91))^2-(v_sh^2/a_sh)^2)/(2*v_sh)+(v_sh/a_sh)*((lane_off+(L91))-(v_sh^2/a_sh))))-(IF((lane_off)<=(v_sh^2/a_sh),(4/3)*(lane_off)^1.5/SQRT(a_sh),(4/3)*(v_sh^2/a_sh)^1.5/SQRT(a_sh)+((lane_off)^2-(v_sh^2/a_sh)^2)/(2*v_sh)+(v_sh/a_sh)*((lane_off)-(v_sh^2/a_sh)))))/(L91) -> 12.820786 | N91: =IF(((B91-1)*u_d/2*(1+f_hc)+lane_off)<=0,0,IF(((B91-1)*u_d/2*(1+f_hc)+lane_off)>=v_sh^2/a_sh,((B91-1)*u_d/2*(1+f_hc)+lane_off)/v_sh+v_sh/a_sh,2*SQRT(((B91-1)*u_d/2*(1+f_hc)+lane_off)/a_sh))) -> 6.5142857 | O91: =2*t_sh+2*t_turn+2*M91+2*N91 -> 96.670143 | P91: =SUMPRODUCT((Tc_idx<=C91)*(ROUNDUP(lam_total*INDEX(Tc_P,C91,0)*O91/(3600*rho_max)-0.000000001,0)+(ROUNDUP(lam_total*INDEX(Tc_P,C91,0)*O91/(3600*rho_max)-0.000000001,0)<min_sh)*(min_sh-ROUNDUP(lam_total*INDEX(Tc_P,C91,0)*O91/(3600*rho_max)-0.000000001,0)))) -> 6 | Q91: =ROUNDUP(P91-0.000000001,0)+spares -> 8 | R91: =B91*C91*(2*H91-G91*lpl) -> 4752 | S91: =R91*fill -> 4039.2 | T91: =I91*J91 -> 1723.8 | U91: =T91*(K91+headroom) -> 17410.38 | V91: =G91*c_lift -> 300000 | W91: =Q91*c_shut -> 400000 | X91: =R91*c_pos -> 475200 | Y91: =T91*c_m2+U91*c_m3 -> 1211831.4 | Z91: =SUM(V91:Y91) -> 2387031.4 | AA91: =B91*u_d/(H91*u_w) -> 0.076470588 | AB91: =IF(G91=0,0,F91/G91) -> 0.32752425 | AC91: =IF(G91>1,F91/(G91-1),"n/a") -> 0.6550485 | AD91: =moves_day*m_pallet*9.81*INDEX(Tc_mh,C91)/3600000 -> 8.1241333 | AE91: =IF(AND(K91<=H_max,H91<=300,OR(lane_policy="Free (optimize N_C)",B91=sku_pal),OR(env_use="No",AND(I91<=L_bldg,J91<=W_bldg),AND(I91<=W_bldg,J91<=L_bldg))),1,0) -> 0 | AF91: =IF(obj_mode="Total cost",Z91,IF(obj_mode="Shuttle cycle",O91,T91)) -> 2387031.4 | AG91: =IF(AE91=1,AF91*(1+A91*0.0000000001),1E+099) -> 1e+99 | AH91: =IF(AE91=1,"",IF(K91>H_max,"height",IF(AND(lane_policy<>"Free (optimize N_C)",B91<>sku_pal),"lane policy","footprint"))) -> footprint
A92: 85 | B92: =$F$3 -> 6 | C92: 5 | D92: =INDEX(Tc_pl,C92) -> 0.57894737 | E92: =INDEX(Tc_S,C92) -> 43.502597 | F92: =lam_total*D92*E92/3600 -> 0.69960317 | G92: =IF(F92<=0.000000000001,0,MAX(ROUNDUP(F92/rho_max-0.000000001,0),IF(redund="Yes",ROUNDUP(F92/rho_fail-0.000000001,0)+1,0))) -> 2 | H92: =MAX(1,ROUNDUP((P_req/(B92*C92)+G92*lpl)/2-0.000000001,0)) -> 82 | I92: =H92*u_w -> 82 | J92: =2*B92*u_d+aisle_w -> 16.9 | K92: =C92*u_h -> 10.75 | L92: =IF(G92=0,I92,I92/(2*G92)) -> 20.5 | M92: =((IF((lane_off+(L92))<=(v_sh^2/a_sh),(4/3)*(lane_off+(L92))^1.5/SQRT(a_sh),(4/3)*(v_sh^2/a_sh)^1.5/SQRT(a_sh)+((lane_off+(L92))^2-(v_sh^2/a_sh)^2)/(2*v_sh)+(v_sh/a_sh)*((lane_off+(L92))-(v_sh^2/a_sh))))-(IF((lane_off)<=(v_sh^2/a_sh),(4/3)*(lane_off)^1.5/SQRT(a_sh),(4/3)*(v_sh^2/a_sh)^1.5/SQRT(a_sh)+((lane_off)^2-(v_sh^2/a_sh)^2)/(2*v_sh)+(v_sh/a_sh)*((lane_off)-(v_sh^2/a_sh)))))/(L92) -> 11.03143 | N92: =IF(((B92-1)*u_d/2*(1+f_hc)+lane_off)<=0,0,IF(((B92-1)*u_d/2*(1+f_hc)+lane_off)>=v_sh^2/a_sh,((B92-1)*u_d/2*(1+f_hc)+lane_off)/v_sh+v_sh/a_sh,2*SQRT(((B92-1)*u_d/2*(1+f_hc)+lane_off)/a_sh))) -> 6.5142857 | O92: =2*t_sh+2*t_turn+2*M92+2*N92 -> 93.091432 | P92: =SUMPRODUCT((Tc_idx<=C92)*(ROUNDUP(lam_total*INDEX(Tc_P,C92,0)*O92/(3600*rho_max)-0.000000001,0)+(ROUNDUP(lam_total*INDEX(Tc_P,C92,0)*O92/(3600*rho_max)-0.000000001,0)<min_sh)*(min_sh-ROUNDUP(lam_total*INDEX(Tc_P,C92,0)*O92/(3600*rho_max)-0.000000001,0)))) -> 7 | Q92: =ROUNDUP(P92-0.000000001,0)+spares -> 9 | R92: =B92*C92*(2*H92-G92*lpl) -> 4740 | S92: =R92*fill -> 4029 | T92: =I92*J92 -> 1385.8 | U92: =T92*(K92+headroom) -> 16976.05 | V92: =G92*c_lift -> 300000 | W92: =Q92*c_shut -> 450000 | X92: =R92*c_pos -> 474000 | Y92: =T92*c_m2+U92*c_m3 -> 1063601.5 | Z92: =SUM(V92:Y92) -> 2287601.5 | AA92: =B92*u_d/(H92*u_w) -> 0.095121951 | AB92: =IF(G92=0,0,F92/G92) -> 0.34980159 | AC92: =IF(G92>1,F92/(G92-1),"n/a") -> 0.69960317 | AD92: =moves_day*m_pallet*9.81*INDEX(Tc_mh,C92)/3600000 -> 10.064716 | AE92: =IF(AND(K92<=H_max,H92<=300,OR(lane_policy="Free (optimize N_C)",B92=sku_pal),OR(env_use="No",AND(I92<=L_bldg,J92<=W_bldg),AND(I92<=W_bldg,J92<=L_bldg))),1,0) -> 0 | AF92: =IF(obj_mode="Total cost",Z92,IF(obj_mode="Shuttle cycle",O92,T92)) -> 2287601.5 | AG92: =IF(AE92=1,AF92*(1+A92*0.0000000001),1E+099) -> 1e+99 | AH92: =IF(AE92=1,"",IF(K92>H_max,"height",IF(AND(lane_policy<>"Free (optimize N_C)",B92<>sku_pal),"lane policy","footprint"))) -> footprint
A93: 86 | B93: =$F$3 -> 6 | C93: 6 | D93: =INDEX(Tc_pl,C93) -> 0.6 | E93: =INDEX(Tc_S,C93) -> 44.740476 | F93: =lam_total*D93*E93/3600 -> 0.7456746 | G93: =IF(F93<=0.000000000001,0,MAX(ROUNDUP(F93/rho_max-0.000000001,0),IF(redund="Yes",ROUNDUP(F93/rho_fail-0.000000001,0)+1,0))) -> 2 | H93: =MAX(1,ROUNDUP((P_req/(B93*C93)+G93*lpl)/2-0.000000001,0)) -> 69 | I93: =H93*u_w -> 69 | J93: =2*B93*u_d+aisle_w -> 16.9 | K93: =C93*u_h -> 12.9 | L93: =IF(G93=0,I93,I93/(2*G93)) -> 17.25 | M93: =((IF((lane_off+(L93))<=(v_sh^2/a_sh),(4/3)*(lane_off+(L93))^1.5/SQRT(a_sh),(4/3)*(v_sh^2/a_sh)^1.5/SQRT(a_sh)+((lane_off+(L93))^2-(v_sh^2/a_sh)^2)/(2*v_sh)+(v_sh/a_sh)*((lane_off+(L93))-(v_sh^2/a_sh))))-(IF((lane_off)<=(v_sh^2/a_sh),(4/3)*(lane_off)^1.5/SQRT(a_sh),(4/3)*(v_sh^2/a_sh)^1.5/SQRT(a_sh)+((lane_off)^2-(v_sh^2/a_sh)^2)/(2*v_sh)+(v_sh/a_sh)*((lane_off)-(v_sh^2/a_sh)))))/(L93) -> 9.8672174 | N93: =IF(((B93-1)*u_d/2*(1+f_hc)+lane_off)<=0,0,IF(((B93-1)*u_d/2*(1+f_hc)+lane_off)>=v_sh^2/a_sh,((B93-1)*u_d/2*(1+f_hc)+lane_off)/v_sh+v_sh/a_sh,2*SQRT(((B93-1)*u_d/2*(1+f_hc)+lane_off)/a_sh))) -> 6.5142857 | O93: =2*t_sh+2*t_turn+2*M93+2*N93 -> 90.763006 | P93: =SUMPRODUCT((Tc_idx<=C93)*(ROUNDUP(lam_total*INDEX(Tc_P,C93,0)*O93/(3600*rho_max)-0.000000001,0)+(ROUNDUP(lam_total*INDEX(Tc_P,C93,0)*O93/(3600*rho_max)-0.000000001,0)<min_sh)*(min_sh-ROUNDUP(lam_total*INDEX(Tc_P,C93,0)*O93/(3600*rho_max)-0.000000001,0)))) -> 8 | Q93: =ROUNDUP(P93-0.000000001,0)+spares -> 10 | R93: =B93*C93*(2*H93-G93*lpl) -> 4752 | S93: =R93*fill -> 4039.2 | T93: =I93*J93 -> 1166.1 | U93: =T93*(K93+headroom) -> 16791.84 | V93: =G93*c_lift -> 300000 | W93: =Q93*c_shut -> 500000 | X93: =R93*c_pos -> 475200 | Y93: =T93*c_m2+U93*c_m3 -> 970195.2 | Z93: =SUM(V93:Y93) -> 2245395.2 | AA93: =B93*u_d/(H93*u_w) -> 0.11304348 | AB93: =IF(G93=0,0,F93/G93) -> 0.3728373 | AC93: =IF(G93>1,F93/(G93-1),"n/a") -> 0.7456746 | AD93: =moves_day*m_pallet*9.81*INDEX(Tc_mh,C93)/3600000 -> 12.37368 | AE93: =IF(AND(K93<=H_max,H93<=300,OR(lane_policy="Free (optimize N_C)",B93=sku_pal),OR(env_use="No",AND(I93<=L_bldg,J93<=W_bldg),AND(I93<=W_bldg,J93<=L_bldg))),1,0) -> 0 | AF93: =IF(obj_mode="Total cost",Z93,IF(obj_mode="Shuttle cycle",O93,T93)) -> 2245395.2 | AG93: =IF(AE93=1,AF93*(1+A93*0.0000000001),1E+099) -> 1e+99 | AH93: =IF(AE93=1,"",IF(K93>H_max,"height",IF(AND(lane_policy<>"Free (optimize N_C)",B93<>sku_pal),"lane policy","footprint"))) -> footprint
A94: 87 | B94: =$F$3 -> 6 | C94: 7 | D94: =INDEX(Tc_pl,C94) -> 0.6 | E94: =INDEX(Tc_S,C94) -> 44.919643 | F94: =lam_total*D94*E94/3600 -> 0.74866071 | G94: =IF(F94<=0.000000000001,0,MAX(ROUNDUP(F94/rho_max-0.000000001,0),IF(redund="Yes",ROUNDUP(F94/rho_fail-0.000000001,0)+1,0))) -> 2 | H94: =MAX(1,ROUNDUP((P_req/(B94*C94)+G94*lpl)/2-0.000000001,0)) -> 60 | I94: =H94*u_w -> 60 | J94: =2*B94*u_d+aisle_w -> 16.9 | K94: =C94*u_h -> 15.05 | L94: =IF(G94=0,I94,I94/(2*G94)) -> 15 | M94: =((IF((lane_off+(L94))<=(v_sh^2/a_sh),(4/3)*(lane_off+(L94))^1.5/SQRT(a_sh),(4/3)*(v_sh^2/a_sh)^1.5/SQRT(a_sh)+((lane_off+(L94))^2-(v_sh^2/a_sh)^2)/(2*v_sh)+(v_sh/a_sh)*((lane_off+(L94))-(v_sh^2/a_sh))))-(IF((lane_off)<=(v_sh^2/a_sh),(4/3)*(lane_off)^1.5/SQRT(a_sh),(4/3)*(v_sh^2/a_sh)^1.5/SQRT(a_sh)+((lane_off)^2-(v_sh^2/a_sh)^2)/(2*v_sh)+(v_sh/a_sh)*((lane_off)-(v_sh^2/a_sh)))))/(L94) -> 9.0603358 | N94: =IF(((B94-1)*u_d/2*(1+f_hc)+lane_off)<=0,0,IF(((B94-1)*u_d/2*(1+f_hc)+lane_off)>=v_sh^2/a_sh,((B94-1)*u_d/2*(1+f_hc)+lane_off)/v_sh+v_sh/a_sh,2*SQRT(((B94-1)*u_d/2*(1+f_hc)+lane_off)/a_sh))) -> 6.5142857 | O94: =2*t_sh+2*t_turn+2*M94+2*N94 -> 89.149243 | P94: =SUMPRODUCT((Tc_idx<=C94)*(ROUNDUP(lam_total*INDEX(Tc_P,C94,0)*O94/(3600*rho_max)-0.000000001,0)+(ROUNDUP(lam_total*INDEX(Tc_P,C94,0)*O94/(3600*rho_max)-0.000000001,0)<min_sh)*(min_sh-ROUNDUP(lam_total*INDEX(Tc_P,C94,0)*O94/(3600*rho_max)-0.000000001,0)))) -> 9 | Q94: =ROUNDUP(P94-0.000000001,0)+spares -> 11 | R94: =B94*C94*(2*H94-G94*lpl) -> 4788 | S94: =R94*fill -> 4069.8 | T94: =I94*J94 -> 1014 | U94: =T94*(K94+headroom) -> 16781.7 | V94: =G94*c_lift -> 300000 | W94: =Q94*c_shut -> 550000 | X94: =R94*c_pos -> 478800 | Y94: =T94*c_m2+U94*c_m3 -> 909051 | Z94: =SUM(V94:Y94) -> 2237851 | AA94: =B94*u_d/(H94*u_w) -> 0.13 | AB94: =IF(G94=0,0,F94/G94) -> 0.37433036 | AC94: =IF(G94>1,F94/(G94-1),"n/a") -> 0.74866071 | AD94: =moves_day*m_pallet*9.81*INDEX(Tc_mh,C94)/3600000 -> 12.6549 | AE94: =IF(AND(K94<=H_max,H94<=300,OR(lane_policy="Free (optimize N_C)",B94=sku_pal),OR(env_use="No",AND(I94<=L_bldg,J94<=W_bldg),AND(I94<=W_bldg,J94<=L_bldg))),1,0) -> 0 | AF94: =IF(obj_mode="Total cost",Z94,IF(obj_mode="Shuttle cycle",O94,T94)) -> 2237851 | AG94: =IF(AE94=1,AF94*(1+A94*0.0000000001),1E+099) -> 1e+99 | AH94: =IF(AE94=1,"",IF(K94>H_max,"height",IF(AND(lane_policy<>"Free (optimize N_C)",B94<>sku_pal),"lane policy","footprint"))) -> footprint
A95: 88 | B95: =$F$3 -> 6 | C95: 8 | D95: =INDEX(Tc_pl,C95) -> 0.6 | E95: =INDEX(Tc_S,C95) -> 45.09881 | F95: =lam_total*D95*E95/3600 -> 0.75164683 | G95: =IF(F95<=0.000000000001,0,MAX(ROUNDUP(F95/rho_max-0.000000001,0),IF(redund="Yes",ROUNDUP(F95/rho_fail-0.000000001,0)+1,0))) -> 2 | H95: =MAX(1,ROUNDUP((P_req/(B95*C95)+G95*lpl)/2-0.000000001,0)) -> 53 | I95: =H95*u_w -> 53 | J95: =2*B95*u_d+aisle_w -> 16.9 | K95: =C95*u_h -> 17.2 | L95: =IF(G95=0,I95,I95/(2*G95)) -> 13.25 | M95: =((IF((lane_off+(L95))<=(v_sh^2/a_sh),(4/3)*(lane_off+(L95))^1.5/SQRT(a_sh),(4/3)*(v_sh^2/a_sh)^1.5/SQRT(a_sh)+((lane_off+(L95))^2-(v_sh^2/a_sh)^2)/(2*v_sh)+(v_sh/a_sh)*((lane_off+(L95))-(v_sh^2/a_sh))))-(IF((lane_off)<=(v_sh^2/a_sh),(4/3)*(lane_off)^1.5/SQRT(a_sh),(4/3)*(v_sh^2/a_sh)^1.5/SQRT(a_sh)+((lane_off)^2-(v_sh^2/a_sh)^2)/(2*v_sh)+(v_sh/a_sh)*((lane_off)-(v_sh^2/a_sh)))))/(L95) -> 8.4319839 | N95: =IF(((B95-1)*u_d/2*(1+f_hc)+lane_off)<=0,0,IF(((B95-1)*u_d/2*(1+f_hc)+lane_off)>=v_sh^2/a_sh,((B95-1)*u_d/2*(1+f_hc)+lane_off)/v_sh+v_sh/a_sh,2*SQRT(((B95-1)*u_d/2*(1+f_hc)+lane_off)/a_sh))) -> 6.5142857 | O95: =2*t_sh+2*t_turn+2*M95+2*N95 -> 87.892539 | P95: =SUMPRODUCT((Tc_idx<=C95)*(ROUNDUP(lam_total*INDEX(Tc_P,C95,0)*O95/(3600*rho_max)-0.000000001,0)+(ROUNDUP(lam_total*INDEX(Tc_P,C95,0)*O95/(3600*rho_max)-0.000000001,0)<min_sh)*(min_sh-ROUNDUP(lam_total*INDEX(Tc_P,C95,0)*O95/(3600*rho_max)-0.000000001,0)))) -> 10 | Q95: =ROUNDUP(P95-0.000000001,0)+spares -> 12 | R95: =B95*C95*(2*H95-G95*lpl) -> 4800 | S95: =R95*fill -> 4080 | T95: =I95*J95 -> 895.7 | U95: =T95*(K95+headroom) -> 16749.59 | V95: =G95*c_lift -> 300000 | W95: =Q95*c_shut -> 600000 | X95: =R95*c_pos -> 480000 | Y95: =T95*c_m2+U95*c_m3 -> 860767.7 | Z95: =SUM(V95:Y95) -> 2240767.7 | AA95: =B95*u_d/(H95*u_w) -> 0.14716981 | AB95: =IF(G95=0,0,F95/G95) -> 0.37582341 | AC95: =IF(G95>1,F95/(G95-1),"n/a") -> 0.75164683 | AD95: =moves_day*m_pallet*9.81*INDEX(Tc_mh,C95)/3600000 -> 12.93612 | AE95: =IF(AND(K95<=H_max,H95<=300,OR(lane_policy="Free (optimize N_C)",B95=sku_pal),OR(env_use="No",AND(I95<=L_bldg,J95<=W_bldg),AND(I95<=W_bldg,J95<=L_bldg))),1,0) -> 0 | AF95: =IF(obj_mode="Total cost",Z95,IF(obj_mode="Shuttle cycle",O95,T95)) -> 2240767.7 | AG95: =IF(AE95=1,AF95*(1+A95*0.0000000001),1E+099) -> 1e+99 | AH95: =IF(AE95=1,"",IF(K95>H_max,"height",IF(AND(lane_policy<>"Free (optimize N_C)",B95<>sku_pal),"lane policy","footprint"))) -> footprint
A96: 89 | B96: =$F$3 -> 6 | C96: 9 | D96: =INDEX(Tc_pl,C96) -> 0.6 | E96: =INDEX(Tc_S,C96) -> 45.277976 | F96: =lam_total*D96*E96/3600 -> 0.75463294 | G96: =IF(F96<=0.000000000001,0,MAX(ROUNDUP(F96/rho_max-0.000000001,0),IF(redund="Yes",ROUNDUP(F96/rho_fail-0.000000001,0)+1,0))) -> 2 | H96: =MAX(1,ROUNDUP((P_req/(B96*C96)+G96*lpl)/2-0.000000001,0)) -> 47 | I96: =H96*u_w -> 47 | J96: =2*B96*u_d+aisle_w -> 16.9 | K96: =C96*u_h -> 19.35 | L96: =IF(G96=0,I96,I96/(2*G96)) -> 11.75 | M96: =((IF((lane_off+(L96))<=(v_sh^2/a_sh),(4/3)*(lane_off+(L96))^1.5/SQRT(a_sh),(4/3)*(v_sh^2/a_sh)^1.5/SQRT(a_sh)+((lane_off+(L96))^2-(v_sh^2/a_sh)^2)/(2*v_sh)+(v_sh/a_sh)*((lane_off+(L96))-(v_sh^2/a_sh))))-(IF((lane_off)<=(v_sh^2/a_sh),(4/3)*(lane_off)^1.5/SQRT(a_sh),(4/3)*(v_sh^2/a_sh)^1.5/SQRT(a_sh)+((lane_off)^2-(v_sh^2/a_sh)^2)/(2*v_sh)+(v_sh/a_sh)*((lane_off)-(v_sh^2/a_sh)))))/(L96) -> 7.8926019 | N96: =IF(((B96-1)*u_d/2*(1+f_hc)+lane_off)<=0,0,IF(((B96-1)*u_d/2*(1+f_hc)+lane_off)>=v_sh^2/a_sh,((B96-1)*u_d/2*(1+f_hc)+lane_off)/v_sh+v_sh/a_sh,2*SQRT(((B96-1)*u_d/2*(1+f_hc)+lane_off)/a_sh))) -> 6.5142857 | O96: =2*t_sh+2*t_turn+2*M96+2*N96 -> 86.813775 | P96: =SUMPRODUCT((Tc_idx<=C96)*(ROUNDUP(lam_total*INDEX(Tc_P,C96,0)*O96/(3600*rho_max)-0.000000001,0)+(ROUNDUP(lam_total*INDEX(Tc_P,C96,0)*O96/(3600*rho_max)-0.000000001,0)<min_sh)*(min_sh-ROUNDUP(lam_total*INDEX(Tc_P,C96,0)*O96/(3600*rho_max)-0.000000001,0)))) -> 11 | Q96: =ROUNDUP(P96-0.000000001,0)+spares -> 13 | R96: =B96*C96*(2*H96-G96*lpl) -> 4752 | S96: =R96*fill -> 4039.2 | T96: =I96*J96 -> 794.3 | U96: =T96*(K96+headroom) -> 16561.155 | V96: =G96*c_lift -> 300000 | W96: =Q96*c_shut -> 650000 | X96: =R96*c_pos -> 475200 | Y96: =T96*c_m2+U96*c_m3 -> 814554.65 | Z96: =SUM(V96:Y96) -> 2239754.6 | AA96: =B96*u_d/(H96*u_w) -> 0.16595745 | AB96: =IF(G96=0,0,F96/G96) -> 0.37731647 | AC96: =IF(G96>1,F96/(G96-1),"n/a") -> 0.75463294 | AD96: =moves_day*m_pallet*9.81*INDEX(Tc_mh,C96)/3600000 -> 13.21734 | AE96: =IF(AND(K96<=H_max,H96<=300,OR(lane_policy="Free (optimize N_C)",B96=sku_pal),OR(env_use="No",AND(I96<=L_bldg,J96<=W_bldg),AND(I96<=W_bldg,J96<=L_bldg))),1,0) -> 0 | AF96: =IF(obj_mode="Total cost",Z96,IF(obj_mode="Shuttle cycle",O96,T96)) -> 2239754.6 | AG96: =IF(AE96=1,AF96*(1+A96*0.0000000001),1E+099) -> 1e+99 | AH96: =IF(AE96=1,"",IF(K96>H_max,"height",IF(AND(lane_policy<>"Free (optimize N_C)",B96<>sku_pal),"lane policy","footprint"))) -> footprint
A97: 90 | B97: =$F$3 -> 6 | C97: 10 | D97: =INDEX(Tc_pl,C97) -> 0.6 | E97: =INDEX(Tc_S,C97) -> 45.457143 | F97: =lam_total*D97*E97/3600 -> 0.75761905 | G97: =IF(F97<=0.000000000001,0,MAX(ROUNDUP(F97/rho_max-0.000000001,0),IF(redund="Yes",ROUNDUP(F97/rho_fail-0.000000001,0)+1,0))) -> 2 | H97: =MAX(1,ROUNDUP((P_req/(B97*C97)+G97*lpl)/2-0.000000001,0)) -> 43 | I97: =H97*u_w -> 43 | J97: =2*B97*u_d+aisle_w -> 16.9 | K97: =C97*u_h -> 21.5 | L97: =IF(G97=0,I97,I97/(2*G97)) -> 10.75 | M97: =((IF((lane_off+(L97))<=(v_sh^2/a_sh),(4/3)*(lane_off+(L97))^1.5/SQRT(a_sh),(4/3)*(v_sh^2/a_sh)^1.5/SQRT(a_sh)+((lane_off+(L97))^2-(v_sh^2/a_sh)^2)/(2*v_sh)+(v_sh/a_sh)*((lane_off+(L97))-(v_sh^2/a_sh))))-(IF((lane_off)<=(v_sh^2/a_sh),(4/3)*(lane_off)^1.5/SQRT(a_sh),(4/3)*(v_sh^2/a_sh)^1.5/SQRT(a_sh)+((lane_off)^2-(v_sh^2/a_sh)^2)/(2*v_sh)+(v_sh/a_sh)*((lane_off)-(v_sh^2/a_sh)))))/(L97) -> 7.5324452 | N97: =IF(((B97-1)*u_d/2*(1+f_hc)+lane_off)<=0,0,IF(((B97-1)*u_d/2*(1+f_hc)+lane_off)>=v_sh^2/a_sh,((B97-1)*u_d/2*(1+f_hc)+lane_off)/v_sh+v_sh/a_sh,2*SQRT(((B97-1)*u_d/2*(1+f_hc)+lane_off)/a_sh))) -> 6.5142857 | O97: =2*t_sh+2*t_turn+2*M97+2*N97 -> 86.093462 | P97: =SUMPRODUCT((Tc_idx<=C97)*(ROUNDUP(lam_total*INDEX(Tc_P,C97,0)*O97/(3600*rho_max)-0.000000001,0)+(ROUNDUP(lam_total*INDEX(Tc_P,C97,0)*O97/(3600*rho_max)-0.000000001,0)<min_sh)*(min_sh-ROUNDUP(lam_total*INDEX(Tc_P,C97,0)*O97/(3600*rho_max)-0.000000001,0)))) -> 12 | Q97: =ROUNDUP(P97-0.000000001,0)+spares -> 14 | R97: =B97*C97*(2*H97-G97*lpl) -> 4800 | S97: =R97*fill -> 4080 | T97: =I97*J97 -> 726.7 | U97: =T97*(K97+headroom) -> 16714.1 | V97: =G97*c_lift -> 300000 | W97: =Q97*c_shut -> 700000 | X97: =R97*c_pos -> 480000 | Y97: =T97*c_m2+U97*c_m3 -> 792103 | Z97: =SUM(V97:Y97) -> 2272103 | AA97: =B97*u_d/(H97*u_w) -> 0.18139535 | AB97: =IF(G97=0,0,F97/G97) -> 0.37880952 | AC97: =IF(G97>1,F97/(G97-1),"n/a") -> 0.75761905 | AD97: =moves_day*m_pallet*9.81*INDEX(Tc_mh,C97)/3600000 -> 13.49856 | AE97: =IF(AND(K97<=H_max,H97<=300,OR(lane_policy="Free (optimize N_C)",B97=sku_pal),OR(env_use="No",AND(I97<=L_bldg,J97<=W_bldg),AND(I97<=W_bldg,J97<=L_bldg))),1,0) -> 0 | AF97: =IF(obj_mode="Total cost",Z97,IF(obj_mode="Shuttle cycle",O97,T97)) -> 2272103 | AG97: =IF(AE97=1,AF97*(1+A97*0.0000000001),1E+099) -> 1e+99 | AH97: =IF(AE97=1,"",IF(K97>H_max,"height",IF(AND(lane_policy<>"Free (optimize N_C)",B97<>sku_pal),"lane policy","footprint"))) -> height
A98: 91 | B98: =$F$3 -> 6 | C98: 11 | D98: =INDEX(Tc_pl,C98) -> 0.6 | E98: =INDEX(Tc_S,C98) -> 45.63631 | F98: =lam_total*D98*E98/3600 -> 0.76060516 | G98: =IF(F98<=0.000000000001,0,MAX(ROUNDUP(F98/rho_max-0.000000001,0),IF(redund="Yes",ROUNDUP(F98/rho_fail-0.000000001,0)+1,0))) -> 2 | H98: =MAX(1,ROUNDUP((P_req/(B98*C98)+G98*lpl)/2-0.000000001,0)) -> 39 | I98: =H98*u_w -> 39 | J98: =2*B98*u_d+aisle_w -> 16.9 | K98: =C98*u_h -> 23.65 | L98: =IF(G98=0,I98,I98/(2*G98)) -> 9.75 | M98: =((IF((lane_off+(L98))<=(v_sh^2/a_sh),(4/3)*(lane_off+(L98))^1.5/SQRT(a_sh),(4/3)*(v_sh^2/a_sh)^1.5/SQRT(a_sh)+((lane_off+(L98))^2-(v_sh^2/a_sh)^2)/(2*v_sh)+(v_sh/a_sh)*((lane_off+(L98))-(v_sh^2/a_sh))))-(IF((lane_off)<=(v_sh^2/a_sh),(4/3)*(lane_off)^1.5/SQRT(a_sh),(4/3)*(v_sh^2/a_sh)^1.5/SQRT(a_sh)+((lane_off)^2-(v_sh^2/a_sh)^2)/(2*v_sh)+(v_sh/a_sh)*((lane_off)-(v_sh^2/a_sh)))))/(L98) -> 7.1716704 | N98: =IF(((B98-1)*u_d/2*(1+f_hc)+lane_off)<=0,0,IF(((B98-1)*u_d/2*(1+f_hc)+lane_off)>=v_sh^2/a_sh,((B98-1)*u_d/2*(1+f_hc)+lane_off)/v_sh+v_sh/a_sh,2*SQRT(((B98-1)*u_d/2*(1+f_hc)+lane_off)/a_sh))) -> 6.5142857 | O98: =2*t_sh+2*t_turn+2*M98+2*N98 -> 85.371912 | P98: =SUMPRODUCT((Tc_idx<=C98)*(ROUNDUP(lam_total*INDEX(Tc_P,C98,0)*O98/(3600*rho_max)-0.000000001,0)+(ROUNDUP(lam_total*INDEX(Tc_P,C98,0)*O98/(3600*rho_max)-0.000000001,0)<min_sh)*(min_sh-ROUNDUP(lam_total*INDEX(Tc_P,C98,0)*O98/(3600*rho_max)-0.000000001,0)))) -> 13 | Q98: =ROUNDUP(P98-0.000000001,0)+spares -> 15 | R98: =B98*C98*(2*H98-G98*lpl) -> 4752 | S98: =R98*fill -> 4039.2 | T98: =I98*J98 -> 659.1 | U98: =T98*(K98+headroom) -> 16576.365 | V98: =G98*c_lift -> 300000 | W98: =Q98*c_shut -> 750000 | X98: =R98*c_pos -> 475200 | Y98: =T98*c_m2+U98*c_m3 -> 760930.95 | Z98: =SUM(V98:Y98) -> 2286131 | AA98: =B98*u_d/(H98*u_w) -> 0.2 | AB98: =IF(G98=0,0,F98/G98) -> 0.38030258 | AC98: =IF(G98>1,F98/(G98-1),"n/a") -> 0.76060516 | AD98: =moves_day*m_pallet*9.81*INDEX(Tc_mh,C98)/3600000 -> 13.77978 | AE98: =IF(AND(K98<=H_max,H98<=300,OR(lane_policy="Free (optimize N_C)",B98=sku_pal),OR(env_use="No",AND(I98<=L_bldg,J98<=W_bldg),AND(I98<=W_bldg,J98<=L_bldg))),1,0) -> 0 | AF98: =IF(obj_mode="Total cost",Z98,IF(obj_mode="Shuttle cycle",O98,T98)) -> 2286131 | AG98: =IF(AE98=1,AF98*(1+A98*0.0000000001),1E+099) -> 1e+99 | AH98: =IF(AE98=1,"",IF(K98>H_max,"height",IF(AND(lane_policy<>"Free (optimize N_C)",B98<>sku_pal),"lane policy","footprint"))) -> height
A99: 92 | B99: =$F$3 -> 6 | C99: 12 | D99: =INDEX(Tc_pl,C99) -> 0.6 | E99: =INDEX(Tc_S,C99) -> 45.815476 | F99: =lam_total*D99*E99/3600 -> 0.76359127 | G99: =IF(F99<=0.000000000001,0,MAX(ROUNDUP(F99/rho_max-0.000000001,0),IF(redund="Yes",ROUNDUP(F99/rho_fail-0.000000001,0)+1,0))) -> 2 | H99: =MAX(1,ROUNDUP((P_req/(B99*C99)+G99*lpl)/2-0.000000001,0)) -> 36 | I99: =H99*u_w -> 36 | J99: =2*B99*u_d+aisle_w -> 16.9 | K99: =C99*u_h -> 25.8 | L99: =IF(G99=0,I99,I99/(2*G99)) -> 9 | M99: =((IF((lane_off+(L99))<=(v_sh^2/a_sh),(4/3)*(lane_off+(L99))^1.5/SQRT(a_sh),(4/3)*(v_sh^2/a_sh)^1.5/SQRT(a_sh)+((lane_off+(L99))^2-(v_sh^2/a_sh)^2)/(2*v_sh)+(v_sh/a_sh)*((lane_off+(L99))-(v_sh^2/a_sh))))-(IF((lane_off)<=(v_sh^2/a_sh),(4/3)*(lane_off)^1.5/SQRT(a_sh),(4/3)*(v_sh^2/a_sh)^1.5/SQRT(a_sh)+((lane_off)^2-(v_sh^2/a_sh)^2)/(2*v_sh)+(v_sh/a_sh)*((lane_off)-(v_sh^2/a_sh)))))/(L99) -> 6.9005596 | N99: =IF(((B99-1)*u_d/2*(1+f_hc)+lane_off)<=0,0,IF(((B99-1)*u_d/2*(1+f_hc)+lane_off)>=v_sh^2/a_sh,((B99-1)*u_d/2*(1+f_hc)+lane_off)/v_sh+v_sh/a_sh,2*SQRT(((B99-1)*u_d/2*(1+f_hc)+lane_off)/a_sh))) -> 6.5142857 | O99: =2*t_sh+2*t_turn+2*M99+2*N99 -> 84.829691 | P99: =SUMPRODUCT((Tc_idx<=C99)*(ROUNDUP(lam_total*INDEX(Tc_P,C99,0)*O99/(3600*rho_max)-0.000000001,0)+(ROUNDUP(lam_total*INDEX(Tc_P,C99,0)*O99/(3600*rho_max)-0.000000001,0)<min_sh)*(min_sh-ROUNDUP(lam_total*INDEX(Tc_P,C99,0)*O99/(3600*rho_max)-0.000000001,0)))) -> 14 | Q99: =ROUNDUP(P99-0.000000001,0)+spares -> 16 | R99: =B99*C99*(2*H99-G99*lpl) -> 4752 | S99: =R99*fill -> 4039.2 | T99: =I99*J99 -> 608.4 | U99: =T99*(K99+headroom) -> 16609.32 | V99: =G99*c_lift -> 300000 | W99: =Q99*c_shut -> 800000 | X99: =R99*c_pos -> 475200 | Y99: =T99*c_m2+U99*c_m3 -> 741639.6 | Z99: =SUM(V99:Y99) -> 2316839.6 | AA99: =B99*u_d/(H99*u_w) -> 0.21666667 | AB99: =IF(G99=0,0,F99/G99) -> 0.38179563 | AC99: =IF(G99>1,F99/(G99-1),"n/a") -> 0.76359127 | AD99: =moves_day*m_pallet*9.81*INDEX(Tc_mh,C99)/3600000 -> 14.061 | AE99: =IF(AND(K99<=H_max,H99<=300,OR(lane_policy="Free (optimize N_C)",B99=sku_pal),OR(env_use="No",AND(I99<=L_bldg,J99<=W_bldg),AND(I99<=W_bldg,J99<=L_bldg))),1,0) -> 0 | AF99: =IF(obj_mode="Total cost",Z99,IF(obj_mode="Shuttle cycle",O99,T99)) -> 2316839.6 | AG99: =IF(AE99=1,AF99*(1+A99*0.0000000001),1E+099) -> 1e+99 | AH99: =IF(AE99=1,"",IF(K99>H_max,"height",IF(AND(lane_policy<>"Free (optimize N_C)",B99<>sku_pal),"lane policy","footprint"))) -> height
... A107: 100 | B107: =$F$3 -> 6 | C107: 20 | D107: =INDEX(Tc_pl,C107) -> 0.6 | E107: =INDEX(Tc_S,C107) -> 47.24881 | F107: =lam_total*D107*E107/3600 -> 0.78748016 | G107: =IF(F107<=0.000000000001,0,MAX(ROUNDUP(F107/rho_max-0.000000001,0),IF(redund="Yes",ROUNDUP(F107/rho_fail-0.000000001,0)+1,0))) -> 2 | H107: =MAX(1,ROUNDUP((P_req/(B107*C107)+G107*lpl)/2-0.000000001,0)) -> 23 | I107: =H107*u_w -> 23 | J107: =2*B107*u_d+aisle_w -> 16.9 | K107: =C107*u_h -> 43 | L107: =IF(G107=0,I107,I107/(2*G107)) -> 5.75 | M107: =((IF((lane_off+(L107))<=(v_sh^2/a_sh),(4/3)*(lane_off+(L107))^1.5/SQRT(a_sh),(4/3)*(v_sh^2/a_sh)^1.5/SQRT(a_sh)+((lane_off+(L107))^2-(v_sh^2/a_sh)^2)/(2*v_sh)+(v_sh/a_sh)*((lane_off+(L107))-(v_sh^2/a_sh))))-(IF((lane_off)<=(v_sh^2/a_sh),(4/3)*(lane_off)^1.5/SQRT(a_sh),(4/3)*(v_sh^2/a_sh)^1.5/SQRT(a_sh)+((lane_off)^2-(v_sh^2/a_sh)^2)/(2*v_sh)+(v_sh/a_sh)*((lane_off)-(v_sh^2/a_sh)))))/(L107) -> 5.715938 | N107: =IF(((B107-1)*u_d/2*(1+f_hc)+lane_off)<=0,0,IF(((B107-1)*u_d/2*(1+f_hc)+lane_off)>=v_sh^2/a_sh,((B107-1)*u_d/2*(1+f_hc)+lane_off)/v_sh+v_sh/a_sh,2*SQRT(((B107-1)*u_d/2*(1+f_hc)+lane_off)/a_sh))) -> 6.5142857 | O107: =2*t_sh+2*t_turn+2*M107+2*N107 -> 82.460447 | P107: =SUMPRODUCT((Tc_idx<=C107)*(ROUNDUP(lam_total*INDEX(Tc_P,C107,0)*O107/(3600*rho_max)-0.000000001,0)+(ROUNDUP(lam_total*INDEX(Tc_P,C107,0)*O107/(3600*rho_max)-0.000000001,0)<min_sh)*(min_sh-ROUNDUP(lam_total*INDEX(Tc_P,C107,0)*O107/(3600*rho_max)-0.000000001,0)))) -> 22 | Q107: =ROUNDUP(P107-0.000000001,0)+spares -> 24 | R107: =B107*C107*(2*H107-G107*lpl) -> 4800 | S107: =R107*fill -> 4080 | T107: =I107*J107 -> 388.7 | U107: =T107*(K107+headroom) -> 17297.15 | V107: =G107*c_lift -> 300000 | W107: =Q107*c_shut -> 1200000 | X107: =R107*c_pos -> 480000 | Y107: =T107*c_m2+U107*c_m3 -> 674394.5 | Z107: =SUM(V107:Y107) -> 2654394.5 | AA107: =B107*u_d/(H107*u_w) -> 0.33913043 | AB107: =IF(G107=0,0,F107/G107) -> 0.39374008 | AC107: =IF(G107>1,F107/(G107-1),"n/a") -> 0.78748016 | AD107: =moves_day*m_pallet*9.81*INDEX(Tc_mh,C107)/3600000 -> 16.31076 | AE107: =IF(AND(K107<=H_max,H107<=300,OR(lane_policy="Free (optimize N_C)",B107=sku_pal),OR(env_use="No",AND(I107<=L_bldg,J107<=W_bldg),AND(I107<=W_bldg,J107<=L_bldg))),1,0) -> 0 | AF107: =IF(obj_mode="Total cost",Z107,IF(obj_mode="Shuttle cycle",O107,T107)) -> 2654394.5 | AG107: =IF(AE107=1,AF107*(1+A107*0.0000000001),1E+099) -> 1e+99 | AH107: =IF(AE107=1,"",IF(K107>H_max,"height",IF(AND(lane_policy<>"Free (optimize N_C)",B107<>sku_pal),"lane policy","footprint"))) -> height
A108: 101 | B108: =$G$3 -> 8 | C108: 1 | D108: =INDEX(Tc_pl,C108) -> 0 | E108: =INDEX(Tc_S,C108) -> 0 | F108: =lam_total*D108*E108/3600 -> 0 | G108: =IF(F108<=0.000000000001,0,MAX(ROUNDUP(F108/rho_max-0.000000001,0),IF(redund="Yes",ROUNDUP(F108/rho_fail-0.000000001,0)+1,0))) -> 0 | H108: =MAX(1,ROUNDUP((P_req/(B108*C108)+G108*lpl)/2-0.000000001,0)) -> 295 | I108: =H108*u_w -> 295 | J108: =2*B108*u_d+aisle_w -> 22.1 | K108: =C108*u_h -> 2.15 | L108: =IF(G108=0,I108,I108/(2*G108)) -> 295 | M108: =((IF((lane_off+(L108))<=(v_sh^2/a_sh),(4/3)*(lane_off+(L108))^1.5/SQRT(a_sh),(4/3)*(v_sh^2/a_sh)^1.5/SQRT(a_sh)+((lane_off+(L108))^2-(v_sh^2/a_sh)^2)/(2*v_sh)+(v_sh/a_sh)*((lane_off+(L108))-(v_sh^2/a_sh))))-(IF((lane_off)<=(v_sh^2/a_sh),(4/3)*(lane_off)^1.5/SQRT(a_sh),(4/3)*(v_sh^2/a_sh)^1.5/SQRT(a_sh)+((lane_off)^2-(v_sh^2/a_sh)^2)/(2*v_sh)+(v_sh/a_sh)*((lane_off)-(v_sh^2/a_sh)))))/(L108) -> 109.08442 | N108: =IF(((B108-1)*u_d/2*(1+f_hc)+lane_off)<=0,0,IF(((B108-1)*u_d/2*(1+f_hc)+lane_off)>=v_sh^2/a_sh,((B108-1)*u_d/2*(1+f_hc)+lane_off)/v_sh+v_sh/a_sh,2*SQRT(((B108-1)*u_d/2*(1+f_hc)+lane_off)/a_sh))) -> 7.6285714 | O108: =2*t_sh+2*t_turn+2*M108+2*N108 -> 291.42599 | P108: =SUMPRODUCT((Tc_idx<=C108)*(ROUNDUP(lam_total*INDEX(Tc_P,C108,0)*O108/(3600*rho_max)-0.000000001,0)+(ROUNDUP(lam_total*INDEX(Tc_P,C108,0)*O108/(3600*rho_max)-0.000000001,0)<min_sh)*(min_sh-ROUNDUP(lam_total*INDEX(Tc_P,C108,0)*O108/(3600*rho_max)-0.000000001,0)))) -> 11 | Q108: =ROUNDUP(P108-0.000000001,0)+spares -> 13 | R108: =B108*C108*(2*H108-G108*lpl) -> 4720 | S108: =R108*fill -> 4012 | T108: =I108*J108 -> 6519.5 | U108: =T108*(K108+headroom) -> 23796.175 | V108: =G108*c_lift -> 0 | W108: =Q108*c_shut -> 650000 | X108: =R108*c_pos -> 472000 | Y108: =T108*c_m2+U108*c_m3 -> 3321685.2 | Z108: =SUM(V108:Y108) -> 4443685.2 | AA108: =B108*u_d/(H108*u_w) -> 0.035254237 | AB108: =IF(G108=0,0,F108/G108) -> 0 | AC108: =IF(G108>1,F108/(G108-1),"n/a") -> n/a | AD108: =moves_day*m_pallet*9.81*INDEX(Tc_mh,C108)/3600000 -> 0 | AE108: =IF(AND(K108<=H_max,H108<=300,OR(lane_policy="Free (optimize N_C)",B108=sku_pal),OR(env_use="No",AND(I108<=L_bldg,J108<=W_bldg),AND(I108<=W_bldg,J108<=L_bldg))),1,0) -> 0 | AF108: =IF(obj_mode="Total cost",Z108,IF(obj_mode="Shuttle cycle",O108,T108)) -> 4443685.2 | AG108: =IF(AE108=1,AF108*(1+A108*0.0000000001),1E+099) -> 1e+99 | AH108: =IF(AE108=1,"",IF(K108>H_max,"height",IF(AND(lane_policy<>"Free (optimize N_C)",B108<>sku_pal),"lane policy","footprint"))) -> footprint
A109: 102 | B109: =$G$3 -> 8 | C109: 2 | D109: =INDEX(Tc_pl,C109) -> 0.5 | E109: =INDEX(Tc_S,C109) -> 41.157143 | F109: =lam_total*D109*E109/3600 -> 0.57162698 | G109: =IF(F109<=0.000000000001,0,MAX(ROUNDUP(F109/rho_max-0.000000001,0),IF(redund="Yes",ROUNDUP(F109/rho_fail-0.000000001,0)+1,0))) -> 2 | H109: =MAX(1,ROUNDUP((P_req/(B109*C109)+G109*lpl)/2-0.000000001,0)) -> 151 | I109: =H109*u_w -> 151 | J109: =2*B109*u_d+aisle_w -> 22.1 | K109: =C109*u_h -> 4.3 | L109: =IF(G109=0,I109,I109/(2*G109)) -> 37.75 | M109: =((IF((lane_off+(L109))<=(v_sh^2/a_sh),(4/3)*(lane_off+(L109))^1.5/SQRT(a_sh),(4/3)*(v_sh^2/a_sh)^1.5/SQRT(a_sh)+((lane_off+(L109))^2-(v_sh^2/a_sh)^2)/(2*v_sh)+(v_sh/a_sh)*((lane_off+(L109))-(v_sh^2/a_sh))))-(IF((lane_off)<=(v_sh^2/a_sh),(4/3)*(lane_off)^1.5/SQRT(a_sh),(4/3)*(v_sh^2/a_sh)^1.5/SQRT(a_sh)+((lane_off)^2-(v_sh^2/a_sh)^2)/(2*v_sh)+(v_sh/a_sh)*((lane_off)-(v_sh^2/a_sh)))))/(L109) -> 17.20063 | N109: =IF(((B109-1)*u_d/2*(1+f_hc)+lane_off)<=0,0,IF(((B109-1)*u_d/2*(1+f_hc)+lane_off)>=v_sh^2/a_sh,((B109-1)*u_d/2*(1+f_hc)+lane_off)/v_sh+v_sh/a_sh,2*SQRT(((B109-1)*u_d/2*(1+f_hc)+lane_off)/a_sh))) -> 7.6285714 | O109: =2*t_sh+2*t_turn+2*M109+2*N109 -> 107.6584 | P109: =SUMPRODUCT((Tc_idx<=C109)*(ROUNDUP(lam_total*INDEX(Tc_P,C109,0)*O109/(3600*rho_max)-0.000000001,0)+(ROUNDUP(lam_total*INDEX(Tc_P,C109,0)*O109/(3600*rho_max)-0.000000001,0)<min_sh)*(min_sh-ROUNDUP(lam_total*INDEX(Tc_P,C109,0)*O109/(3600*rho_max)-0.000000001,0)))) -> 4 | Q109: =ROUNDUP(P109-0.000000001,0)+spares -> 6 | R109: =B109*C109*(2*H109-G109*lpl) -> 4736 | S109: =R109*fill -> 4025.6 | T109: =I109*J109 -> 3337.1 | U109: =T109*(K109+headroom) -> 19355.18 | V109: =G109*c_lift -> 300000 | W109: =Q109*c_shut -> 300000 | X109: =R109*c_pos -> 473600 | Y109: =T109*c_m2+U109*c_m3 -> 1915495.4 | Z109: =SUM(V109:Y109) -> 2989095.4 | AA109: =B109*u_d/(H109*u_w) -> 0.068874172 | AB109: =IF(G109=0,0,F109/G109) -> 0.28581349 | AC109: =IF(G109>1,F109/(G109-1),"n/a") -> 0.57162698 | AD109: =moves_day*m_pallet*9.81*INDEX(Tc_mh,C109)/3600000 -> 5.6244 | AE109: =IF(AND(K109<=H_max,H109<=300,OR(lane_policy="Free (optimize N_C)",B109=sku_pal),OR(env_use="No",AND(I109<=L_bldg,J109<=W_bldg),AND(I109<=W_bldg,J109<=L_bldg))),1,0) -> 0 | AF109: =IF(obj_mode="Total cost",Z109,IF(obj_mode="Shuttle cycle",O109,T109)) -> 2989095.4 | AG109: =IF(AE109=1,AF109*(1+A109*0.0000000001),1E+099) -> 1e+99 | AH109: =IF(AE109=1,"",IF(K109>H_max,"height",IF(AND(lane_policy<>"Free (optimize N_C)",B109<>sku_pal),"lane policy","footprint"))) -> footprint
A110: 103 | B110: =$G$3 -> 8 | C110: 3 | D110: =INDEX(Tc_pl,C110) -> 0.52941176 | E110: =INDEX(Tc_S,C110) -> 41.634921 | F110: =lam_total*D110*E110/3600 -> 0.61227824 | G110: =IF(F110<=0.000000000001,0,MAX(ROUNDUP(F110/rho_max-0.000000001,0),IF(redund="Yes",ROUNDUP(F110/rho_fail-0.000000001,0)+1,0))) -> 2 | H110: =MAX(1,ROUNDUP((P_req/(B110*C110)+G110*lpl)/2-0.000000001,0)) -> 102 | I110: =H110*u_w -> 102 | J110: =2*B110*u_d+aisle_w -> 22.1 | K110: =C110*u_h -> 6.45 | L110: =IF(G110=0,I110,I110/(2*G110)) -> 25.5 | M110: =((IF((lane_off+(L110))<=(v_sh^2/a_sh),(4/3)*(lane_off+(L110))^1.5/SQRT(a_sh),(4/3)*(v_sh^2/a_sh)^1.5/SQRT(a_sh)+((lane_off+(L110))^2-(v_sh^2/a_sh)^2)/(2*v_sh)+(v_sh/a_sh)*((lane_off+(L110))-(v_sh^2/a_sh))))-(IF((lane_off)<=(v_sh^2/a_sh),(4/3)*(lane_off)^1.5/SQRT(a_sh),(4/3)*(v_sh^2/a_sh)^1.5/SQRT(a_sh)+((lane_off)^2-(v_sh^2/a_sh)^2)/(2*v_sh)+(v_sh/a_sh)*((lane_off)-(v_sh^2/a_sh)))))/(L110) -> 12.820786 | N110: =IF(((B110-1)*u_d/2*(1+f_hc)+lane_off)<=0,0,IF(((B110-1)*u_d/2*(1+f_hc)+lane_off)>=v_sh^2/a_sh,((B110-1)*u_d/2*(1+f_hc)+lane_off)/v_sh+v_sh/a_sh,2*SQRT(((B110-1)*u_d/2*(1+f_hc)+lane_off)/a_sh))) -> 7.6285714 | O110: =2*t_sh+2*t_turn+2*M110+2*N110 -> 98.898714 | P110: =SUMPRODUCT((Tc_idx<=C110)*(ROUNDUP(lam_total*INDEX(Tc_P,C110,0)*O110/(3600*rho_max)-0.000000001,0)+(ROUNDUP(lam_total*INDEX(Tc_P,C110,0)*O110/(3600*rho_max)-0.000000001,0)<min_sh)*(min_sh-ROUNDUP(lam_total*INDEX(Tc_P,C110,0)*O110/(3600*rho_max)-0.000000001,0)))) -> 5 | Q110: =ROUNDUP(P110-0.000000001,0)+spares -> 7 | R110: =B110*C110*(2*H110-G110*lpl) -> 4752 | S110: =R110*fill -> 4039.2 | T110: =I110*J110 -> 2254.2 | U110: =T110*(K110+headroom) -> 17920.89 | V110: =G110*c_lift -> 300000 | W110: =Q110*c_shut -> 350000 | X110: =R110*c_pos -> 475200 | Y110: =T110*c_m2+U110*c_m3 -> 1439306.7 | Z110: =SUM(V110:Y110) -> 2564506.7 | AA110: =B110*u_d/(H110*u_w) -> 0.10196078 | AB110: =IF(G110=0,0,F110/G110) -> 0.30613912 | AC110: =IF(G110>1,F110/(G110-1),"n/a") -> 0.61227824 | AD110: =moves_day*m_pallet*9.81*INDEX(Tc_mh,C110)/3600000 -> 6.6169412 | AE110: =IF(AND(K110<=H_max,H110<=300,OR(lane_policy="Free (optimize N_C)",B110=sku_pal),OR(env_use="No",AND(I110<=L_bldg,J110<=W_bldg),AND(I110<=W_bldg,J110<=L_bldg))),1,0) -> 0 | AF110: =IF(obj_mode="Total cost",Z110,IF(obj_mode="Shuttle cycle",O110,T110)) -> 2564506.7 | AG110: =IF(AE110=1,AF110*(1+A110*0.0000000001),1E+099) -> 1e+99 | AH110: =IF(AE110=1,"",IF(K110>H_max,"height",IF(AND(lane_policy<>"Free (optimize N_C)",B110<>sku_pal),"lane policy","footprint"))) -> footprint
A111: 104 | B111: =$G$3 -> 8 | C111: 4 | D111: =INDEX(Tc_pl,C111) -> 0.55555556 | E111: =INDEX(Tc_S,C111) -> 42.447143 | F111: =lam_total*D111*E111/3600 -> 0.6550485 | G111: =IF(F111<=0.000000000001,0,MAX(ROUNDUP(F111/rho_max-0.000000001,0),IF(redund="Yes",ROUNDUP(F111/rho_fail-0.000000001,0)+1,0))) -> 2 | H111: =MAX(1,ROUNDUP((P_req/(B111*C111)+G111*lpl)/2-0.000000001,0)) -> 77 | I111: =H111*u_w -> 77 | J111: =2*B111*u_d+aisle_w -> 22.1 | K111: =C111*u_h -> 8.6 | L111: =IF(G111=0,I111,I111/(2*G111)) -> 19.25 | M111: =((IF((lane_off+(L111))<=(v_sh^2/a_sh),(4/3)*(lane_off+(L111))^1.5/SQRT(a_sh),(4/3)*(v_sh^2/a_sh)^1.5/SQRT(a_sh)+((lane_off+(L111))^2-(v_sh^2/a_sh)^2)/(2*v_sh)+(v_sh/a_sh)*((lane_off+(L111))-(v_sh^2/a_sh))))-(IF((lane_off)<=(v_sh^2/a_sh),(4/3)*(lane_off)^1.5/SQRT(a_sh),(4/3)*(v_sh^2/a_sh)^1.5/SQRT(a_sh)+((lane_off)^2-(v_sh^2/a_sh)^2)/(2*v_sh)+(v_sh/a_sh)*((lane_off)-(v_sh^2/a_sh)))))/(L111) -> 10.583796 | N111: =IF(((B111-1)*u_d/2*(1+f_hc)+lane_off)<=0,0,IF(((B111-1)*u_d/2*(1+f_hc)+lane_off)>=v_sh^2/a_sh,((B111-1)*u_d/2*(1+f_hc)+lane_off)/v_sh+v_sh/a_sh,2*SQRT(((B111-1)*u_d/2*(1+f_hc)+lane_off)/a_sh))) -> 7.6285714 | O111: =2*t_sh+2*t_turn+2*M111+2*N111 -> 94.424735 | P111: =SUMPRODUCT((Tc_idx<=C111)*(ROUNDUP(lam_total*INDEX(Tc_P,C111,0)*O111/(3600*rho_max)-0.000000001,0)+(ROUNDUP(lam_total*INDEX(Tc_P,C111,0)*O111/(3600*rho_max)-0.000000001,0)<min_sh)*(min_sh-ROUNDUP(lam_total*INDEX(Tc_P,C111,0)*O111/(3600*rho_max)-0.000000001,0)))) -> 6 | Q111: =ROUNDUP(P111-0.000000001,0)+spares -> 8 | R111: =B111*C111*(2*H111-G111*lpl) -> 4736 | S111: =R111*fill -> 4025.6 | T111: =I111*J111 -> 1701.7 | U111: =T111*(K111+headroom) -> 17187.17 | V111: =G111*c_lift -> 300000 | W111: =Q111*c_shut -> 400000 | X111: =R111*c_pos -> 473600 | Y111: =T111*c_m2+U111*c_m3 -> 1196295.1 | Z111: =SUM(V111:Y111) -> 2369895.1 | AA111: =B111*u_d/(H111*u_w) -> 0.13506494 | AB111: =IF(G111=0,0,F111/G111) -> 0.32752425 | AC111: =IF(G111>1,F111/(G111-1),"n/a") -> 0.6550485 | AD111: =moves_day*m_pallet*9.81*INDEX(Tc_mh,C111)/3600000 -> 8.1241333 | AE111: =IF(AND(K111<=H_max,H111<=300,OR(lane_policy="Free (optimize N_C)",B111=sku_pal),OR(env_use="No",AND(I111<=L_bldg,J111<=W_bldg),AND(I111<=W_bldg,J111<=L_bldg))),1,0) -> 0 | AF111: =IF(obj_mode="Total cost",Z111,IF(obj_mode="Shuttle cycle",O111,T111)) -> 2369895.1 | AG111: =IF(AE111=1,AF111*(1+A111*0.0000000001),1E+099) -> 1e+99 | AH111: =IF(AE111=1,"",IF(K111>H_max,"height",IF(AND(lane_policy<>"Free (optimize N_C)",B111<>sku_pal),"lane policy","footprint"))) -> footprint
A112: 105 | B112: =$G$3 -> 8 | C112: 5 | D112: =INDEX(Tc_pl,C112) -> 0.57894737 | E112: =INDEX(Tc_S,C112) -> 43.502597 | F112: =lam_total*D112*E112/3600 -> 0.69960317 | G112: =IF(F112<=0.000000000001,0,MAX(ROUNDUP(F112/rho_max-0.000000001,0),IF(redund="Yes",ROUNDUP(F112/rho_fail-0.000000001,0)+1,0))) -> 2 | H112: =MAX(1,ROUNDUP((P_req/(B112*C112)+G112*lpl)/2-0.000000001,0)) -> 62 | I112: =H112*u_w -> 62 | J112: =2*B112*u_d+aisle_w -> 22.1 | K112: =C112*u_h -> 10.75 | L112: =IF(G112=0,I112,I112/(2*G112)) -> 15.5 | M112: =((IF((lane_off+(L112))<=(v_sh^2/a_sh),(4/3)*(lane_off+(L112))^1.5/SQRT(a_sh),(4/3)*(v_sh^2/a_sh)^1.5/SQRT(a_sh)+((lane_off+(L112))^2-(v_sh^2/a_sh)^2)/(2*v_sh)+(v_sh/a_sh)*((lane_off+(L112))-(v_sh^2/a_sh))))-(IF((lane_off)<=(v_sh^2/a_sh),(4/3)*(lane_off)^1.5/SQRT(a_sh),(4/3)*(v_sh^2/a_sh)^1.5/SQRT(a_sh)+((lane_off)^2-(v_sh^2/a_sh)^2)/(2*v_sh)+(v_sh/a_sh)*((lane_off)-(v_sh^2/a_sh)))))/(L112) -> 9.2397258 | N112: =IF(((B112-1)*u_d/2*(1+f_hc)+lane_off)<=0,0,IF(((B112-1)*u_d/2*(1+f_hc)+lane_off)>=v_sh^2/a_sh,((B112-1)*u_d/2*(1+f_hc)+lane_off)/v_sh+v_sh/a_sh,2*SQRT(((B112-1)*u_d/2*(1+f_hc)+lane_off)/a_sh))) -> 7.6285714 | O112: =2*t_sh+2*t_turn+2*M112+2*N112 -> 91.736595 | P112: =SUMPRODUCT((Tc_idx<=C112)*(ROUNDUP(lam_total*INDEX(Tc_P,C112,0)*O112/(3600*rho_max)-0.000000001,0)+(ROUNDUP(lam_total*INDEX(Tc_P,C112,0)*O112/(3600*rho_max)-0.000000001,0)<min_sh)*(min_sh-ROUNDUP(lam_total*INDEX(Tc_P,C112,0)*O112/(3600*rho_max)-0.000000001,0)))) -> 7 | Q112: =ROUNDUP(P112-0.000000001,0)+spares -> 9 | R112: =B112*C112*(2*H112-G112*lpl) -> 4720 | S112: =R112*fill -> 4012 | T112: =I112*J112 -> 1370.2 | U112: =T112*(K112+headroom) -> 16784.95 | V112: =G112*c_lift -> 300000 | W112: =Q112*c_shut -> 450000 | X112: =R112*c_pos -> 472000 | Y112: =T112*c_m2+U112*c_m3 -> 1051628.5 | Z112: =SUM(V112:Y112) -> 2273628.5 | AA112: =B112*u_d/(H112*u_w) -> 0.16774194 | AB112: =IF(G112=0,0,F112/G112) -> 0.34980159 | AC112: =IF(G112>1,F112/(G112-1),"n/a") -> 0.69960317 | AD112: =moves_day*m_pallet*9.81*INDEX(Tc_mh,C112)/3600000 -> 10.064716 | AE112: =IF(AND(K112<=H_max,H112<=300,OR(lane_policy="Free (optimize N_C)",B112=sku_pal),OR(env_use="No",AND(I112<=L_bldg,J112<=W_bldg),AND(I112<=W_bldg,J112<=L_bldg))),1,0) -> 0 | AF112: =IF(obj_mode="Total cost",Z112,IF(obj_mode="Shuttle cycle",O112,T112)) -> 2273628.5 | AG112: =IF(AE112=1,AF112*(1+A112*0.0000000001),1E+099) -> 1e+99 | AH112: =IF(AE112=1,"",IF(K112>H_max,"height",IF(AND(lane_policy<>"Free (optimize N_C)",B112<>sku_pal),"lane policy","footprint"))) -> footprint
A113: 106 | B113: =$G$3 -> 8 | C113: 6 | D113: =INDEX(Tc_pl,C113) -> 0.6 | E113: =INDEX(Tc_S,C113) -> 44.740476 | F113: =lam_total*D113*E113/3600 -> 0.7456746 | G113: =IF(F113<=0.000000000001,0,MAX(ROUNDUP(F113/rho_max-0.000000001,0),IF(redund="Yes",ROUNDUP(F113/rho_fail-0.000000001,0)+1,0))) -> 2 | H113: =MAX(1,ROUNDUP((P_req/(B113*C113)+G113*lpl)/2-0.000000001,0)) -> 53 | I113: =H113*u_w -> 53 | J113: =2*B113*u_d+aisle_w -> 22.1 | K113: =C113*u_h -> 12.9 | L113: =IF(G113=0,I113,I113/(2*G113)) -> 13.25 | M113: =((IF((lane_off+(L113))<=(v_sh^2/a_sh),(4/3)*(lane_off+(L113))^1.5/SQRT(a_sh),(4/3)*(v_sh^2/a_sh)^1.5/SQRT(a_sh)+((lane_off+(L113))^2-(v_sh^2/a_sh)^2)/(2*v_sh)+(v_sh/a_sh)*((lane_off+(L113))-(v_sh^2/a_sh))))-(IF((lane_off)<=(v_sh^2/a_sh),(4/3)*(lane_off)^1.5/SQRT(a_sh),(4/3)*(v_sh^2/a_sh)^1.5/SQRT(a_sh)+((lane_off)^2-(v_sh^2/a_sh)^2)/(2*v_sh)+(v_sh/a_sh)*((lane_off)-(v_sh^2/a_sh)))))/(L113) -> 8.4319839 | N113: =IF(((B113-1)*u_d/2*(1+f_hc)+lane_off)<=0,0,IF(((B113-1)*u_d/2*(1+f_hc)+lane_off)>=v_sh^2/a_sh,((B113-1)*u_d/2*(1+f_hc)+lane_off)/v_sh+v_sh/a_sh,2*SQRT(((B113-1)*u_d/2*(1+f_hc)+lane_off)/a_sh))) -> 7.6285714 | O113: =2*t_sh+2*t_turn+2*M113+2*N113 -> 90.121111 | P113: =SUMPRODUCT((Tc_idx<=C113)*(ROUNDUP(lam_total*INDEX(Tc_P,C113,0)*O113/(3600*rho_max)-0.000000001,0)+(ROUNDUP(lam_total*INDEX(Tc_P,C113,0)*O113/(3600*rho_max)-0.000000001,0)<min_sh)*(min_sh-ROUNDUP(lam_total*INDEX(Tc_P,C113,0)*O113/(3600*rho_max)-0.000000001,0)))) -> 8 | Q113: =ROUNDUP(P113-0.000000001,0)+spares -> 10 | R113: =B113*C113*(2*H113-G113*lpl) -> 4800 | S113: =R113*fill -> 4080 | T113: =I113*J113 -> 1171.3 | U113: =T113*(K113+headroom) -> 16866.72 | V113: =G113*c_lift -> 300000 | W113: =Q113*c_shut -> 500000 | X113: =R113*c_pos -> 480000 | Y113: =T113*c_m2+U113*c_m3 -> 974521.6 | Z113: =SUM(V113:Y113) -> 2254521.6 | AA113: =B113*u_d/(H113*u_w) -> 0.19622642 | AB113: =IF(G113=0,0,F113/G113) -> 0.3728373 | AC113: =IF(G113>1,F113/(G113-1),"n/a") -> 0.7456746 | AD113: =moves_day*m_pallet*9.81*INDEX(Tc_mh,C113)/3600000 -> 12.37368 | AE113: =IF(AND(K113<=H_max,H113<=300,OR(lane_policy="Free (optimize N_C)",B113=sku_pal),OR(env_use="No",AND(I113<=L_bldg,J113<=W_bldg),AND(I113<=W_bldg,J113<=L_bldg))),1,0) -> 0 | AF113: =IF(obj_mode="Total cost",Z113,IF(obj_mode="Shuttle cycle",O113,T113)) -> 2254521.6 | AG113: =IF(AE113=1,AF113*(1+A113*0.0000000001),1E+099) -> 1e+99 | AH113: =IF(AE113=1,"",IF(K113>H_max,"height",IF(AND(lane_policy<>"Free (optimize N_C)",B113<>sku_pal),"lane policy","footprint"))) -> footprint
A114: 107 | B114: =$G$3 -> 8 | C114: 7 | D114: =INDEX(Tc_pl,C114) -> 0.6 | E114: =INDEX(Tc_S,C114) -> 44.919643 | F114: =lam_total*D114*E114/3600 -> 0.74866071 | G114: =IF(F114<=0.000000000001,0,MAX(ROUNDUP(F114/rho_max-0.000000001,0),IF(redund="Yes",ROUNDUP(F114/rho_fail-0.000000001,0)+1,0))) -> 2 | H114: =MAX(1,ROUNDUP((P_req/(B114*C114)+G114*lpl)/2-0.000000001,0)) -> 46 | I114: =H114*u_w -> 46 | J114: =2*B114*u_d+aisle_w -> 22.1 | K114: =C114*u_h -> 15.05 | L114: =IF(G114=0,I114,I114/(2*G114)) -> 11.5 | M114: =((IF((lane_off+(L114))<=(v_sh^2/a_sh),(4/3)*(lane_off+(L114))^1.5/SQRT(a_sh),(4/3)*(v_sh^2/a_sh)^1.5/SQRT(a_sh)+((lane_off+(L114))^2-(v_sh^2/a_sh)^2)/(2*v_sh)+(v_sh/a_sh)*((lane_off+(L114))-(v_sh^2/a_sh))))-(IF((lane_off)<=(v_sh^2/a_sh),(4/3)*(lane_off)^1.5/SQRT(a_sh),(4/3)*(v_sh^2/a_sh)^1.5/SQRT(a_sh)+((lane_off)^2-(v_sh^2/a_sh)^2)/(2*v_sh)+(v_sh/a_sh)*((lane_off)-(v_sh^2/a_sh)))))/(L114) -> 7.8026119 | N114: =IF(((B114-1)*u_d/2*(1+f_hc)+lane_off)<=0,0,IF(((B114-1)*u_d/2*(1+f_hc)+lane_off)>=v_sh^2/a_sh,((B114-1)*u_d/2*(1+f_hc)+lane_off)/v_sh+v_sh/a_sh,2*SQRT(((B114-1)*u_d/2*(1+f_hc)+lane_off)/a_sh))) -> 7.6285714 | O114: =2*t_sh+2*t_turn+2*M114+2*N114 -> 88.862367 | P114: =SUMPRODUCT((Tc_idx<=C114)*(ROUNDUP(lam_total*INDEX(Tc_P,C114,0)*O114/(3600*rho_max)-0.000000001,0)+(ROUNDUP(lam_total*INDEX(Tc_P,C114,0)*O114/(3600*rho_max)-0.000000001,0)<min_sh)*(min_sh-ROUNDUP(lam_total*INDEX(Tc_P,C114,0)*O114/(3600*rho_max)-0.000000001,0)))) -> 9 | Q114: =ROUNDUP(P114-0.000000001,0)+spares -> 11 | R114: =B114*C114*(2*H114-G114*lpl) -> 4816 | S114: =R114*fill -> 4093.6 | T114: =I114*J114 -> 1016.6 | U114: =T114*(K114+headroom) -> 16824.73 | V114: =G114*c_lift -> 300000 | W114: =Q114*c_shut -> 550000 | X114: =R114*c_pos -> 481600 | Y114: =T114*c_m2+U114*c_m3 -> 911381.9 | Z114: =SUM(V114:Y114) -> 2242981.9 | AA114: =B114*u_d/(H114*u_w) -> 0.22608696 | AB114: =IF(G114=0,0,F114/G114) -> 0.37433036 | AC114: =IF(G114>1,F114/(G114-1),"n/a") -> 0.74866071 | AD114: =moves_day*m_pallet*9.81*INDEX(Tc_mh,C114)/3600000 -> 12.6549 | AE114: =IF(AND(K114<=H_max,H114<=300,OR(lane_policy="Free (optimize N_C)",B114=sku_pal),OR(env_use="No",AND(I114<=L_bldg,J114<=W_bldg),AND(I114<=W_bldg,J114<=L_bldg))),1,0) -> 0 | AF114: =IF(obj_mode="Total cost",Z114,IF(obj_mode="Shuttle cycle",O114,T114)) -> 2242981.9 | AG114: =IF(AE114=1,AF114*(1+A114*0.0000000001),1E+099) -> 1e+99 | AH114: =IF(AE114=1,"",IF(K114>H_max,"height",IF(AND(lane_policy<>"Free (optimize N_C)",B114<>sku_pal),"lane policy","footprint"))) -> footprint
