Workbook

Sheet README
A1: APW 2026/27 – Six-way shuttle warehouse: parametric model workbook
A3: What this is
A4: Analytical model of the 45×30×20 m warehouse with six-way shuttles and lifts, with the parameters N_C, N_L, N_T, number of lifts, f and the ABC split as inputs.
A5: It reproduces the numbers of the guide document and lets you run the sweeps for the presentation.
A7: How to use
A8: 1. Go to Inputs and edit only the blue cells on yellow background (data from the assignment and my assumptions are labelled).
A9: 2. Read the results in Model (design, capacity, shuttle cycle, lifts, fleet, checks).
A10: 3. Sweeps shows D/W, number of lifts, peak factor and honeycombing sweeps with two charts.
A11: 4. DES_validation compares the analytical model with the discrete-event simulation (Python script, static values).
A13: Sheets
A14: Inputs – parameters. Model – results and checks. Sweeps – parametric studies. Tiers and Lift_grid – helper calculations. DES_validation – simulation results.
A16: Colour code
... A29: A1 pitch 1.25 × 0.85 m; A2 vertical pitch 1.85 m (150 mm read as rail/beam); A3 generic six-way shuttle; A4 single-command cycles; A5 f = 0.2; A6 tier 1 at ground level; A7 pallets of 1000 kg.

Sheet Inputs
A1: INPUTS – edit only the blue cells on yellow background
A3: Parameter | B3: Value | C3: Unit | D3: Note / source
A4: Shuttle kinematics (assignment data)
A5: Shuttle max speed | B5: 1.4 | C5: m/s | D5: Assignment slide 'Kinematic parameters'
A6: Shuttle acceleration = deceleration | B6: 0.5 | C6: m/s² | D6: Assignment
A7: Direction change time | B7: 4 | C7: s | D7: Assignment ('transit time')
A8: Shuttle load/unload time (rack / conveyor) | B8: 25 | C8: s | D8: Assignment
A9: Lift kinematics (assignment data)
A10: Lift max speed | B10: 1 | C10: m/s | D10: Assignment
A11: Lift acceleration | B11: 0.7 | C11: m/s² | D11: Assignment
A12: Lift positioning time | B12: 1 | C12: s | D12: Assignment
A13: Lift load/unload with chain conveyor | B13: 7 | C13: s | D13: Assignment
A14: Lift load/unload with shuttle | B14: 25 | C14: s | D14: Assignment
A15: Lift interface at the tiers | B15: Shuttle | D15: 'Shuttle' = 25 s hand-over; 'Chain' = chain conveyor at each tier (7 s)
A16: Geometry
A17: Position pitch across lanes (u_w) | B17: 0.85 | C17: m | D17: ASSUMPTION A1: pallet 800 + 50 mm clearance
A18: Position pitch along lane (u_d) | B18: 1.25 | C18: m | D18: ASSUMPTION A1: pallet 1200 + 50 mm clearance
A19: Vertical pitch (u_h) | B19: 1.85 | C19: m | D19: ASSUMPTION A2: 1700 + 150 mm (to confirm with professor)
A20: Building height | B20: 20 | C20: m | D20: Assignment
A21: Building length | B21: 45 | C21: m | D21: Assignment
A22: Building width | B22: 30 | C22: m | D22: Assignment
A23: Cross-aisle width | B23: 1.5 | C23: m | D23: ASSUMPTION: shuttle 1045 x 890 mm + clearance
A24: Offset aisle centre -> first slot / lift | B24: 1 | C24: m | D24: ASSUMPTION (as in the guide document)
A25: Design variables
A26: N_C – positions per lane (depth) | B26: 6 | C26: pos | D26: Assignment: 6 unit loads per SKU
A27: N_L – lanes per side of the cross-aisle | B27: 44 | C27: lanes | D27: Design choice (aisle length = N_L x u_w)
A28: N_T – number of tiers (max 20) | B28: 10 | C28: tiers | D28: 20 m / 1.85 m = 10.8 -> 10
A29: Number of lifts | B29: 3 | C29: lifts | D29: Design choice (N+1)
A30: Lift layout along the aisle | B30: Equispaced | D30: 'Equispaced' = (2k-1)L/(2n); 'End' = single lift at the aisle end
A31: Honeycombing factor f | B31: 0.2 | C31: - | D31: ASSUMPTION A5 (paper tests 0 - 0.2)
A32: Lanes replaced by each lift shaft | B32: 3 | C32: lanes | D32: ASSUMPTION (one side of the aisle)
A33: Average fill ratio | B33: 0.85 | C33: - | D33: ASSUMPTION
A34: Required capacity | B34: 4000 | C34: pallets | D34: Assignment (> 4000)
A35: Flows (assignment data)
A36: Inbound rate (24 h/day) | B36: 40 | C36: pallets/h | D36: Assignment
A37: Outbound rate (16 h/day) | B37: 60 | C37: pallets/h | D37: Assignment
A38: Peak design factor | B38: 1 | C38: x | D38: 1.25 = +25 % margin
A39: Inbound hours per day | B39: 24 | C39: h | D39: Assignment
A40: Outbound hours per day | B40: 16 | C40: h | D40: Assignment
A41: ABC distribution of transactions over tiers
A42: Distribution used by the model | B42: ABC | D42: 'ABC' (A in lowest tiers) or 'Uniform'
A43: Tiers for class A | B43: 2 | C43: tiers | D43: Lowest tiers (near ground)
A44: Tiers for class B | B44: 3 | C44: tiers | D44: Next tiers; remaining tiers = class C
A45: Share of transactions class A | B45: 0.8 | C45: - | D45: 80/15/5 rule
A46: Share of transactions class B | B46: 0.15 | C46: -
A47: Share of transactions class C | B47: 0.05 | C47: -
A48: Energy, targets, sweeps
A49: Pallet mass for energy | B49: 1000 | C49: kg | D49: ASSUMPTION A7 (upper bound)
A50: Target max utilization | B50: 0.75 | C50: - | D50: Paper validates 70-90 %
A51: Spare shuttles (failures, battery rotation) | B51: 2 | C51: shuttles | D51: Design choice
A52: Sweep: N_C x N_L per side per tier | B52: 240 | C52: pos | D52: 480 positions per tier (D/W sweep)
A54: Shuttles assigned per tier (can be fractional for pooled/roaming shuttles)
A55: Tier | B55: Shuttles assigned | D55: Note
A56: 1 | B56: 2 | D56: Tiers 1-2: 2 shuttles each (class A, ABC); tiers 3-5: 1 each
A57: 2 | B57: 2
A58: 3 | B58: 1
A59: 4 | B59: 1
A60: 5 | B60: 1
A61: 6 | B61: 0.4 | D61: Tiers 6-10: 2 roaming shuttles shared = 0.4 per tier
A62: 7 | B62: 0.4
A63: 8 | B63: 0.4
A64: 9 | B64: 0.4
A65: 10 | B65: 0.4
A66: 11 | B66: 0
A67: 12 | B67: 0
A68: 13 | B68: 0
A69: 14 | B69: 0
A70: 15 | B70: 0
A71: 16 | B71: 0
A72: 17 | B72: 0
A73: 18 | B73: 0
... A75: 20 | B75: 0

Sheet Tiers
A1: TIER TABLE (helper sheet – formulas only)
A3: Tier | B3: Active | C3: Height h (m) | D3: p Uniform | E3: p ABC | F3: p selected | G3: Lift travel t(h) (s) | H3: Lift single cycle (s) | I3: q Uniform (tiers ≥2) | J3: q ABC (tiers ≥2) | K3: Tier load (tx/h) | L3: Shuttles assigned | M3: Shuttle utilization | N3: Status
A4: 1 | B4: =IF(A4<=N_T,1,0) -> 1 | C4: =IF(B4=1,(A4-1)*u_h,0) -> 0 | D4: =IF(B4=1,1/N_T,0) -> 0.1 | E4: =IF(B4=0,0,IF(A4<=nA,shareA/nA,IF(A4<=nA+nB,shareB/nB,IF(N_T-nA-nB>0,shareC/(N_T-nA-nB),0)))) -> 0.4 | F4: =IF(dist_mode="ABC",E4,D4) -> 0.4 | G4: =IF((C4)<=0,0,IF((C4)>=v_lift^2/a_lift,(C4)/v_lift+v_lift/a_lift,2*SQRT((C4)/a_lift))) -> 0 | H4: =IF(AND(A4>=2,B4=1),t_ch+t_I+2*G4+2*t_pos,0) -> 0 | I4: =IF(AND(A4>=2,B4=1),D4/(1-$D$4),0) -> 0 | J4: =IF(AND(A4>=2,B4=1),E4/(1-$E$4),0) -> 0 | K4: =lam_total*F4 -> 40 | L4: =Inputs!B56 -> 2 | M4: =IF(AND(B4=1,L4>0),K4*Tcyc_sh/3600/L4,"") -> 0.4538205 | N4: =IF(M4="","",IF(M4<=rho_max,"OK","CHECK")) -> OK
A5: 2 | B5: =IF(A5<=N_T,1,0) -> 1 | C5: =IF(B5=1,(A5-1)*u_h,0) -> 1.85 | D5: =IF(B5=1,1/N_T,0) -> 0.1 | E5: =IF(B5=0,0,IF(A5<=nA,shareA/nA,IF(A5<=nA+nB,shareB/nB,IF(N_T-nA-nB>0,shareC/(N_T-nA-nB),0)))) -> 0.4 | F5: =IF(dist_mode="ABC",E5,D5) -> 0.4 | G5: =IF((C5)<=0,0,IF((C5)>=v_lift^2/a_lift,(C5)/v_lift+v_lift/a_lift,2*SQRT((C5)/a_lift))) -> 3.2785714 | H5: =IF(AND(A5>=2,B5=1),t_ch+t_I+2*G5+2*t_pos,0) -> 40.557143 | I5: =IF(AND(A5>=2,B5=1),D5/(1-$D$4),0) -> 0.11111111 | J5: =IF(AND(A5>=2,B5=1),E5/(1-$E$4),0) -> 0.66666667 | K5: =lam_total*F5 -> 40 | L5: =Inputs!B57 -> 2 | M5: =IF(AND(B5=1,L5>0),K5*Tcyc_sh/3600/L5,"") -> 0.4538205 | N5: =IF(M5="","",IF(M5<=rho_max,"OK","CHECK")) -> OK
A6: 3 | B6: =IF(A6<=N_T,1,0) -> 1 | C6: =IF(B6=1,(A6-1)*u_h,0) -> 3.7 | D6: =IF(B6=1,1/N_T,0) -> 0.1 | E6: =IF(B6=0,0,IF(A6<=nA,shareA/nA,IF(A6<=nA+nB,shareB/nB,IF(N_T-nA-nB>0,shareC/(N_T-nA-nB),0)))) -> 0.05 | F6: =IF(dist_mode="ABC",E6,D6) -> 0.05 | G6: =IF((C6)<=0,0,IF((C6)>=v_lift^2/a_lift,(C6)/v_lift+v_lift/a_lift,2*SQRT((C6)/a_lift))) -> 5.1285714 | H6: =IF(AND(A6>=2,B6=1),t_ch+t_I+2*G6+2*t_pos,0) -> 44.257143 | I6: =IF(AND(A6>=2,B6=1),D6/(1-$D$4),0) -> 0.11111111 | J6: =IF(AND(A6>=2,B6=1),E6/(1-$E$4),0) -> 0.083333333 | K6: =lam_total*F6 -> 5 | L6: =Inputs!B58 -> 1 | M6: =IF(AND(B6=1,L6>0),K6*Tcyc_sh/3600/L6,"") -> 0.11345513 | N6: =IF(M6="","",IF(M6<=rho_max,"OK","CHECK")) -> OK
A7: 4 | B7: =IF(A7<=N_T,1,0) -> 1 | C7: =IF(B7=1,(A7-1)*u_h,0) -> 5.55 | D7: =IF(B7=1,1/N_T,0) -> 0.1 | E7: =IF(B7=0,0,IF(A7<=nA,shareA/nA,IF(A7<=nA+nB,shareB/nB,IF(N_T-nA-nB>0,shareC/(N_T-nA-nB),0)))) -> 0.05 | F7: =IF(dist_mode="ABC",E7,D7) -> 0.05 | G7: =IF((C7)<=0,0,IF((C7)>=v_lift^2/a_lift,(C7)/v_lift+v_lift/a_lift,2*SQRT((C7)/a_lift))) -> 6.9785714 | H7: =IF(AND(A7>=2,B7=1),t_ch+t_I+2*G7+2*t_pos,0) -> 47.957143 | I7: =IF(AND(A7>=2,B7=1),D7/(1-$D$4),0) -> 0.11111111 | J7: =IF(AND(A7>=2,B7=1),E7/(1-$E$4),0) -> 0.083333333 | K7: =lam_total*F7 -> 5 | L7: =Inputs!B59 -> 1 | M7: =IF(AND(B7=1,L7>0),K7*Tcyc_sh/3600/L7,"") -> 0.11345513 | N7: =IF(M7="","",IF(M7<=rho_max,"OK","CHECK")) -> OK
A8: 5 | B8: =IF(A8<=N_T,1,0) -> 1 | C8: =IF(B8=1,(A8-1)*u_h,0) -> 7.4 | D8: =IF(B8=1,1/N_T,0) -> 0.1 | E8: =IF(B8=0,0,IF(A8<=nA,shareA/nA,IF(A8<=nA+nB,shareB/nB,IF(N_T-nA-nB>0,shareC/(N_T-nA-nB),0)))) -> 0.05 | F8: =IF(dist_mode="ABC",E8,D8) -> 0.05 | G8: =IF((C8)<=0,0,IF((C8)>=v_lift^2/a_lift,(C8)/v_lift+v_lift/a_lift,2*SQRT((C8)/a_lift))) -> 8.8285714 | H8: =IF(AND(A8>=2,B8=1),t_ch+t_I+2*G8+2*t_pos,0) -> 51.657143 | I8: =IF(AND(A8>=2,B8=1),D8/(1-$D$4),0) -> 0.11111111 | J8: =IF(AND(A8>=2,B8=1),E8/(1-$E$4),0) -> 0.083333333 | K8: =lam_total*F8 -> 5 | L8: =Inputs!B60 -> 1 | M8: =IF(AND(B8=1,L8>0),K8*Tcyc_sh/3600/L8,"") -> 0.11345513 | N8: =IF(M8="","",IF(M8<=rho_max,"OK","CHECK")) -> OK
A9: 6 | B9: =IF(A9<=N_T,1,0) -> 1 | C9: =IF(B9=1,(A9-1)*u_h,0) -> 9.25 | D9: =IF(B9=1,1/N_T,0) -> 0.1 | E9: =IF(B9=0,0,IF(A9<=nA,shareA/nA,IF(A9<=nA+nB,shareB/nB,IF(N_T-nA-nB>0,shareC/(N_T-nA-nB),0)))) -> 0.01 | F9: =IF(dist_mode="ABC",E9,D9) -> 0.01 | G9: =IF((C9)<=0,0,IF((C9)>=v_lift^2/a_lift,(C9)/v_lift+v_lift/a_lift,2*SQRT((C9)/a_lift))) -> 10.678571 | H9: =IF(AND(A9>=2,B9=1),t_ch+t_I+2*G9+2*t_pos,0) -> 55.357143 | I9: =IF(AND(A9>=2,B9=1),D9/(1-$D$4),0) -> 0.11111111 | J9: =IF(AND(A9>=2,B9=1),E9/(1-$E$4),0) -> 0.016666667 | K9: =lam_total*F9 -> 1 | L9: =Inputs!B61 -> 0.4 | M9: =IF(AND(B9=1,L9>0),K9*Tcyc_sh/3600/L9,"") -> 0.056727563 | N9: =IF(M9="","",IF(M9<=rho_max,"OK","CHECK")) -> OK
A10: 7 | B10: =IF(A10<=N_T,1,0) -> 1 | C10: =IF(B10=1,(A10-1)*u_h,0) -> 11.1 | D10: =IF(B10=1,1/N_T,0) -> 0.1 | E10: =IF(B10=0,0,IF(A10<=nA,shareA/nA,IF(A10<=nA+nB,shareB/nB,IF(N_T-nA-nB>0,shareC/(N_T-nA-nB),0)))) -> 0.01 | F10: =IF(dist_mode="ABC",E10,D10) -> 0.01 | G10: =IF((C10)<=0,0,IF((C10)>=v_lift^2/a_lift,(C10)/v_lift+v_lift/a_lift,2*SQRT((C10)/a_lift))) -> 12.528571 | H10: =IF(AND(A10>=2,B10=1),t_ch+t_I+2*G10+2*t_pos,0) -> 59.057143 | I10: =IF(AND(A10>=2,B10=1),D10/(1-$D$4),0) -> 0.11111111 | J10: =IF(AND(A10>=2,B10=1),E10/(1-$E$4),0) -> 0.016666667 | K10: =lam_total*F10 -> 1 | L10: =Inputs!B62 -> 0.4 | M10: =IF(AND(B10=1,L10>0),K10*Tcyc_sh/3600/L10,"") -> 0.056727563 | N10: =IF(M10="","",IF(M10<=rho_max,"OK","CHECK")) -> OK
A11: 8 | B11: =IF(A11<=N_T,1,0) -> 1 | C11: =IF(B11=1,(A11-1)*u_h,0) -> 12.95 | D11: =IF(B11=1,1/N_T,0) -> 0.1 | E11: =IF(B11=0,0,IF(A11<=nA,shareA/nA,IF(A11<=nA+nB,shareB/nB,IF(N_T-nA-nB>0,shareC/(N_T-nA-nB),0)))) -> 0.01 | F11: =IF(dist_mode="ABC",E11,D11) -> 0.01 | G11: =IF((C11)<=0,0,IF((C11)>=v_lift^2/a_lift,(C11)/v_lift+v_lift/a_lift,2*SQRT((C11)/a_lift))) -> 14.378571 | H11: =IF(AND(A11>=2,B11=1),t_ch+t_I+2*G11+2*t_pos,0) -> 62.757143 | I11: =IF(AND(A11>=2,B11=1),D11/(1-$D$4),0) -> 0.11111111 | J11: =IF(AND(A11>=2,B11=1),E11/(1-$E$4),0) -> 0.016666667 | K11: =lam_total*F11 -> 1 | L11: =Inputs!B63 -> 0.4 | M11: =IF(AND(B11=1,L11>0),K11*Tcyc_sh/3600/L11,"") -> 0.056727563 | N11: =IF(M11="","",IF(M11<=rho_max,"OK","CHECK")) -> OK
A12: 9 | B12: =IF(A12<=N_T,1,0) -> 1 | C12: =IF(B12=1,(A12-1)*u_h,0) -> 14.8 | D12: =IF(B12=1,1/N_T,0) -> 0.1 | E12: =IF(B12=0,0,IF(A12<=nA,shareA/nA,IF(A12<=nA+nB,shareB/nB,IF(N_T-nA-nB>0,shareC/(N_T-nA-nB),0)))) -> 0.01 | F12: =IF(dist_mode="ABC",E12,D12) -> 0.01 | G12: =IF((C12)<=0,0,IF((C12)>=v_lift^2/a_lift,(C12)/v_lift+v_lift/a_lift,2*SQRT((C12)/a_lift))) -> 16.228571 | H12: =IF(AND(A12>=2,B12=1),t_ch+t_I+2*G12+2*t_pos,0) -> 66.457143 | I12: =IF(AND(A12>=2,B12=1),D12/(1-$D$4),0) -> 0.11111111 | J12: =IF(AND(A12>=2,B12=1),E12/(1-$E$4),0) -> 0.016666667 | K12: =lam_total*F12 -> 1 | L12: =Inputs!B64 -> 0.4 | M12: =IF(AND(B12=1,L12>0),K12*Tcyc_sh/3600/L12,"") -> 0.056727563 | N12: =IF(M12="","",IF(M12<=rho_max,"OK","CHECK")) -> OK
A13: 10 | B13: =IF(A13<=N_T,1,0) -> 1 | C13: =IF(B13=1,(A13-1)*u_h,0) -> 16.65 | D13: =IF(B13=1,1/N_T,0) -> 0.1 | E13: =IF(B13=0,0,IF(A13<=nA,shareA/nA,IF(A13<=nA+nB,shareB/nB,IF(N_T-nA-nB>0,shareC/(N_T-nA-nB),0)))) -> 0.01 | F13: =IF(dist_mode="ABC",E13,D13) -> 0.01 | G13: =IF((C13)<=0,0,IF((C13)>=v_lift^2/a_lift,(C13)/v_lift+v_lift/a_lift,2*SQRT((C13)/a_lift))) -> 18.078571 | H13: =IF(AND(A13>=2,B13=1),t_ch+t_I+2*G13+2*t_pos,0) -> 70.157143 | I13: =IF(AND(A13>=2,B13=1),D13/(1-$D$4),0) -> 0.11111111 | J13: =IF(AND(A13>=2,B13=1),E13/(1-$E$4),0) -> 0.016666667 | K13: =lam_total*F13 -> 1 | L13: =Inputs!B65 -> 0.4 | M13: =IF(AND(B13=1,L13>0),K13*Tcyc_sh/3600/L13,"") -> 0.056727563 | N13: =IF(M13="","",IF(M13<=rho_max,"OK","CHECK")) -> OK
A14: 11 | B14: =IF(A14<=N_T,1,0) -> 0 | C14: =IF(B14=1,(A14-1)*u_h,0) -> 0 | D14: =IF(B14=1,1/N_T,0) -> 0 | E14: =IF(B14=0,0,IF(A14<=nA,shareA/nA,IF(A14<=nA+nB,shareB/nB,IF(N_T-nA-nB>0,shareC/(N_T-nA-nB),0)))) -> 0 | F14: =IF(dist_mode="ABC",E14,D14) -> 0 | G14: =IF((C14)<=0,0,IF((C14)>=v_lift^2/a_lift,(C14)/v_lift+v_lift/a_lift,2*SQRT((C14)/a_lift))) -> 0 | H14: =IF(AND(A14>=2,B14=1),t_ch+t_I+2*G14+2*t_pos,0) -> 0 | I14: =IF(AND(A14>=2,B14=1),D14/(1-$D$4),0) -> 0 | J14: =IF(AND(A14>=2,B14=1),E14/(1-$E$4),0) -> 0 | K14: =lam_total*F14 -> 0 | L14: =Inputs!B66 -> 0 | M14: =IF(AND(B14=1,L14>0),K14*Tcyc_sh/3600/L14,"") | N14: =IF(M14="","",IF(M14<=rho_max,"OK","CHECK"))
A15: 12 | B15: =IF(A15<=N_T,1,0) -> 0 | C15: =IF(B15=1,(A15-1)*u_h,0) -> 0 | D15: =IF(B15=1,1/N_T,0) -> 0 | E15: =IF(B15=0,0,IF(A15<=nA,shareA/nA,IF(A15<=nA+nB,shareB/nB,IF(N_T-nA-nB>0,shareC/(N_T-nA-nB),0)))) -> 0 | F15: =IF(dist_mode="ABC",E15,D15) -> 0 | G15: =IF((C15)<=0,0,IF((C15)>=v_lift^2/a_lift,(C15)/v_lift+v_lift/a_lift,2*SQRT((C15)/a_lift))) -> 0 | H15: =IF(AND(A15>=2,B15=1),t_ch+t_I+2*G15+2*t_pos,0) -> 0 | I15: =IF(AND(A15>=2,B15=1),D15/(1-$D$4),0) -> 0 | J15: =IF(AND(A15>=2,B15=1),E15/(1-$E$4),0) -> 0 | K15: =lam_total*F15 -> 0 | L15: =Inputs!B67 -> 0 | M15: =IF(AND(B15=1,L15>0),K15*Tcyc_sh/3600/L15,"") | N15: =IF(M15="","",IF(M15<=rho_max,"OK","CHECK"))
... A23: 20 | B23: =IF(A23<=N_T,1,0) -> 0 | C23: =IF(B23=1,(A23-1)*u_h,0) -> 0 | D23: =IF(B23=1,1/N_T,0) -> 0 | E23: =IF(B23=0,0,IF(A23<=nA,shareA/nA,IF(A23<=nA+nB,shareB/nB,IF(N_T-nA-nB>0,shareC/(N_T-nA-nB),0)))) -> 0 | F23: =IF(dist_mode="ABC",E23,D23) -> 0 | G23: =IF((C23)<=0,0,IF((C23)>=v_lift^2/a_lift,(C23)/v_lift+v_lift/a_lift,2*SQRT((C23)/a_lift))) -> 0 | H23: =IF(AND(A23>=2,B23=1),t_ch+t_I+2*G23+2*t_pos,0) -> 0 | I23: =IF(AND(A23>=2,B23=1),D23/(1-$D$4),0) -> 0 | J23: =IF(AND(A23>=2,B23=1),E23/(1-$E$4),0) -> 0 | K23: =lam_total*F23 -> 0 | L23: =Inputs!B75 -> 0 | M23: =IF(AND(B23=1,L23>0),K23*Tcyc_sh/3600/L23,"") | N23: =IF(M23="","",IF(M23<=rho_max,"OK","CHECK"))
A25: Sum / check | D25: =SUM(D4:D23) -> 1 | E25: =SUM(E4:E23) -> 1 | F25: =SUM(F4:F23) -> 1 | K25: =SUM(K4:K23) -> 100 | L25: =SUM(L4:L23) -> 9

Sheet Lift_grid
A1: DUAL-COMMAND LIFT CYCLE GRID (helper sheet): weight q_i·q_j·T_dual(i,j), tiers ≥ 2
A3: Uniform distribution
C4: tier j → | D4: 1 | E4: 2 | F4: 3 | G4: 4 | H4: 5 | I4: 6 | J4: 7 | K4: 8 | L4: 9 | M4: 10 | N4: 11 | O4: 12 | P4: 13 | Q4: 14 | R4: 15 | S4: 16 | T4: 17 | U4: 18 | V4: 19 | W4: 20
C5: h_j (m) | D5: =Tiers!C4 -> 0 | E5: =Tiers!C5 -> 1.85 | F5: =Tiers!C6 -> 3.7 | G5: =Tiers!C7 -> 5.55 | H5: =Tiers!C8 -> 7.4 | I5: =Tiers!C9 -> 9.25 | J5: =Tiers!C10 -> 11.1 | K5: =Tiers!C11 -> 12.95 | L5: =Tiers!C12 -> 14.8 | M5: =Tiers!C13 -> 16.65 | N5: =Tiers!C14 -> 0 | O5: =Tiers!C15 -> 0 | P5: =Tiers!C16 -> 0 | Q5: =Tiers!C17 -> 0 | R5: =Tiers!C18 -> 0 | S5: =Tiers!C19 -> 0 | T5: =Tiers!C20 -> 0 | U5: =Tiers!C21 -> 0 | V5: =Tiers!C22 -> 0 | W5: =Tiers!C23 -> 0
C6: q_j | D6: =Tiers!I4 -> 0 | E6: =Tiers!I5 -> 0.11111111 | F6: =Tiers!I6 -> 0.11111111 | G6: =Tiers!I7 -> 0.11111111 | H6: =Tiers!I8 -> 0.11111111 | I6: =Tiers!I9 -> 0.11111111 | J6: =Tiers!I10 -> 0.11111111 | K6: =Tiers!I11 -> 0.11111111 | L6: =Tiers!I12 -> 0.11111111 | M6: =Tiers!I13 -> 0.11111111 | N6: =Tiers!I14 -> 0 | O6: =Tiers!I15 -> 0 | P6: =Tiers!I16 -> 0 | Q6: =Tiers!I17 -> 0 | R6: =Tiers!I18 -> 0 | S6: =Tiers!I19 -> 0 | T6: =Tiers!I20 -> 0 | U6: =Tiers!I21 -> 0 | V6: =Tiers!I22 -> 0 | W6: =Tiers!I23 -> 0
A7: tier i | B7: h_i (m) | C7: q_i
A8: 1 | B8: =Tiers!C4 -> 0 | C8: =Tiers!I4 -> 0 | D8: =$C8*D$6*(t_ch+IF(($B8)<=0,0,IF(($B8)>=v_lift^2/a_lift,($B8)/v_lift+v_lift/a_lift,2*SQRT(($B8)/a_lift)))+t_pos+t_I+IF((ABS($B8-D$5))<=0,0,IF((ABS($B8-D$5))>=v_lift^2/a_lift,(ABS($B8-D$5))/v_lift+v_lift/a_lift,2*SQRT((ABS($B8-D$5))/a_lift)))+t_pos+t_I+IF((D$5)<=0,0,IF((D$5)>=v_lift^2/a_lift,(D$5)/v_lift+v_lift/a_lift,2*SQRT((D$5)/a_lift)))+t_pos+t_ch) -> 0 | E8: =$C8*E$6*(t_ch+IF(($B8)<=0,0,IF(($B8)>=v_lift^2/a_lift,($B8)/v_lift+v_lift/a_lift,2*SQRT(($B8)/a_lift)))+t_pos+t_I+IF((ABS($B8-E$5))<=0,0,IF((ABS($B8-E$5))>=v_lift^2/a_lift,(ABS($B8-E$5))/v_lift+v_lift/a_lift,2*SQRT((ABS($B8-E$5))/a_lift)))+t_pos+t_I+IF((E$5)<=0,0,IF((E$5)>=v_lift^2/a_lift,(E$5)/v_lift+v_lift/a_lift,2*SQRT((E$5)/a_lift)))+t_pos+t_ch) -> 0 | F8: =$C8*F$6*(t_ch+IF(($B8)<=0,0,IF(($B8)>=v_lift^2/a_lift,($B8)/v_lift+v_lift/a_lift,2*SQRT(($B8)/a_lift)))+t_pos+t_I+IF((ABS($B8-F$5))<=0,0,IF((ABS($B8-F$5))>=v_lift^2/a_lift,(ABS($B8-F$5))/v_lift+v_lift/a_lift,2*SQRT((ABS($B8-F$5))/a_lift)))+t_pos+t_I+IF((F$5)<=0,0,IF((F$5)>=v_lift^2/a_lift,(F$5)/v_lift+v_lift/a_lift,2*SQRT((F$5)/a_lift)))+t_pos+t_ch) -> 0 | G8: =$C8*G$6*(t_ch+IF(($B8)<=0,0,IF(($B8)>=v_lift^2/a_lift,($B8)/v_lift+v_lift/a_lift,2*SQRT(($B8)/a_lift)))+t_pos+t_I+IF((ABS($B8-G$5))<=0,0,IF((ABS($B8-G$5))>=v_lift^2/a_lift,(ABS($B8-G$5))/v_lift+v_lift/a_lift,2*SQRT((ABS($B8-G$5))/a_lift)))+t_pos+t_I+IF((G$5)<=0,0,IF((G$5)>=v_lift^2/a_lift,(G$5)/v_lift+v_lift/a_lift,2*SQRT((G$5)/a_lift)))+t_pos+t_ch) -> 0 | H8: =$C8*H$6*(t_ch+IF(($B8)<=0,0,IF(($B8)>=v_lift^2/a_lift,($B8)/v_lift+v_lift/a_lift,2*SQRT(($B8)/a_lift)))+t_pos+t_I+IF((ABS($B8-H$5))<=0,0,IF((ABS($B8-H$5))>=v_lift^2/a_lift,(ABS($B8-H$5))/v_lift+v_lift/a_lift,2*SQRT((ABS($B8-H$5))/a_lift)))+t_pos+t_I+IF((H$5)<=0,0,IF((H$5)>=v_lift^2/a_lift,(H$5)/v_lift+v_lift/a_lift,2*SQRT((H$5)/a_lift)))+t_pos+t_ch) -> 0 | I8: =$C8*I$6*(t_ch+IF(($B8)<=0,0,IF(($B8)>=v_lift^2/a_lift,($B8)/v_lift+v_lift/a_lift,2*SQRT(($B8)/a_lift)))+t_pos+t_I+IF((ABS($B8-I$5))<=0,0,IF((ABS($B8-I$5))>=v_lift^2/a_lift,(ABS($B8-I$5))/v_lift+v_lift/a_lift,2*SQRT((ABS($B8-I$5))/a_lift)))+t_pos+t_I+IF((I$5)<=0,0,IF((I$5)>=v_lift^2/a_lift,(I$5)/v_lift+v_lift/a_lift,2*SQRT((I$5)/a_lift)))+t_pos+t_ch) -> 0 | J8: =$C8*J$6*(t_ch+IF(($B8)<=0,0,IF(($B8)>=v_lift^2/a_lift,($B8)/v_lift+v_lift/a_lift,2*SQRT(($B8)/a_lift)))+t_pos+t_I+IF((ABS($B8-J$5))<=0,0,IF((ABS($B8-J$5))>=v_lift^2/a_lift,(ABS($B8-J$5))/v_lift+v_lift/a_lift,2*SQRT((ABS($B8-J$5))/a_lift)))+t_pos+t_I+IF((J$5)<=0,0,IF((J$5)>=v_lift^2/a_lift,(J$5)/v_lift+v_lift/a_lift,2*SQRT((J$5)/a_lift)))+t_pos+t_ch) -> 0 | K8: =$C8*K$6*(t_ch+IF(($B8)<=0,0,IF(($B8)>=v_lift^2/a_lift,($B8)/v_lift+v_lift/a_lift,2*SQRT(($B8)/a_lift)))+t_pos+t_I+IF((ABS($B8-K$5))<=0,0,IF((ABS($B8-K$5))>=v_lift^2/a_lift,(ABS($B8-K$5))/v_lift+v_lift/a_lift,2*SQRT((ABS($B8-K$5))/a_lift)))+t_pos+t_I+IF((K$5)<=0,0,IF((K$5)>=v_lift^2/a_lift,(K$5)/v_lift+v_lift/a_lift,2*SQRT((K$5)/a_lift)))+t_pos+t_ch) -> 0 | ... W8: =$C8*W$6*(t_ch+IF(($B8)<=0,0,IF(($B8)>=v_lift^2/a_lift,($B8)/v_lift+v_lift/a_lift,2*SQRT(($B8)/a_lift)))+t_pos+t_I+IF((ABS($B8-W$5))<=0,0,IF((ABS($B8-W$5))>=v_lift^2/a_lift,(ABS($B8-W$5))/v_lift+v_lift/a_lift,2*SQRT((ABS($B8-W$5))/a_lift)))+t_pos+t_I+IF((W$5)<=0,0,IF((W$5)>=v_lift^2/a_lift,(W$5)/v_lift+v_lift/a_lift,2*SQRT((W$5)/a_lift)))+t_pos+t_ch) -> 0
A9: 2 | B9: =Tiers!C5 -> 1.85 | C9: =Tiers!I5 -> 0.11111111 | D9: =$C9*D$6*(t_ch+IF(($B9)<=0,0,IF(($B9)>=v_lift^2/a_lift,($B9)/v_lift+v_lift/a_lift,2*SQRT(($B9)/a_lift)))+t_pos+t_I+IF((ABS($B9-D$5))<=0,0,IF((ABS($B9-D$5))>=v_lift^2/a_lift,(ABS($B9-D$5))/v_lift+v_lift/a_lift,2*SQRT((ABS($B9-D$5))/a_lift)))+t_pos+t_I+IF((D$5)<=0,0,IF((D$5)>=v_lift^2/a_lift,(D$5)/v_lift+v_lift/a_lift,2*SQRT((D$5)/a_lift)))+t_pos+t_ch) -> 0 | E9: =$C9*E$6*(t_ch+IF(($B9)<=0,0,IF(($B9)>=v_lift^2/a_lift,($B9)/v_lift+v_lift/a_lift,2*SQRT(($B9)/a_lift)))+t_pos+t_I+IF((ABS($B9-E$5))<=0,0,IF((ABS($B9-E$5))>=v_lift^2/a_lift,(ABS($B9-E$5))/v_lift+v_lift/a_lift,2*SQRT((ABS($B9-E$5))/a_lift)))+t_pos+t_I+IF((E$5)<=0,0,IF((E$5)>=v_lift^2/a_lift,(E$5)/v_lift+v_lift/a_lift,2*SQRT((E$5)/a_lift)))+t_pos+t_ch) -> 0.90811287 | F9: =$C9*F$6*(t_ch+IF(($B9)<=0,0,IF(($B9)>=v_lift^2/a_lift,($B9)/v_lift+v_lift/a_lift,2*SQRT(($B9)/a_lift)))+t_pos+t_I+IF((ABS($B9-F$5))<=0,0,IF((ABS($B9-F$5))>=v_lift^2/a_lift,(ABS($B9-F$5))/v_lift+v_lift/a_lift,2*SQRT((ABS($B9-F$5))/a_lift)))+t_pos+t_I+IF((F$5)<=0,0,IF((F$5)>=v_lift^2/a_lift,(F$5)/v_lift+v_lift/a_lift,2*SQRT((F$5)/a_lift)))+t_pos+t_ch) -> 0.97142857 | G9: =$C9*G$6*(t_ch+IF(($B9)<=0,0,IF(($B9)>=v_lift^2/a_lift,($B9)/v_lift+v_lift/a_lift,2*SQRT(($B9)/a_lift)))+t_pos+t_I+IF((ABS($B9-G$5))<=0,0,IF((ABS($B9-G$5))>=v_lift^2/a_lift,(ABS($B9-G$5))/v_lift+v_lift/a_lift,2*SQRT((ABS($B9-G$5))/a_lift)))+t_pos+t_I+IF((G$5)<=0,0,IF((G$5)>=v_lift^2/a_lift,(G$5)/v_lift+v_lift/a_lift,2*SQRT((G$5)/a_lift)))+t_pos+t_ch) -> 1.0171076 | H9: =$C9*H$6*(t_ch+IF(($B9)<=0,0,IF(($B9)>=v_lift^2/a_lift,($B9)/v_lift+v_lift/a_lift,2*SQRT(($B9)/a_lift)))+t_pos+t_I+IF((ABS($B9-H$5))<=0,0,IF((ABS($B9-H$5))>=v_lift^2/a_lift,(ABS($B9-H$5))/v_lift+v_lift/a_lift,2*SQRT((ABS($B9-H$5))/a_lift)))+t_pos+t_I+IF((H$5)<=0,0,IF((H$5)>=v_lift^2/a_lift,(H$5)/v_lift+v_lift/a_lift,2*SQRT((H$5)/a_lift)))+t_pos+t_ch) -> 1.0627866 | I9: =$C9*I$6*(t_ch+IF(($B9)<=0,0,IF(($B9)>=v_lift^2/a_lift,($B9)/v_lift+v_lift/a_lift,2*SQRT(($B9)/a_lift)))+t_pos+t_I+IF((ABS($B9-I$5))<=0,0,IF((ABS($B9-I$5))>=v_lift^2/a_lift,(ABS($B9-I$5))/v_lift+v_lift/a_lift,2*SQRT((ABS($B9-I$5))/a_lift)))+t_pos+t_I+IF((I$5)<=0,0,IF((I$5)>=v_lift^2/a_lift,(I$5)/v_lift+v_lift/a_lift,2*SQRT((I$5)/a_lift)))+t_pos+t_ch) -> 1.1084656 | J9: =$C9*J$6*(t_ch+IF(($B9)<=0,0,IF(($B9)>=v_lift^2/a_lift,($B9)/v_lift+v_lift/a_lift,2*SQRT(($B9)/a_lift)))+t_pos+t_I+IF((ABS($B9-J$5))<=0,0,IF((ABS($B9-J$5))>=v_lift^2/a_lift,(ABS($B9-J$5))/v_lift+v_lift/a_lift,2*SQRT((ABS($B9-J$5))/a_lift)))+t_pos+t_I+IF((J$5)<=0,0,IF((J$5)>=v_lift^2/a_lift,(J$5)/v_lift+v_lift/a_lift,2*SQRT((J$5)/a_lift)))+t_pos+t_ch) -> 1.1541446 | K9: =$C9*K$6*(t_ch+IF(($B9)<=0,0,IF(($B9)>=v_lift^2/a_lift,($B9)/v_lift+v_lift/a_lift,2*SQRT(($B9)/a_lift)))+t_pos+t_I+IF((ABS($B9-K$5))<=0,0,IF((ABS($B9-K$5))>=v_lift^2/a_lift,(ABS($B9-K$5))/v_lift+v_lift/a_lift,2*SQRT((ABS($B9-K$5))/a_lift)))+t_pos+t_I+IF((K$5)<=0,0,IF((K$5)>=v_lift^2/a_lift,(K$5)/v_lift+v_lift/a_lift,2*SQRT((K$5)/a_lift)))+t_pos+t_ch) -> 1.1998236 | ... W9: =$C9*W$6*(t_ch+IF(($B9)<=0,0,IF(($B9)>=v_lift^2/a_lift,($B9)/v_lift+v_lift/a_lift,2*SQRT(($B9)/a_lift)))+t_pos+t_I+IF((ABS($B9-W$5))<=0,0,IF((ABS($B9-W$5))>=v_lift^2/a_lift,(ABS($B9-W$5))/v_lift+v_lift/a_lift,2*SQRT((ABS($B9-W$5))/a_lift)))+t_pos+t_I+IF((W$5)<=0,0,IF((W$5)>=v_lift^2/a_lift,(W$5)/v_lift+v_lift/a_lift,2*SQRT((W$5)/a_lift)))+t_pos+t_ch) -> 0
A10: 3 | B10: =Tiers!C6 -> 3.7 | C10: =Tiers!I6 -> 0.11111111 | D10: =$C10*D$6*(t_ch+IF(($B10)<=0,0,IF(($B10)>=v_lift^2/a_lift,($B10)/v_lift+v_lift/a_lift,2*SQRT(($B10)/a_lift)))+t_pos+t_I+IF((ABS($B10-D$5))<=0,0,IF((ABS($B10-D$5))>=v_lift^2/a_lift,(ABS($B10-D$5))/v_lift+v_lift/a_lift,2*SQRT((ABS($B10-D$5))/a_lift)))+t_pos+t_I+IF((D$5)<=0,0,IF((D$5)>=v_lift^2/a_lift,(D$5)/v_lift+v_lift/a_lift,2*SQRT((D$5)/a_lift)))+t_pos+t_ch) -> 0 | E10: =$C10*E$6*(t_ch+IF(($B10)<=0,0,IF(($B10)>=v_lift^2/a_lift,($B10)/v_lift+v_lift/a_lift,2*SQRT(($B10)/a_lift)))+t_pos+t_I+IF((ABS($B10-E$5))<=0,0,IF((ABS($B10-E$5))>=v_lift^2/a_lift,(ABS($B10-E$5))/v_lift+v_lift/a_lift,2*SQRT((ABS($B10-E$5))/a_lift)))+t_pos+t_I+IF((E$5)<=0,0,IF((E$5)>=v_lift^2/a_lift,(E$5)/v_lift+v_lift/a_lift,2*SQRT((E$5)/a_lift)))+t_pos+t_ch) -> 0.97142857 | F10: =$C10*F$6*(t_ch+IF(($B10)<=0,0,IF(($B10)>=v_lift^2/a_lift,($B10)/v_lift+v_lift/a_lift,2*SQRT(($B10)/a_lift)))+t_pos+t_I+IF((ABS($B10-F$5))<=0,0,IF((ABS($B10-F$5))>=v_lift^2/a_lift,(ABS($B10-F$5))/v_lift+v_lift/a_lift,2*SQRT((ABS($B10-F$5))/a_lift)))+t_pos+t_I+IF((F$5)<=0,0,IF((F$5)>=v_lift^2/a_lift,(F$5)/v_lift+v_lift/a_lift,2*SQRT((F$5)/a_lift)))+t_pos+t_ch) -> 0.95379189 | G10: =$C10*G$6*(t_ch+IF(($B10)<=0,0,IF(($B10)>=v_lift^2/a_lift,($B10)/v_lift+v_lift/a_lift,2*SQRT(($B10)/a_lift)))+t_pos+t_I+IF((ABS($B10-G$5))<=0,0,IF((ABS($B10-G$5))>=v_lift^2/a_lift,(ABS($B10-G$5))/v_lift+v_lift/a_lift,2*SQRT((ABS($B10-G$5))/a_lift)))+t_pos+t_I+IF((G$5)<=0,0,IF((G$5)>=v_lift^2/a_lift,(G$5)/v_lift+v_lift/a_lift,2*SQRT((G$5)/a_lift)))+t_pos+t_ch) -> 1.0171076 | H10: =$C10*H$6*(t_ch+IF(($B10)<=0,0,IF(($B10)>=v_lift^2/a_lift,($B10)/v_lift+v_lift/a_lift,2*SQRT(($B10)/a_lift)))+t_pos+t_I+IF((ABS($B10-H$5))<=0,0,IF((ABS($B10-H$5))>=v_lift^2/a_lift,(ABS($B10-H$5))/v_lift+v_lift/a_lift,2*SQRT((ABS($B10-H$5))/a_lift)))+t_pos+t_I+IF((H$5)<=0,0,IF((H$5)>=v_lift^2/a_lift,(H$5)/v_lift+v_lift/a_lift,2*SQRT((H$5)/a_lift)))+t_pos+t_ch) -> 1.0627866 | I10: =$C10*I$6*(t_ch+IF(($B10)<=0,0,IF(($B10)>=v_lift^2/a_lift,($B10)/v_lift+v_lift/a_lift,2*SQRT(($B10)/a_lift)))+t_pos+t_I+IF((ABS($B10-I$5))<=0,0,IF((ABS($B10-I$5))>=v_lift^2/a_lift,(ABS($B10-I$5))/v_lift+v_lift/a_lift,2*SQRT((ABS($B10-I$5))/a_lift)))+t_pos+t_I+IF((I$5)<=0,0,IF((I$5)>=v_lift^2/a_lift,(I$5)/v_lift+v_lift/a_lift,2*SQRT((I$5)/a_lift)))+t_pos+t_ch) -> 1.1084656 | J10: =$C10*J$6*(t_ch+IF(($B10)<=0,0,IF(($B10)>=v_lift^2/a_lift,($B10)/v_lift+v_lift/a_lift,2*SQRT(($B10)/a_lift)))+t_pos+t_I+IF((ABS($B10-J$5))<=0,0,IF((ABS($B10-J$5))>=v_lift^2/a_lift,(ABS($B10-J$5))/v_lift+v_lift/a_lift,2*SQRT((ABS($B10-J$5))/a_lift)))+t_pos+t_I+IF((J$5)<=0,0,IF((J$5)>=v_lift^2/a_lift,(J$5)/v_lift+v_lift/a_lift,2*SQRT((J$5)/a_lift)))+t_pos+t_ch) -> 1.1541446 | K10: =$C10*K$6*(t_ch+IF(($B10)<=0,0,IF(($B10)>=v_lift^2/a_lift,($B10)/v_lift+v_lift/a_lift,2*SQRT(($B10)/a_lift)))+t_pos+t_I+IF((ABS($B10-K$5))<=0,0,IF((ABS($B10-K$5))>=v_lift^2/a_lift,(ABS($B10-K$5))/v_lift+v_lift/a_lift,2*SQRT((ABS($B10-K$5))/a_lift)))+t_pos+t_I+IF((K$5)<=0,0,IF((K$5)>=v_lift^2/a_lift,(K$5)/v_lift+v_lift/a_lift,2*SQRT((K$5)/a_lift)))+t_pos+t_ch) -> 1.1998236 | ... W10: =$C10*W$6*(t_ch+IF(($B10)<=0,0,IF(($B10)>=v_lift^2/a_lift,($B10)/v_lift+v_lift/a_lift,2*SQRT(($B10)/a_lift)))+t_pos+t_I+IF((ABS($B10-W$5))<=0,0,IF((ABS($B10-W$5))>=v_lift^2/a_lift,(ABS($B10-W$5))/v_lift+v_lift/a_lift,2*SQRT((ABS($B10-W$5))/a_lift)))+t_pos+t_I+IF((W$5)<=0,0,IF((W$5)>=v_lift^2/a_lift,(W$5)/v_lift+v_lift/a_lift,2*SQRT((W$5)/a_lift)))+t_pos+t_ch) -> 0
A11: 4 | B11: =Tiers!C7 -> 5.55 | C11: =Tiers!I7 -> 0.11111111 | D11: =$C11*D$6*(t_ch+IF(($B11)<=0,0,IF(($B11)>=v_lift^2/a_lift,($B11)/v_lift+v_lift/a_lift,2*SQRT(($B11)/a_lift)))+t_pos+t_I+IF((ABS($B11-D$5))<=0,0,IF((ABS($B11-D$5))>=v_lift^2/a_lift,(ABS($B11-D$5))/v_lift+v_lift/a_lift,2*SQRT((ABS($B11-D$5))/a_lift)))+t_pos+t_I+IF((D$5)<=0,0,IF((D$5)>=v_lift^2/a_lift,(D$5)/v_lift+v_lift/a_lift,2*SQRT((D$5)/a_lift)))+t_pos+t_ch) -> 0 | E11: =$C11*E$6*(t_ch+IF(($B11)<=0,0,IF(($B11)>=v_lift^2/a_lift,($B11)/v_lift+v_lift/a_lift,2*SQRT(($B11)/a_lift)))+t_pos+t_I+IF((ABS($B11-E$5))<=0,0,IF((ABS($B11-E$5))>=v_lift^2/a_lift,(ABS($B11-E$5))/v_lift+v_lift/a_lift,2*SQRT((ABS($B11-E$5))/a_lift)))+t_pos+t_I+IF((E$5)<=0,0,IF((E$5)>=v_lift^2/a_lift,(E$5)/v_lift+v_lift/a_lift,2*SQRT((E$5)/a_lift)))+t_pos+t_ch) -> 1.0171076 | F11: =$C11*F$6*(t_ch+IF(($B11)<=0,0,IF(($B11)>=v_lift^2/a_lift,($B11)/v_lift+v_lift/a_lift,2*SQRT(($B11)/a_lift)))+t_pos+t_I+IF((ABS($B11-F$5))<=0,0,IF((ABS($B11-F$5))>=v_lift^2/a_lift,(ABS($B11-F$5))/v_lift+v_lift/a_lift,2*SQRT((ABS($B11-F$5))/a_lift)))+t_pos+t_I+IF((F$5)<=0,0,IF((F$5)>=v_lift^2/a_lift,(F$5)/v_lift+v_lift/a_lift,2*SQRT((F$5)/a_lift)))+t_pos+t_ch) -> 1.0171076 | G11: =$C11*G$6*(t_ch+IF(($B11)<=0,0,IF(($B11)>=v_lift^2/a_lift,($B11)/v_lift+v_lift/a_lift,2*SQRT(($B11)/a_lift)))+t_pos+t_I+IF((ABS($B11-G$5))<=0,0,IF((ABS($B11-G$5))>=v_lift^2/a_lift,(ABS($B11-G$5))/v_lift+v_lift/a_lift,2*SQRT((ABS($B11-G$5))/a_lift)))+t_pos+t_I+IF((G$5)<=0,0,IF((G$5)>=v_lift^2/a_lift,(G$5)/v_lift+v_lift/a_lift,2*SQRT((G$5)/a_lift)))+t_pos+t_ch) -> 0.9994709 | H11: =$C11*H$6*(t_ch+IF(($B11)<=0,0,IF(($B11)>=v_lift^2/a_lift,($B11)/v_lift+v_lift/a_lift,2*SQRT(($B11)/a_lift)))+t_pos+t_I+IF((ABS($B11-H$5))<=0,0,IF((ABS($B11-H$5))>=v_lift^2/a_lift,(ABS($B11-H$5))/v_lift+v_lift/a_lift,2*SQRT((ABS($B11-H$5))/a_lift)))+t_pos+t_I+IF((H$5)<=0,0,IF((H$5)>=v_lift^2/a_lift,(H$5)/v_lift+v_lift/a_lift,2*SQRT((H$5)/a_lift)))+t_pos+t_ch) -> 1.0627866 | I11: =$C11*I$6*(t_ch+IF(($B11)<=0,0,IF(($B11)>=v_lift^2/a_lift,($B11)/v_lift+v_lift/a_lift,2*SQRT(($B11)/a_lift)))+t_pos+t_I+IF((ABS($B11-I$5))<=0,0,IF((ABS($B11-I$5))>=v_lift^2/a_lift,(ABS($B11-I$5))/v_lift+v_lift/a_lift,2*SQRT((ABS($B11-I$5))/a_lift)))+t_pos+t_I+IF((I$5)<=0,0,IF((I$5)>=v_lift^2/a_lift,(I$5)/v_lift+v_lift/a_lift,2*SQRT((I$5)/a_lift)))+t_pos+t_ch) -> 1.1084656 | J11: =$C11*J$6*(t_ch+IF(($B11)<=0,0,IF(($B11)>=v_lift^2/a_lift,($B11)/v_lift+v_lift/a_lift,2*SQRT(($B11)/a_lift)))+t_pos+t_I+IF((ABS($B11-J$5))<=0,0,IF((ABS($B11-J$5))>=v_lift^2/a_lift,(ABS($B11-J$5))/v_lift+v_lift/a_lift,2*SQRT((ABS($B11-J$5))/a_lift)))+t_pos+t_I+IF((J$5)<=0,0,IF((J$5)>=v_lift^2/a_lift,(J$5)/v_lift+v_lift/a_lift,2*SQRT((J$5)/a_lift)))+t_pos+t_ch) -> 1.1541446 | K11: =$C11*K$6*(t_ch+IF(($B11)<=0,0,IF(($B11)>=v_lift^2/a_lift,($B11)/v_lift+v_lift/a_lift,2*SQRT(($B11)/a_lift)))+t_pos+t_I+IF((ABS($B11-K$5))<=0,0,IF((ABS($B11-K$5))>=v_lift^2/a_lift,(ABS($B11-K$5))/v_lift+v_lift/a_lift,2*SQRT((ABS($B11-K$5))/a_lift)))+t_pos+t_I+IF((K$5)<=0,0,IF((K$5)>=v_lift^2/a_lift,(K$5)/v_lift+v_lift/a_lift,2*SQRT((K$5)/a_lift)))+t_pos+t_ch) -> 1.1998236 | ... W11: =$C11*W$6*(t_ch+IF(($B11)<=0,0,IF(($B11)>=v_lift^2/a_lift,($B11)/v_lift+v_lift/a_lift,2*SQRT(($B11)/a_lift)))+t_pos+t_I+IF((ABS($B11-W$5))<=0,0,IF((ABS($B11-W$5))>=v_lift^2/a_lift,(ABS($B11-W$5))/v_lift+v_lift/a_lift,2*SQRT((ABS($B11-W$5))/a_lift)))+t_pos+t_I+IF((W$5)<=0,0,IF((W$5)>=v_lift^2/a_lift,(W$5)/v_lift+v_lift/a_lift,2*SQRT((W$5)/a_lift)))+t_pos+t_ch) -> 0
A12: 5 | B12: =Tiers!C8 -> 7.4 | C12: =Tiers!I8 -> 0.11111111 | D12: =$C12*D$6*(t_ch+IF(($B12)<=0,0,IF(($B12)>=v_lift^2/a_lift,($B12)/v_lift+v_lift/a_lift,2*SQRT(($B12)/a_lift)))+t_pos+t_I+IF((ABS($B12-D$5))<=0,0,IF((ABS($B12-D$5))>=v_lift^2/a_lift,(ABS($B12-D$5))/v_lift+v_lift/a_lift,2*SQRT((ABS($B12-D$5))/a_lift)))+t_pos+t_I+IF((D$5)<=0,0,IF((D$5)>=v_lift^2/a_lift,(D$5)/v_lift+v_lift/a_lift,2*SQRT((D$5)/a_lift)))+t_pos+t_ch) -> 0 | E12: =$C12*E$6*(t_ch+IF(($B12)<=0,0,IF(($B12)>=v_lift^2/a_lift,($B12)/v_lift+v_lift/a_lift,2*SQRT(($B12)/a_lift)))+t_pos+t_I+IF((ABS($B12-E$5))<=0,0,IF((ABS($B12-E$5))>=v_lift^2/a_lift,(ABS($B12-E$5))/v_lift+v_lift/a_lift,2*SQRT((ABS($B12-E$5))/a_lift)))+t_pos+t_I+IF((E$5)<=0,0,IF((E$5)>=v_lift^2/a_lift,(E$5)/v_lift+v_lift/a_lift,2*SQRT((E$5)/a_lift)))+t_pos+t_ch) -> 1.0627866 | F12: =$C12*F$6*(t_ch+IF(($B12)<=0,0,IF(($B12)>=v_lift^2/a_lift,($B12)/v_lift+v_lift/a_lift,2*SQRT(($B12)/a_lift)))+t_pos+t_I+IF((ABS($B12-F$5))<=0,0,IF((ABS($B12-F$5))>=v_lift^2/a_lift,(ABS($B12-F$5))/v_lift+v_lift/a_lift,2*SQRT((ABS($B12-F$5))/a_lift)))+t_pos+t_I+IF((F$5)<=0,0,IF((F$5)>=v_lift^2/a_lift,(F$5)/v_lift+v_lift/a_lift,2*SQRT((F$5)/a_lift)))+t_pos+t_ch) -> 1.0627866 | G12: =$C12*G$6*(t_ch+IF(($B12)<=0,0,IF(($B12)>=v_lift^2/a_lift,($B12)/v_lift+v_lift/a_lift,2*SQRT(($B12)/a_lift)))+t_pos+t_I+IF((ABS($B12-G$5))<=0,0,IF((ABS($B12-G$5))>=v_lift^2/a_lift,(ABS($B12-G$5))/v_lift+v_lift/a_lift,2*SQRT((ABS($B12-G$5))/a_lift)))+t_pos+t_I+IF((G$5)<=0,0,IF((G$5)>=v_lift^2/a_lift,(G$5)/v_lift+v_lift/a_lift,2*SQRT((G$5)/a_lift)))+t_pos+t_ch) -> 1.0627866 | H12: =$C12*H$6*(t_ch+IF(($B12)<=0,0,IF(($B12)>=v_lift^2/a_lift,($B12)/v_lift+v_lift/a_lift,2*SQRT(($B12)/a_lift)))+t_pos+t_I+IF((ABS($B12-H$5))<=0,0,IF((ABS($B12-H$5))>=v_lift^2/a_lift,(ABS($B12-H$5))/v_lift+v_lift/a_lift,2*SQRT((ABS($B12-H$5))/a_lift)))+t_pos+t_I+IF((H$5)<=0,0,IF((H$5)>=v_lift^2/a_lift,(H$5)/v_lift+v_lift/a_lift,2*SQRT((H$5)/a_lift)))+t_pos+t_ch) -> 1.0451499 | I12: =$C12*I$6*(t_ch+IF(($B12)<=0,0,IF(($B12)>=v_lift^2/a_lift,($B12)/v_lift+v_lift/a_lift,2*SQRT(($B12)/a_lift)))+t_pos+t_I+IF((ABS($B12-I$5))<=0,0,IF((ABS($B12-I$5))>=v_lift^2/a_lift,(ABS($B12-I$5))/v_lift+v_lift/a_lift,2*SQRT((ABS($B12-I$5))/a_lift)))+t_pos+t_I+IF((I$5)<=0,0,IF((I$5)>=v_lift^2/a_lift,(I$5)/v_lift+v_lift/a_lift,2*SQRT((I$5)/a_lift)))+t_pos+t_ch) -> 1.1084656 | J12: =$C12*J$6*(t_ch+IF(($B12)<=0,0,IF(($B12)>=v_lift^2/a_lift,($B12)/v_lift+v_lift/a_lift,2*SQRT(($B12)/a_lift)))+t_pos+t_I+IF((ABS($B12-J$5))<=0,0,IF((ABS($B12-J$5))>=v_lift^2/a_lift,(ABS($B12-J$5))/v_lift+v_lift/a_lift,2*SQRT((ABS($B12-J$5))/a_lift)))+t_pos+t_I+IF((J$5)<=0,0,IF((J$5)>=v_lift^2/a_lift,(J$5)/v_lift+v_lift/a_lift,2*SQRT((J$5)/a_lift)))+t_pos+t_ch) -> 1.1541446 | K12: =$C12*K$6*(t_ch+IF(($B12)<=0,0,IF(($B12)>=v_lift^2/a_lift,($B12)/v_lift+v_lift/a_lift,2*SQRT(($B12)/a_lift)))+t_pos+t_I+IF((ABS($B12-K$5))<=0,0,IF((ABS($B12-K$5))>=v_lift^2/a_lift,(ABS($B12-K$5))/v_lift+v_lift/a_lift,2*SQRT((ABS($B12-K$5))/a_lift)))+t_pos+t_I+IF((K$5)<=0,0,IF((K$5)>=v_lift^2/a_lift,(K$5)/v_lift+v_lift/a_lift,2*SQRT((K$5)/a_lift)))+t_pos+t_ch) -> 1.1998236 | ... W12: =$C12*W$6*(t_ch+IF(($B12)<=0,0,IF(($B12)>=v_lift^2/a_lift,($B12)/v_lift+v_lift/a_lift,2*SQRT(($B12)/a_lift)))+t_pos+t_I+IF((ABS($B12-W$5))<=0,0,IF((ABS($B12-W$5))>=v_lift^2/a_lift,(ABS($B12-W$5))/v_lift+v_lift/a_lift,2*SQRT((ABS($B12-W$5))/a_lift)))+t_pos+t_I+IF((W$5)<=0,0,IF((W$5)>=v_lift^2/a_lift,(W$5)/v_lift+v_lift/a_lift,2*SQRT((W$5)/a_lift)))+t_pos+t_ch) -> 0
A13: 6 | B13: =Tiers!C9 -> 9.25 | C13: =Tiers!I9 -> 0.11111111 | D13: =$C13*D$6*(t_ch+IF(($B13)<=0,0,IF(($B13)>=v_lift^2/a_lift,($B13)/v_lift+v_lift/a_lift,2*SQRT(($B13)/a_lift)))+t_pos+t_I+IF((ABS($B13-D$5))<=0,0,IF((ABS($B13-D$5))>=v_lift^2/a_lift,(ABS($B13-D$5))/v_lift+v_lift/a_lift,2*SQRT((ABS($B13-D$5))/a_lift)))+t_pos+t_I+IF((D$5)<=0,0,IF((D$5)>=v_lift^2/a_lift,(D$5)/v_lift+v_lift/a_lift,2*SQRT((D$5)/a_lift)))+t_pos+t_ch) -> 0 | E13: =$C13*E$6*(t_ch+IF(($B13)<=0,0,IF(($B13)>=v_lift^2/a_lift,($B13)/v_lift+v_lift/a_lift,2*SQRT(($B13)/a_lift)))+t_pos+t_I+IF((ABS($B13-E$5))<=0,0,IF((ABS($B13-E$5))>=v_lift^2/a_lift,(ABS($B13-E$5))/v_lift+v_lift/a_lift,2*SQRT((ABS($B13-E$5))/a_lift)))+t_pos+t_I+IF((E$5)<=0,0,IF((E$5)>=v_lift^2/a_lift,(E$5)/v_lift+v_lift/a_lift,2*SQRT((E$5)/a_lift)))+t_pos+t_ch) -> 1.1084656 | F13: =$C13*F$6*(t_ch+IF(($B13)<=0,0,IF(($B13)>=v_lift^2/a_lift,($B13)/v_lift+v_lift/a_lift,2*SQRT(($B13)/a_lift)))+t_pos+t_I+IF((ABS($B13-F$5))<=0,0,IF((ABS($B13-F$5))>=v_lift^2/a_lift,(ABS($B13-F$5))/v_lift+v_lift/a_lift,2*SQRT((ABS($B13-F$5))/a_lift)))+t_pos+t_I+IF((F$5)<=0,0,IF((F$5)>=v_lift^2/a_lift,(F$5)/v_lift+v_lift/a_lift,2*SQRT((F$5)/a_lift)))+t_pos+t_ch) -> 1.1084656 | G13: =$C13*G$6*(t_ch+IF(($B13)<=0,0,IF(($B13)>=v_lift^2/a_lift,($B13)/v_lift+v_lift/a_lift,2*SQRT(($B13)/a_lift)))+t_pos+t_I+IF((ABS($B13-G$5))<=0,0,IF((ABS($B13-G$5))>=v_lift^2/a_lift,(ABS($B13-G$5))/v_lift+v_lift/a_lift,2*SQRT((ABS($B13-G$5))/a_lift)))+t_pos+t_I+IF((G$5)<=0,0,IF((G$5)>=v_lift^2/a_lift,(G$5)/v_lift+v_lift/a_lift,2*SQRT((G$5)/a_lift)))+t_pos+t_ch) -> 1.1084656 | H13: =$C13*H$6*(t_ch+IF(($B13)<=0,0,IF(($B13)>=v_lift^2/a_lift,($B13)/v_lift+v_lift/a_lift,2*SQRT(($B13)/a_lift)))+t_pos+t_I+IF((ABS($B13-H$5))<=0,0,IF((ABS($B13-H$5))>=v_lift^2/a_lift,(ABS($B13-H$5))/v_lift+v_lift/a_lift,2*SQRT((ABS($B13-H$5))/a_lift)))+t_pos+t_I+IF((H$5)<=0,0,IF((H$5)>=v_lift^2/a_lift,(H$5)/v_lift+v_lift/a_lift,2*SQRT((H$5)/a_lift)))+t_pos+t_ch) -> 1.1084656 | I13: =$C13*I$6*(t_ch+IF(($B13)<=0,0,IF(($B13)>=v_lift^2/a_lift,($B13)/v_lift+v_lift/a_lift,2*SQRT(($B13)/a_lift)))+t_pos+t_I+IF((ABS($B13-I$5))<=0,0,IF((ABS($B13-I$5))>=v_lift^2/a_lift,(ABS($B13-I$5))/v_lift+v_lift/a_lift,2*SQRT((ABS($B13-I$5))/a_lift)))+t_pos+t_I+IF((I$5)<=0,0,IF((I$5)>=v_lift^2/a_lift,(I$5)/v_lift+v_lift/a_lift,2*SQRT((I$5)/a_lift)))+t_pos+t_ch) -> 1.0908289 | J13: =$C13*J$6*(t_ch+IF(($B13)<=0,0,IF(($B13)>=v_lift^2/a_lift,($B13)/v_lift+v_lift/a_lift,2*SQRT(($B13)/a_lift)))+t_pos+t_I+IF((ABS($B13-J$5))<=0,0,IF((ABS($B13-J$5))>=v_lift^2/a_lift,(ABS($B13-J$5))/v_lift+v_lift/a_lift,2*SQRT((ABS($B13-J$5))/a_lift)))+t_pos+t_I+IF((J$5)<=0,0,IF((J$5)>=v_lift^2/a_lift,(J$5)/v_lift+v_lift/a_lift,2*SQRT((J$5)/a_lift)))+t_pos+t_ch) -> 1.1541446 | K13: =$C13*K$6*(t_ch+IF(($B13)<=0,0,IF(($B13)>=v_lift^2/a_lift,($B13)/v_lift+v_lift/a_lift,2*SQRT(($B13)/a_lift)))+t_pos+t_I+IF((ABS($B13-K$5))<=0,0,IF((ABS($B13-K$5))>=v_lift^2/a_lift,(ABS($B13-K$5))/v_lift+v_lift/a_lift,2*SQRT((ABS($B13-K$5))/a_lift)))+t_pos+t_I+IF((K$5)<=0,0,IF((K$5)>=v_lift^2/a_lift,(K$5)/v_lift+v_lift/a_lift,2*SQRT((K$5)/a_lift)))+t_pos+t_ch) -> 1.1998236 | ... W13: =$C13*W$6*(t_ch+IF(($B13)<=0,0,IF(($B13)>=v_lift^2/a_lift,($B13)/v_lift+v_lift/a_lift,2*SQRT(($B13)/a_lift)))+t_pos+t_I+IF((ABS($B13-W$5))<=0,0,IF((ABS($B13-W$5))>=v_lift^2/a_lift,(ABS($B13-W$5))/v_lift+v_lift/a_lift,2*SQRT((ABS($B13-W$5))/a_lift)))+t_pos+t_I+IF((W$5)<=0,0,IF((W$5)>=v_lift^2/a_lift,(W$5)/v_lift+v_lift/a_lift,2*SQRT((W$5)/a_lift)))+t_pos+t_ch) -> 0
A14: 7 | B14: =Tiers!C10 -> 11.1 | C14: =Tiers!I10 -> 0.11111111 | D14: =$C14*D$6*(t_ch+IF(($B14)<=0,0,IF(($B14)>=v_lift^2/a_lift,($B14)/v_lift+v_lift/a_lift,2*SQRT(($B14)/a_lift)))+t_pos+t_I+IF((ABS($B14-D$5))<=0,0,IF((ABS($B14-D$5))>=v_lift^2/a_lift,(ABS($B14-D$5))/v_lift+v_lift/a_lift,2*SQRT((ABS($B14-D$5))/a_lift)))+t_pos+t_I+IF((D$5)<=0,0,IF((D$5)>=v_lift^2/a_lift,(D$5)/v_lift+v_lift/a_lift,2*SQRT((D$5)/a_lift)))+t_pos+t_ch) -> 0 | E14: =$C14*E$6*(t_ch+IF(($B14)<=0,0,IF(($B14)>=v_lift^2/a_lift,($B14)/v_lift+v_lift/a_lift,2*SQRT(($B14)/a_lift)))+t_pos+t_I+IF((ABS($B14-E$5))<=0,0,IF((ABS($B14-E$5))>=v_lift^2/a_lift,(ABS($B14-E$5))/v_lift+v_lift/a_lift,2*SQRT((ABS($B14-E$5))/a_lift)))+t_pos+t_I+IF((E$5)<=0,0,IF((E$5)>=v_lift^2/a_lift,(E$5)/v_lift+v_lift/a_lift,2*SQRT((E$5)/a_lift)))+t_pos+t_ch) -> 1.1541446 | F14: =$C14*F$6*(t_ch+IF(($B14)<=0,0,IF(($B14)>=v_lift^2/a_lift,($B14)/v_lift+v_lift/a_lift,2*SQRT(($B14)/a_lift)))+t_pos+t_I+IF((ABS($B14-F$5))<=0,0,IF((ABS($B14-F$5))>=v_lift^2/a_lift,(ABS($B14-F$5))/v_lift+v_lift/a_lift,2*SQRT((ABS($B14-F$5))/a_lift)))+t_pos+t_I+IF((F$5)<=0,0,IF((F$5)>=v_lift^2/a_lift,(F$5)/v_lift+v_lift/a_lift,2*SQRT((F$5)/a_lift)))+t_pos+t_ch) -> 1.1541446 | G14: =$C14*G$6*(t_ch+IF(($B14)<=0,0,IF(($B14)>=v_lift^2/a_lift,($B14)/v_lift+v_lift/a_lift,2*SQRT(($B14)/a_lift)))+t_pos+t_I+IF((ABS($B14-G$5))<=0,0,IF((ABS($B14-G$5))>=v_lift^2/a_lift,(ABS($B14-G$5))/v_lift+v_lift/a_lift,2*SQRT((ABS($B14-G$5))/a_lift)))+t_pos+t_I+IF((G$5)<=0,0,IF((G$5)>=v_lift^2/a_lift,(G$5)/v_lift+v_lift/a_lift,2*SQRT((G$5)/a_lift)))+t_pos+t_ch) -> 1.1541446 | H14: =$C14*H$6*(t_ch+IF(($B14)<=0,0,IF(($B14)>=v_lift^2/a_lift,($B14)/v_lift+v_lift/a_lift,2*SQRT(($B14)/a_lift)))+t_pos+t_I+IF((ABS($B14-H$5))<=0,0,IF((ABS($B14-H$5))>=v_lift^2/a_lift,(ABS($B14-H$5))/v_lift+v_lift/a_lift,2*SQRT((ABS($B14-H$5))/a_lift)))+t_pos+t_I+IF((H$5)<=0,0,IF((H$5)>=v_lift^2/a_lift,(H$5)/v_lift+v_lift/a_lift,2*SQRT((H$5)/a_lift)))+t_pos+t_ch) -> 1.1541446 | I14: =$C14*I$6*(t_ch+IF(($B14)<=0,0,IF(($B14)>=v_lift^2/a_lift,($B14)/v_lift+v_lift/a_lift,2*SQRT(($B14)/a_lift)))+t_pos+t_I+IF((ABS($B14-I$5))<=0,0,IF((ABS($B14-I$5))>=v_lift^2/a_lift,(ABS($B14-I$5))/v_lift+v_lift/a_lift,2*SQRT((ABS($B14-I$5))/a_lift)))+t_pos+t_I+IF((I$5)<=0,0,IF((I$5)>=v_lift^2/a_lift,(I$5)/v_lift+v_lift/a_lift,2*SQRT((I$5)/a_lift)))+t_pos+t_ch) -> 1.1541446 | J14: =$C14*J$6*(t_ch+IF(($B14)<=0,0,IF(($B14)>=v_lift^2/a_lift,($B14)/v_lift+v_lift/a_lift,2*SQRT(($B14)/a_lift)))+t_pos+t_I+IF((ABS($B14-J$5))<=0,0,IF((ABS($B14-J$5))>=v_lift^2/a_lift,(ABS($B14-J$5))/v_lift+v_lift/a_lift,2*SQRT((ABS($B14-J$5))/a_lift)))+t_pos+t_I+IF((J$5)<=0,0,IF((J$5)>=v_lift^2/a_lift,(J$5)/v_lift+v_lift/a_lift,2*SQRT((J$5)/a_lift)))+t_pos+t_ch) -> 1.1365079 | K14: =$C14*K$6*(t_ch+IF(($B14)<=0,0,IF(($B14)>=v_lift^2/a_lift,($B14)/v_lift+v_lift/a_lift,2*SQRT(($B14)/a_lift)))+t_pos+t_I+IF((ABS($B14-K$5))<=0,0,IF((ABS($B14-K$5))>=v_lift^2/a_lift,(ABS($B14-K$5))/v_lift+v_lift/a_lift,2*SQRT((ABS($B14-K$5))/a_lift)))+t_pos+t_I+IF((K$5)<=0,0,IF((K$5)>=v_lift^2/a_lift,(K$5)/v_lift+v_lift/a_lift,2*SQRT((K$5)/a_lift)))+t_pos+t_ch) -> 1.1998236 | ... W14: =$C14*W$6*(t_ch+IF(($B14)<=0,0,IF(($B14)>=v_lift^2/a_lift,($B14)/v_lift+v_lift/a_lift,2*SQRT(($B14)/a_lift)))+t_pos+t_I+IF((ABS($B14-W$5))<=0,0,IF((ABS($B14-W$5))>=v_lift^2/a_lift,(ABS($B14-W$5))/v_lift+v_lift/a_lift,2*SQRT((ABS($B14-W$5))/a_lift)))+t_pos+t_I+IF((W$5)<=0,0,IF((W$5)>=v_lift^2/a_lift,(W$5)/v_lift+v_lift/a_lift,2*SQRT((W$5)/a_lift)))+t_pos+t_ch) -> 0
A15: 8 | B15: =Tiers!C11 -> 12.95 | C15: =Tiers!I11 -> 0.11111111 | D15: =$C15*D$6*(t_ch+IF(($B15)<=0,0,IF(($B15)>=v_lift^2/a_lift,($B15)/v_lift+v_lift/a_lift,2*SQRT(($B15)/a_lift)))+t_pos+t_I+IF((ABS($B15-D$5))<=0,0,IF((ABS($B15-D$5))>=v_lift^2/a_lift,(ABS($B15-D$5))/v_lift+v_lift/a_lift,2*SQRT((ABS($B15-D$5))/a_lift)))+t_pos+t_I+IF((D$5)<=0,0,IF((D$5)>=v_lift^2/a_lift,(D$5)/v_lift+v_lift/a_lift,2*SQRT((D$5)/a_lift)))+t_pos+t_ch) -> 0 | E15: =$C15*E$6*(t_ch+IF(($B15)<=0,0,IF(($B15)>=v_lift^2/a_lift,($B15)/v_lift+v_lift/a_lift,2*SQRT(($B15)/a_lift)))+t_pos+t_I+IF((ABS($B15-E$5))<=0,0,IF((ABS($B15-E$5))>=v_lift^2/a_lift,(ABS($B15-E$5))/v_lift+v_lift/a_lift,2*SQRT((ABS($B15-E$5))/a_lift)))+t_pos+t_I+IF((E$5)<=0,0,IF((E$5)>=v_lift^2/a_lift,(E$5)/v_lift+v_lift/a_lift,2*SQRT((E$5)/a_lift)))+t_pos+t_ch) -> 1.1998236 | F15: =$C15*F$6*(t_ch+IF(($B15)<=0,0,IF(($B15)>=v_lift^2/a_lift,($B15)/v_lift+v_lift/a_lift,2*SQRT(($B15)/a_lift)))+t_pos+t_I+IF((ABS($B15-F$5))<=0,0,IF((ABS($B15-F$5))>=v_lift^2/a_lift,(ABS($B15-F$5))/v_lift+v_lift/a_lift,2*SQRT((ABS($B15-F$5))/a_lift)))+t_pos+t_I+IF((F$5)<=0,0,IF((F$5)>=v_lift^2/a_lift,(F$5)/v_lift+v_lift/a_lift,2*SQRT((F$5)/a_lift)))+t_pos+t_ch) -> 1.1998236 | G15: =$C15*G$6*(t_ch+IF(($B15)<=0,0,IF(($B15)>=v_lift^2/a_lift,($B15)/v_lift+v_lift/a_lift,2*SQRT(($B15)/a_lift)))+t_pos+t_I+IF((ABS($B15-G$5))<=0,0,IF((ABS($B15-G$5))>=v_lift^2/a_lift,(ABS($B15-G$5))/v_lift+v_lift/a_lift,2*SQRT((ABS($B15-G$5))/a_lift)))+t_pos+t_I+IF((G$5)<=0,0,IF((G$5)>=v_lift^2/a_lift,(G$5)/v_lift+v_lift/a_lift,2*SQRT((G$5)/a_lift)))+t_pos+t_ch) -> 1.1998236 | H15: =$C15*H$6*(t_ch+IF(($B15)<=0,0,IF(($B15)>=v_lift^2/a_lift,($B15)/v_lift+v_lift/a_lift,2*SQRT(($B15)/a_lift)))+t_pos+t_I+IF((ABS($B15-H$5))<=0,0,IF((ABS($B15-H$5))>=v_lift^2/a_lift,(ABS($B15-H$5))/v_lift+v_lift/a_lift,2*SQRT((ABS($B15-H$5))/a_lift)))+t_pos+t_I+IF((H$5)<=0,0,IF((H$5)>=v_lift^2/a_lift,(H$5)/v_lift+v_lift/a_lift,2*SQRT((H$5)/a_lift)))+t_pos+t_ch) -> 1.1998236 | I15: =$C15*I$6*(t_ch+IF(($B15)<=0,0,IF(($B15)>=v_lift^2/a_lift,($B15)/v_lift+v_lift/a_lift,2*SQRT(($B15)/a_lift)))+t_pos+t_I+IF((ABS($B15-I$5))<=0,0,IF((ABS($B15-I$5))>=v_lift^2/a_lift,(ABS($B15-I$5))/v_lift+v_lift/a_lift,2*SQRT((ABS($B15-I$5))/a_lift)))+t_pos+t_I+IF((I$5)<=0,0,IF((I$5)>=v_lift^2/a_lift,(I$5)/v_lift+v_lift/a_lift,2*SQRT((I$5)/a_lift)))+t_pos+t_ch) -> 1.1998236 | J15: =$C15*J$6*(t_ch+IF(($B15)<=0,0,IF(($B15)>=v_lift^2/a_lift,($B15)/v_lift+v_lift/a_lift,2*SQRT(($B15)/a_lift)))+t_pos+t_I+IF((ABS($B15-J$5))<=0,0,IF((ABS($B15-J$5))>=v_lift^2/a_lift,(ABS($B15-J$5))/v_lift+v_lift/a_lift,2*SQRT((ABS($B15-J$5))/a_lift)))+t_pos+t_I+IF((J$5)<=0,0,IF((J$5)>=v_lift^2/a_lift,(J$5)/v_lift+v_lift/a_lift,2*SQRT((J$5)/a_lift)))+t_pos+t_ch) -> 1.1998236 | K15: =$C15*K$6*(t_ch+IF(($B15)<=0,0,IF(($B15)>=v_lift^2/a_lift,($B15)/v_lift+v_lift/a_lift,2*SQRT(($B15)/a_lift)))+t_pos+t_I+IF((ABS($B15-K$5))<=0,0,IF((ABS($B15-K$5))>=v_lift^2/a_lift,(ABS($B15-K$5))/v_lift+v_lift/a_lift,2*SQRT((ABS($B15-K$5))/a_lift)))+t_pos+t_I+IF((K$5)<=0,0,IF((K$5)>=v_lift^2/a_lift,(K$5)/v_lift+v_lift/a_lift,2*SQRT((K$5)/a_lift)))+t_pos+t_ch) -> 1.1821869 | ... W15: =$C15*W$6*(t_ch+IF(($B15)<=0,0,IF(($B15)>=v_lift^2/a_lift,($B15)/v_lift+v_lift/a_lift,2*SQRT(($B15)/a_lift)))+t_pos+t_I+IF((ABS($B15-W$5))<=0,0,IF((ABS($B15-W$5))>=v_lift^2/a_lift,(ABS($B15-W$5))/v_lift+v_lift/a_lift,2*SQRT((ABS($B15-W$5))/a_lift)))+t_pos+t_I+IF((W$5)<=0,0,IF((W$5)>=v_lift^2/a_lift,(W$5)/v_lift+v_lift/a_lift,2*SQRT((W$5)/a_lift)))+t_pos+t_ch) -> 0
A16: 9 | B16: =Tiers!C12 -> 14.8 | C16: =Tiers!I12 -> 0.11111111 | D16: =$C16*D$6*(t_ch+IF(($B16)<=0,0,IF(($B16)>=v_lift^2/a_lift,($B16)/v_lift+v_lift/a_lift,2*SQRT(($B16)/a_lift)))+t_pos+t_I+IF((ABS($B16-D$5))<=0,0,IF((ABS($B16-D$5))>=v_lift^2/a_lift,(ABS($B16-D$5))/v_lift+v_lift/a_lift,2*SQRT((ABS($B16-D$5))/a_lift)))+t_pos+t_I+IF((D$5)<=0,0,IF((D$5)>=v_lift^2/a_lift,(D$5)/v_lift+v_lift/a_lift,2*SQRT((D$5)/a_lift)))+t_pos+t_ch) -> 0 | E16: =$C16*E$6*(t_ch+IF(($B16)<=0,0,IF(($B16)>=v_lift^2/a_lift,($B16)/v_lift+v_lift/a_lift,2*SQRT(($B16)/a_lift)))+t_pos+t_I+IF((ABS($B16-E$5))<=0,0,IF((ABS($B16-E$5))>=v_lift^2/a_lift,(ABS($B16-E$5))/v_lift+v_lift/a_lift,2*SQRT((ABS($B16-E$5))/a_lift)))+t_pos+t_I+IF((E$5)<=0,0,IF((E$5)>=v_lift^2/a_lift,(E$5)/v_lift+v_lift/a_lift,2*SQRT((E$5)/a_lift)))+t_pos+t_ch) -> 1.2455026 | F16: =$C16*F$6*(t_ch+IF(($B16)<=0,0,IF(($B16)>=v_lift^2/a_lift,($B16)/v_lift+v_lift/a_lift,2*SQRT(($B16)/a_lift)))+t_pos+t_I+IF((ABS($B16-F$5))<=0,0,IF((ABS($B16-F$5))>=v_lift^2/a_lift,(ABS($B16-F$5))/v_lift+v_lift/a_lift,2*SQRT((ABS($B16-F$5))/a_lift)))+t_pos+t_I+IF((F$5)<=0,0,IF((F$5)>=v_lift^2/a_lift,(F$5)/v_lift+v_lift/a_lift,2*SQRT((F$5)/a_lift)))+t_pos+t_ch) -> 1.2455026 | G16: =$C16*G$6*(t_ch+IF(($B16)<=0,0,IF(($B16)>=v_lift^2/a_lift,($B16)/v_lift+v_lift/a_lift,2*SQRT(($B16)/a_lift)))+t_pos+t_I+IF((ABS($B16-G$5))<=0,0,IF((ABS($B16-G$5))>=v_lift^2/a_lift,(ABS($B16-G$5))/v_lift+v_lift/a_lift,2*SQRT((ABS($B16-G$5))/a_lift)))+t_pos+t_I+IF((G$5)<=0,0,IF((G$5)>=v_lift^2/a_lift,(G$5)/v_lift+v_lift/a_lift,2*SQRT((G$5)/a_lift)))+t_pos+t_ch) -> 1.2455026 | H16: =$C16*H$6*(t_ch+IF(($B16)<=0,0,IF(($B16)>=v_lift^2/a_lift,($B16)/v_lift+v_lift/a_lift,2*SQRT(($B16)/a_lift)))+t_pos+t_I+IF((ABS($B16-H$5))<=0,0,IF((ABS($B16-H$5))>=v_lift^2/a_lift,(ABS($B16-H$5))/v_lift+v_lift/a_lift,2*SQRT((ABS($B16-H$5))/a_lift)))+t_pos+t_I+IF((H$5)<=0,0,IF((H$5)>=v_lift^2/a_lift,(H$5)/v_lift+v_lift/a_lift,2*SQRT((H$5)/a_lift)))+t_pos+t_ch) -> 1.2455026 | I16: =$C16*I$6*(t_ch+IF(($B16)<=0,0,IF(($B16)>=v_lift^2/a_lift,($B16)/v_lift+v_lift/a_lift,2*SQRT(($B16)/a_lift)))+t_pos+t_I+IF((ABS($B16-I$5))<=0,0,IF((ABS($B16-I$5))>=v_lift^2/a_lift,(ABS($B16-I$5))/v_lift+v_lift/a_lift,2*SQRT((ABS($B16-I$5))/a_lift)))+t_pos+t_I+IF((I$5)<=0,0,IF((I$5)>=v_lift^2/a_lift,(I$5)/v_lift+v_lift/a_lift,2*SQRT((I$5)/a_lift)))+t_pos+t_ch) -> 1.2455026 | J16: =$C16*J$6*(t_ch+IF(($B16)<=0,0,IF(($B16)>=v_lift^2/a_lift,($B16)/v_lift+v_lift/a_lift,2*SQRT(($B16)/a_lift)))+t_pos+t_I+IF((ABS($B16-J$5))<=0,0,IF((ABS($B16-J$5))>=v_lift^2/a_lift,(ABS($B16-J$5))/v_lift+v_lift/a_lift,2*SQRT((ABS($B16-J$5))/a_lift)))+t_pos+t_I+IF((J$5)<=0,0,IF((J$5)>=v_lift^2/a_lift,(J$5)/v_lift+v_lift/a_lift,2*SQRT((J$5)/a_lift)))+t_pos+t_ch) -> 1.2455026 | K16: =$C16*K$6*(t_ch+IF(($B16)<=0,0,IF(($B16)>=v_lift^2/a_lift,($B16)/v_lift+v_lift/a_lift,2*SQRT(($B16)/a_lift)))+t_pos+t_I+IF((ABS($B16-K$5))<=0,0,IF((ABS($B16-K$5))>=v_lift^2/a_lift,(ABS($B16-K$5))/v_lift+v_lift/a_lift,2*SQRT((ABS($B16-K$5))/a_lift)))+t_pos+t_I+IF((K$5)<=0,0,IF((K$5)>=v_lift^2/a_lift,(K$5)/v_lift+v_lift/a_lift,2*SQRT((K$5)/a_lift)))+t_pos+t_ch) -> 1.2455026 | ... W16: =$C16*W$6*(t_ch+IF(($B16)<=0,0,IF(($B16)>=v_lift^2/a_lift,($B16)/v_lift+v_lift/a_lift,2*SQRT(($B16)/a_lift)))+t_pos+t_I+IF((ABS($B16-W$5))<=0,0,IF((ABS($B16-W$5))>=v_lift^2/a_lift,(ABS($B16-W$5))/v_lift+v_lift/a_lift,2*SQRT((ABS($B16-W$5))/a_lift)))+t_pos+t_I+IF((W$5)<=0,0,IF((W$5)>=v_lift^2/a_lift,(W$5)/v_lift+v_lift/a_lift,2*SQRT((W$5)/a_lift)))+t_pos+t_ch) -> 0
A17: 10 | B17: =Tiers!C13 -> 16.65 | C17: =Tiers!I13 -> 0.11111111 | D17: =$C17*D$6*(t_ch+IF(($B17)<=0,0,IF(($B17)>=v_lift^2/a_lift,($B17)/v_lift+v_lift/a_lift,2*SQRT(($B17)/a_lift)))+t_pos+t_I+IF((ABS($B17-D$5))<=0,0,IF((ABS($B17-D$5))>=v_lift^2/a_lift,(ABS($B17-D$5))/v_lift+v_lift/a_lift,2*SQRT((ABS($B17-D$5))/a_lift)))+t_pos+t_I+IF((D$5)<=0,0,IF((D$5)>=v_lift^2/a_lift,(D$5)/v_lift+v_lift/a_lift,2*SQRT((D$5)/a_lift)))+t_pos+t_ch) -> 0 | E17: =$C17*E$6*(t_ch+IF(($B17)<=0,0,IF(($B17)>=v_lift^2/a_lift,($B17)/v_lift+v_lift/a_lift,2*SQRT(($B17)/a_lift)))+t_pos+t_I+IF((ABS($B17-E$5))<=0,0,IF((ABS($B17-E$5))>=v_lift^2/a_lift,(ABS($B17-E$5))/v_lift+v_lift/a_lift,2*SQRT((ABS($B17-E$5))/a_lift)))+t_pos+t_I+IF((E$5)<=0,0,IF((E$5)>=v_lift^2/a_lift,(E$5)/v_lift+v_lift/a_lift,2*SQRT((E$5)/a_lift)))+t_pos+t_ch) -> 1.2911817 | F17: =$C17*F$6*(t_ch+IF(($B17)<=0,0,IF(($B17)>=v_lift^2/a_lift,($B17)/v_lift+v_lift/a_lift,2*SQRT(($B17)/a_lift)))+t_pos+t_I+IF((ABS($B17-F$5))<=0,0,IF((ABS($B17-F$5))>=v_lift^2/a_lift,(ABS($B17-F$5))/v_lift+v_lift/a_lift,2*SQRT((ABS($B17-F$5))/a_lift)))+t_pos+t_I+IF((F$5)<=0,0,IF((F$5)>=v_lift^2/a_lift,(F$5)/v_lift+v_lift/a_lift,2*SQRT((F$5)/a_lift)))+t_pos+t_ch) -> 1.2911817 | G17: =$C17*G$6*(t_ch+IF(($B17)<=0,0,IF(($B17)>=v_lift^2/a_lift,($B17)/v_lift+v_lift/a_lift,2*SQRT(($B17)/a_lift)))+t_pos+t_I+IF((ABS($B17-G$5))<=0,0,IF((ABS($B17-G$5))>=v_lift^2/a_lift,(ABS($B17-G$5))/v_lift+v_lift/a_lift,2*SQRT((ABS($B17-G$5))/a_lift)))+t_pos+t_I+IF((G$5)<=0,0,IF((G$5)>=v_lift^2/a_lift,(G$5)/v_lift+v_lift/a_lift,2*SQRT((G$5)/a_lift)))+t_pos+t_ch) -> 1.2911817 | H17: =$C17*H$6*(t_ch+IF(($B17)<=0,0,IF(($B17)>=v_lift^2/a_lift,($B17)/v_lift+v_lift/a_lift,2*SQRT(($B17)/a_lift)))+t_pos+t_I+IF((ABS($B17-H$5))<=0,0,IF((ABS($B17-H$5))>=v_lift^2/a_lift,(ABS($B17-H$5))/v_lift+v_lift/a_lift,2*SQRT((ABS($B17-H$5))/a_lift)))+t_pos+t_I+IF((H$5)<=0,0,IF((H$5)>=v_lift^2/a_lift,(H$5)/v_lift+v_lift/a_lift,2*SQRT((H$5)/a_lift)))+t_pos+t_ch) -> 1.2911817 | I17: =$C17*I$6*(t_ch+IF(($B17)<=0,0,IF(($B17)>=v_lift^2/a_lift,($B17)/v_lift+v_lift/a_lift,2*SQRT(($B17)/a_lift)))+t_pos+t_I+IF((ABS($B17-I$5))<=0,0,IF((ABS($B17-I$5))>=v_lift^2/a_lift,(ABS($B17-I$5))/v_lift+v_lift/a_lift,2*SQRT((ABS($B17-I$5))/a_lift)))+t_pos+t_I+IF((I$5)<=0,0,IF((I$5)>=v_lift^2/a_lift,(I$5)/v_lift+v_lift/a_lift,2*SQRT((I$5)/a_lift)))+t_pos+t_ch) -> 1.2911817 | J17: =$C17*J$6*(t_ch+IF(($B17)<=0,0,IF(($B17)>=v_lift^2/a_lift,($B17)/v_lift+v_lift/a_lift,2*SQRT(($B17)/a_lift)))+t_pos+t_I+IF((ABS($B17-J$5))<=0,0,IF((ABS($B17-J$5))>=v_lift^2/a_lift,(ABS($B17-J$5))/v_lift+v_lift/a_lift,2*SQRT((ABS($B17-J$5))/a_lift)))+t_pos+t_I+IF((J$5)<=0,0,IF((J$5)>=v_lift^2/a_lift,(J$5)/v_lift+v_lift/a_lift,2*SQRT((J$5)/a_lift)))+t_pos+t_ch) -> 1.2911817 | K17: =$C17*K$6*(t_ch+IF(($B17)<=0,0,IF(($B17)>=v_lift^2/a_lift,($B17)/v_lift+v_lift/a_lift,2*SQRT(($B17)/a_lift)))+t_pos+t_I+IF((ABS($B17-K$5))<=0,0,IF((ABS($B17-K$5))>=v_lift^2/a_lift,(ABS($B17-K$5))/v_lift+v_lift/a_lift,2*SQRT((ABS($B17-K$5))/a_lift)))+t_pos+t_I+IF((K$5)<=0,0,IF((K$5)>=v_lift^2/a_lift,(K$5)/v_lift+v_lift/a_lift,2*SQRT((K$5)/a_lift)))+t_pos+t_ch) -> 1.2911817 | ... W17: =$C17*W$6*(t_ch+IF(($B17)<=0,0,IF(($B17)>=v_lift^2/a_lift,($B17)/v_lift+v_lift/a_lift,2*SQRT(($B17)/a_lift)))+t_pos+t_I+IF((ABS($B17-W$5))<=0,0,IF((ABS($B17-W$5))>=v_lift^2/a_lift,(ABS($B17-W$5))/v_lift+v_lift/a_lift,2*SQRT((ABS($B17-W$5))/a_lift)))+t_pos+t_I+IF((W$5)<=0,0,IF((W$5)>=v_lift^2/a_lift,(W$5)/v_lift+v_lift/a_lift,2*SQRT((W$5)/a_lift)))+t_pos+t_ch) -> 0
A18: 11 | B18: =Tiers!C14 -> 0 | C18: =Tiers!I14 -> 0 | D18: =$C18*D$6*(t_ch+IF(($B18)<=0,0,IF(($B18)>=v_lift^2/a_lift,($B18)/v_lift+v_lift/a_lift,2*SQRT(($B18)/a_lift)))+t_pos+t_I+IF((ABS($B18-D$5))<=0,0,IF((ABS($B18-D$5))>=v_lift^2/a_lift,(ABS($B18-D$5))/v_lift+v_lift/a_lift,2*SQRT((ABS($B18-D$5))/a_lift)))+t_pos+t_I+IF((D$5)<=0,0,IF((D$5)>=v_lift^2/a_lift,(D$5)/v_lift+v_lift/a_lift,2*SQRT((D$5)/a_lift)))+t_pos+t_ch) -> 0 | E18: =$C18*E$6*(t_ch+IF(($B18)<=0,0,IF(($B18)>=v_lift^2/a_lift,($B18)/v_lift+v_lift/a_lift,2*SQRT(($B18)/a_lift)))+t_pos+t_I+IF((ABS($B18-E$5))<=0,0,IF((ABS($B18-E$5))>=v_lift^2/a_lift,(ABS($B18-E$5))/v_lift+v_lift/a_lift,2*SQRT((ABS($B18-E$5))/a_lift)))+t_pos+t_I+IF((E$5)<=0,0,IF((E$5)>=v_lift^2/a_lift,(E$5)/v_lift+v_lift/a_lift,2*SQRT((E$5)/a_lift)))+t_pos+t_ch) -> 0 | F18: =$C18*F$6*(t_ch+IF(($B18)<=0,0,IF(($B18)>=v_lift^2/a_lift,($B18)/v_lift+v_lift/a_lift,2*SQRT(($B18)/a_lift)))+t_pos+t_I+IF((ABS($B18-F$5))<=0,0,IF((ABS($B18-F$5))>=v_lift^2/a_lift,(ABS($B18-F$5))/v_lift+v_lift/a_lift,2*SQRT((ABS($B18-F$5))/a_lift)))+t_pos+t_I+IF((F$5)<=0,0,IF((F$5)>=v_lift^2/a_lift,(F$5)/v_lift+v_lift/a_lift,2*SQRT((F$5)/a_lift)))+t_pos+t_ch) -> 0 | G18: =$C18*G$6*(t_ch+IF(($B18)<=0,0,IF(($B18)>=v_lift^2/a_lift,($B18)/v_lift+v_lift/a_lift,2*SQRT(($B18)/a_lift)))+t_pos+t_I+IF((ABS($B18-G$5))<=0,0,IF((ABS($B18-G$5))>=v_lift^2/a_lift,(ABS($B18-G$5))/v_lift+v_lift/a_lift,2*SQRT((ABS($B18-G$5))/a_lift)))+t_pos+t_I+IF((G$5)<=0,0,IF((G$5)>=v_lift^2/a_lift,(G$5)/v_lift+v_lift/a_lift,2*SQRT((G$5)/a_lift)))+t_pos+t_ch) -> 0 | H18: =$C18*H$6*(t_ch+IF(($B18)<=0,0,IF(($B18)>=v_lift^2/a_lift,($B18)/v_lift+v_lift/a_lift,2*SQRT(($B18)/a_lift)))+t_pos+t_I+IF((ABS($B18-H$5))<=0,0,IF((ABS($B18-H$5))>=v_lift^2/a_lift,(ABS($B18-H$5))/v_lift+v_lift/a_lift,2*SQRT((ABS($B18-H$5))/a_lift)))+t_pos+t_I+IF((H$5)<=0,0,IF((H$5)>=v_lift^2/a_lift,(H$5)/v_lift+v_lift/a_lift,2*SQRT((H$5)/a_lift)))+t_pos+t_ch) -> 0 | I18: =$C18*I$6*(t_ch+IF(($B18)<=0,0,IF(($B18)>=v_lift^2/a_lift,($B18)/v_lift+v_lift/a_lift,2*SQRT(($B18)/a_lift)))+t_pos+t_I+IF((ABS($B18-I$5))<=0,0,IF((ABS($B18-I$5))>=v_lift^2/a_lift,(ABS($B18-I$5))/v_lift+v_lift/a_lift,2*SQRT((ABS($B18-I$5))/a_lift)))+t_pos+t_I+IF((I$5)<=0,0,IF((I$5)>=v_lift^2/a_lift,(I$5)/v_lift+v_lift/a_lift,2*SQRT((I$5)/a_lift)))+t_pos+t_ch) -> 0 | J18: =$C18*J$6*(t_ch+IF(($B18)<=0,0,IF(($B18)>=v_lift^2/a_lift,($B18)/v_lift+v_lift/a_lift,2*SQRT(($B18)/a_lift)))+t_pos+t_I+IF((ABS($B18-J$5))<=0,0,IF((ABS($B18-J$5))>=v_lift^2/a_lift,(ABS($B18-J$5))/v_lift+v_lift/a_lift,2*SQRT((ABS($B18-J$5))/a_lift)))+t_pos+t_I+IF((J$5)<=0,0,IF((J$5)>=v_lift^2/a_lift,(J$5)/v_lift+v_lift/a_lift,2*SQRT((J$5)/a_lift)))+t_pos+t_ch) -> 0 | K18: =$C18*K$6*(t_ch+IF(($B18)<=0,0,IF(($B18)>=v_lift^2/a_lift,($B18)/v_lift+v_lift/a_lift,2*SQRT(($B18)/a_lift)))+t_pos+t_I+IF((ABS($B18-K$5))<=0,0,IF((ABS($B18-K$5))>=v_lift^2/a_lift,(ABS($B18-K$5))/v_lift+v_lift/a_lift,2*SQRT((ABS($B18-K$5))/a_lift)))+t_pos+t_I+IF((K$5)<=0,0,IF((K$5)>=v_lift^2/a_lift,(K$5)/v_lift+v_lift/a_lift,2*SQRT((K$5)/a_lift)))+t_pos+t_ch) -> 0 | ... W18: =$C18*W$6*(t_ch+IF(($B18)<=0,0,IF(($B18)>=v_lift^2/a_lift,($B18)/v_lift+v_lift/a_lift,2*SQRT(($B18)/a_lift)))+t_pos+t_I+IF((ABS($B18-W$5))<=0,0,IF((ABS($B18-W$5))>=v_lift^2/a_lift,(ABS($B18-W$5))/v_lift+v_lift/a_lift,2*SQRT((ABS($B18-W$5))/a_lift)))+t_pos+t_I+IF((W$5)<=0,0,IF((W$5)>=v_lift^2/a_lift,(W$5)/v_lift+v_lift/a_lift,2*SQRT((W$5)/a_lift)))+t_pos+t_ch) -> 0
A19: 12 | B19: =Tiers!C15 -> 0 | C19: =Tiers!I15 -> 0 | D19: =$C19*D$6*(t_ch+IF(($B19)<=0,0,IF(($B19)>=v_lift^2/a_lift,($B19)/v_lift+v_lift/a_lift,2*SQRT(($B19)/a_lift)))+t_pos+t_I+IF((ABS($B19-D$5))<=0,0,IF((ABS($B19-D$5))>=v_lift^2/a_lift,(ABS($B19-D$5))/v_lift+v_lift/a_lift,2*SQRT((ABS($B19-D$5))/a_lift)))+t_pos+t_I+IF((D$5)<=0,0,IF((D$5)>=v_lift^2/a_lift,(D$5)/v_lift+v_lift/a_lift,2*SQRT((D$5)/a_lift)))+t_pos+t_ch) -> 0 | E19: =$C19*E$6*(t_ch+IF(($B19)<=0,0,IF(($B19)>=v_lift^2/a_lift,($B19)/v_lift+v_lift/a_lift,2*SQRT(($B19)/a_lift)))+t_pos+t_I+IF((ABS($B19-E$5))<=0,0,IF((ABS($B19-E$5))>=v_lift^2/a_lift,(ABS($B19-E$5))/v_lift+v_lift/a_lift,2*SQRT((ABS($B19-E$5))/a_lift)))+t_pos+t_I+IF((E$5)<=0,0,IF((E$5)>=v_lift^2/a_lift,(E$5)/v_lift+v_lift/a_lift,2*SQRT((E$5)/a_lift)))+t_pos+t_ch) -> 0 | F19: =$C19*F$6*(t_ch+IF(($B19)<=0,0,IF(($B19)>=v_lift^2/a_lift,($B19)/v_lift+v_lift/a_lift,2*SQRT(($B19)/a_lift)))+t_pos+t_I+IF((ABS($B19-F$5))<=0,0,IF((ABS($B19-F$5))>=v_lift^2/a_lift,(ABS($B19-F$5))/v_lift+v_lift/a_lift,2*SQRT((ABS($B19-F$5))/a_lift)))+t_pos+t_I+IF((F$5)<=0,0,IF((F$5)>=v_lift^2/a_lift,(F$5)/v_lift+v_lift/a_lift,2*SQRT((F$5)/a_lift)))+t_pos+t_ch) -> 0 | G19: =$C19*G$6*(t_ch+IF(($B19)<=0,0,IF(($B19)>=v_lift^2/a_lift,($B19)/v_lift+v_lift/a_lift,2*SQRT(($B19)/a_lift)))+t_pos+t_I+IF((ABS($B19-G$5))<=0,0,IF((ABS($B19-G$5))>=v_lift^2/a_lift,(ABS($B19-G$5))/v_lift+v_lift/a_lift,2*SQRT((ABS($B19-G$5))/a_lift)))+t_pos+t_I+IF((G$5)<=0,0,IF((G$5)>=v_lift^2/a_lift,(G$5)/v_lift+v_lift/a_lift,2*SQRT((G$5)/a_lift)))+t_pos+t_ch) -> 0 | H19: =$C19*H$6*(t_ch+IF(($B19)<=0,0,IF(($B19)>=v_lift^2/a_lift,($B19)/v_lift+v_lift/a_lift,2*SQRT(($B19)/a_lift)))+t_pos+t_I+IF((ABS($B19-H$5))<=0,0,IF((ABS($B19-H$5))>=v_lift^2/a_lift,(ABS($B19-H$5))/v_lift+v_lift/a_lift,2*SQRT((ABS($B19-H$5))/a_lift)))+t_pos+t_I+IF((H$5)<=0,0,IF((H$5)>=v_lift^2/a_lift,(H$5)/v_lift+v_lift/a_lift,2*SQRT((H$5)/a_lift)))+t_pos+t_ch) -> 0 | I19: =$C19*I$6*(t_ch+IF(($B19)<=0,0,IF(($B19)>=v_lift^2/a_lift,($B19)/v_lift+v_lift/a_lift,2*SQRT(($B19)/a_lift)))+t_pos+t_I+IF((ABS($B19-I$5))<=0,0,IF((ABS($B19-I$5))>=v_lift^2/a_lift,(ABS($B19-I$5))/v_lift+v_lift/a_lift,2*SQRT((ABS($B19-I$5))/a_lift)))+t_pos+t_I+IF((I$5)<=0,0,IF((I$5)>=v_lift^2/a_lift,(I$5)/v_lift+v_lift/a_lift,2*SQRT((I$5)/a_lift)))+t_pos+t_ch) -> 0 | J19: =$C19*J$6*(t_ch+IF(($B19)<=0,0,IF(($B19)>=v_lift^2/a_lift,($B19)/v_lift+v_lift/a_lift,2*SQRT(($B19)/a_lift)))+t_pos+t_I+IF((ABS($B19-J$5))<=0,0,IF((ABS($B19-J$5))>=v_lift^2/a_lift,(ABS($B19-J$5))/v_lift+v_lift/a_lift,2*SQRT((ABS($B19-J$5))/a_lift)))+t_pos+t_I+IF((J$5)<=0,0,IF((J$5)>=v_lift^2/a_lift,(J$5)/v_lift+v_lift/a_lift,2*SQRT((J$5)/a_lift)))+t_pos+t_ch) -> 0 | K19: =$C19*K$6*(t_ch+IF(($B19)<=0,0,IF(($B19)>=v_lift^2/a_lift,($B19)/v_lift+v_lift/a_lift,2*SQRT(($B19)/a_lift)))+t_pos+t_I+IF((ABS($B19-K$5))<=0,0,IF((ABS($B19-K$5))>=v_lift^2/a_lift,(ABS($B19-K$5))/v_lift+v_lift/a_lift,2*SQRT((ABS($B19-K$5))/a_lift)))+t_pos+t_I+IF((K$5)<=0,0,IF((K$5)>=v_lift^2/a_lift,(K$5)/v_lift+v_lift/a_lift,2*SQRT((K$5)/a_lift)))+t_pos+t_ch) -> 0 | ... W19: =$C19*W$6*(t_ch+IF(($B19)<=0,0,IF(($B19)>=v_lift^2/a_lift,($B19)/v_lift+v_lift/a_lift,2*SQRT(($B19)/a_lift)))+t_pos+t_I+IF((ABS($B19-W$5))<=0,0,IF((ABS($B19-W$5))>=v_lift^2/a_lift,(ABS($B19-W$5))/v_lift+v_lift/a_lift,2*SQRT((ABS($B19-W$5))/a_lift)))+t_pos+t_I+IF((W$5)<=0,0,IF((W$5)>=v_lift^2/a_lift,(W$5)/v_lift+v_lift/a_lift,2*SQRT((W$5)/a_lift)))+t_pos+t_ch) -> 0
... A27: 20 | B27: =Tiers!C23 -> 0 | C27: =Tiers!I23 -> 0 | D27: =$C27*D$6*(t_ch+IF(($B27)<=0,0,IF(($B27)>=v_lift^2/a_lift,($B27)/v_lift+v_lift/a_lift,2*SQRT(($B27)/a_lift)))+t_pos+t_I+IF((ABS($B27-D$5))<=0,0,IF((ABS($B27-D$5))>=v_lift^2/a_lift,(ABS($B27-D$5))/v_lift+v_lift/a_lift,2*SQRT((ABS($B27-D$5))/a_lift)))+t_pos+t_I+IF((D$5)<=0,0,IF((D$5)>=v_lift^2/a_lift,(D$5)/v_lift+v_lift/a_lift,2*SQRT((D$5)/a_lift)))+t_pos+t_ch) -> 0 | E27: =$C27*E$6*(t_ch+IF(($B27)<=0,0,IF(($B27)>=v_lift^2/a_lift,($B27)/v_lift+v_lift/a_lift,2*SQRT(($B27)/a_lift)))+t_pos+t_I+IF((ABS($B27-E$5))<=0,0,IF((ABS($B27-E$5))>=v_lift^2/a_lift,(ABS($B27-E$5))/v_lift+v_lift/a_lift,2*SQRT((ABS($B27-E$5))/a_lift)))+t_pos+t_I+IF((E$5)<=0,0,IF((E$5)>=v_lift^2/a_lift,(E$5)/v_lift+v_lift/a_lift,2*SQRT((E$5)/a_lift)))+t_pos+t_ch) -> 0 | F27: =$C27*F$6*(t_ch+IF(($B27)<=0,0,IF(($B27)>=v_lift^2/a_lift,($B27)/v_lift+v_lift/a_lift,2*SQRT(($B27)/a_lift)))+t_pos+t_I+IF((ABS($B27-F$5))<=0,0,IF((ABS($B27-F$5))>=v_lift^2/a_lift,(ABS($B27-F$5))/v_lift+v_lift/a_lift,2*SQRT((ABS($B27-F$5))/a_lift)))+t_pos+t_I+IF((F$5)<=0,0,IF((F$5)>=v_lift^2/a_lift,(F$5)/v_lift+v_lift/a_lift,2*SQRT((F$5)/a_lift)))+t_pos+t_ch) -> 0 | G27: =$C27*G$6*(t_ch+IF(($B27)<=0,0,IF(($B27)>=v_lift^2/a_lift,($B27)/v_lift+v_lift/a_lift,2*SQRT(($B27)/a_lift)))+t_pos+t_I+IF((ABS($B27-G$5))<=0,0,IF((ABS($B27-G$5))>=v_lift^2/a_lift,(ABS($B27-G$5))/v_lift+v_lift/a_lift,2*SQRT((ABS($B27-G$5))/a_lift)))+t_pos+t_I+IF((G$5)<=0,0,IF((G$5)>=v_lift^2/a_lift,(G$5)/v_lift+v_lift/a_lift,2*SQRT((G$5)/a_lift)))+t_pos+t_ch) -> 0 | H27: =$C27*H$6*(t_ch+IF(($B27)<=0,0,IF(($B27)>=v_lift^2/a_lift,($B27)/v_lift+v_lift/a_lift,2*SQRT(($B27)/a_lift)))+t_pos+t_I+IF((ABS($B27-H$5))<=0,0,IF((ABS($B27-H$5))>=v_lift^2/a_lift,(ABS($B27-H$5))/v_lift+v_lift/a_lift,2*SQRT((ABS($B27-H$5))/a_lift)))+t_pos+t_I+IF((H$5)<=0,0,IF((H$5)>=v_lift^2/a_lift,(H$5)/v_lift+v_lift/a_lift,2*SQRT((H$5)/a_lift)))+t_pos+t_ch) -> 0 | I27: =$C27*I$6*(t_ch+IF(($B27)<=0,0,IF(($B27)>=v_lift^2/a_lift,($B27)/v_lift+v_lift/a_lift,2*SQRT(($B27)/a_lift)))+t_pos+t_I+IF((ABS($B27-I$5))<=0,0,IF((ABS($B27-I$5))>=v_lift^2/a_lift,(ABS($B27-I$5))/v_lift+v_lift/a_lift,2*SQRT((ABS($B27-I$5))/a_lift)))+t_pos+t_I+IF((I$5)<=0,0,IF((I$5)>=v_lift^2/a_lift,(I$5)/v_lift+v_lift/a_lift,2*SQRT((I$5)/a_lift)))+t_pos+t_ch) -> 0 | J27: =$C27*J$6*(t_ch+IF(($B27)<=0,0,IF(($B27)>=v_lift^2/a_lift,($B27)/v_lift+v_lift/a_lift,2*SQRT(($B27)/a_lift)))+t_pos+t_I+IF((ABS($B27-J$5))<=0,0,IF((ABS($B27-J$5))>=v_lift^2/a_lift,(ABS($B27-J$5))/v_lift+v_lift/a_lift,2*SQRT((ABS($B27-J$5))/a_lift)))+t_pos+t_I+IF((J$5)<=0,0,IF((J$5)>=v_lift^2/a_lift,(J$5)/v_lift+v_lift/a_lift,2*SQRT((J$5)/a_lift)))+t_pos+t_ch) -> 0 | K27: =$C27*K$6*(t_ch+IF(($B27)<=0,0,IF(($B27)>=v_lift^2/a_lift,($B27)/v_lift+v_lift/a_lift,2*SQRT(($B27)/a_lift)))+t_pos+t_I+IF((ABS($B27-K$5))<=0,0,IF((ABS($B27-K$5))>=v_lift^2/a_lift,(ABS($B27-K$5))/v_lift+v_lift/a_lift,2*SQRT((ABS($B27-K$5))/a_lift)))+t_pos+t_I+IF((K$5)<=0,0,IF((K$5)>=v_lift^2/a_lift,(K$5)/v_lift+v_lift/a_lift,2*SQRT((K$5)/a_lift)))+t_pos+t_ch) -> 0 | ... W27: =$C27*W$6*(t_ch+IF(($B27)<=0,0,IF(($B27)>=v_lift^2/a_lift,($B27)/v_lift+v_lift/a_lift,2*SQRT(($B27)/a_lift)))+t_pos+t_I+IF((ABS($B27-W$5))<=0,0,IF((ABS($B27-W$5))>=v_lift^2/a_lift,(ABS($B27-W$5))/v_lift+v_lift/a_lift,2*SQRT((ABS($B27-W$5))/a_lift)))+t_pos+t_I+IF((W$5)<=0,0,IF((W$5)>=v_lift^2/a_lift,(W$5)/v_lift+v_lift/a_lift,2*SQRT((W$5)/a_lift)))+t_pos+t_ch) -> 0
A28: Mean dual cycle (s) = SUM of grid | D28: =SUM(D8:W27) -> 95.108466
A31: ABC distribution
C32: tier j → | D32: 1 | E32: 2 | F32: 3 | G32: 4 | H32: 5 | I32: 6 | J32: 7 | K32: 8 | L32: 9 | M32: 10 | N32: 11 | O32: 12 | P32: 13 | Q32: 14 | R32: 15 | S32: 16 | T32: 17 | U32: 18 | V32: 19 | W32: 20
C33: h_j (m) | D33: =Tiers!C4 -> 0 | E33: =Tiers!C5 -> 1.85 | F33: =Tiers!C6 -> 3.7 | G33: =Tiers!C7 -> 5.55 | H33: =Tiers!C8 -> 7.4 | I33: =Tiers!C9 -> 9.25 | J33: =Tiers!C10 -> 11.1 | K33: =Tiers!C11 -> 12.95 | L33: =Tiers!C12 -> 14.8 | M33: =Tiers!C13 -> 16.65 | N33: =Tiers!C14 -> 0 | O33: =Tiers!C15 -> 0 | P33: =Tiers!C16 -> 0 | Q33: =Tiers!C17 -> 0 | R33: =Tiers!C18 -> 0 | S33: =Tiers!C19 -> 0 | T33: =Tiers!C20 -> 0 | U33: =Tiers!C21 -> 0 | V33: =Tiers!C22 -> 0 | W33: =Tiers!C23 -> 0
C34: q_j | D34: =Tiers!J4 -> 0 | E34: =Tiers!J5 -> 0.66666667 | F34: =Tiers!J6 -> 0.083333333 | G34: =Tiers!J7 -> 0.083333333 | H34: =Tiers!J8 -> 0.083333333 | I34: =Tiers!J9 -> 0.016666667 | J34: =Tiers!J10 -> 0.016666667 | K34: =Tiers!J11 -> 0.016666667 | L34: =Tiers!J12 -> 0.016666667 | M34: =Tiers!J13 -> 0.016666667 | N34: =Tiers!J14 -> 0 | O34: =Tiers!J15 -> 0 | P34: =Tiers!J16 -> 0 | Q34: =Tiers!J17 -> 0 | R34: =Tiers!J18 -> 0 | S34: =Tiers!J19 -> 0 | T34: =Tiers!J20 -> 0 | U34: =Tiers!J21 -> 0 | V34: =Tiers!J22 -> 0 | W34: =Tiers!J23 -> 0
A35: tier i | B35: h_i (m) | C35: q_i
A36: 1 | B36: =Tiers!C4 -> 0 | C36: =Tiers!J4 -> 0 | D36: =$C36*D$34*(t_ch+IF(($B36)<=0,0,IF(($B36)>=v_lift^2/a_lift,($B36)/v_lift+v_lift/a_lift,2*SQRT(($B36)/a_lift)))+t_pos+t_I+IF((ABS($B36-D$33))<=0,0,IF((ABS($B36-D$33))>=v_lift^2/a_lift,(ABS($B36-D$33))/v_lift+v_lift/a_lift,2*SQRT((ABS($B36-D$33))/a_lift)))+t_pos+t_I+IF((D$33)<=0,0,IF((D$33)>=v_lift^2/a_lift,(D$33)/v_lift+v_lift/a_lift,2*SQRT((D$33)/a_lift)))+t_pos+t_ch) -> 0 | E36: =$C36*E$34*(t_ch+IF(($B36)<=0,0,IF(($B36)>=v_lift^2/a_lift,($B36)/v_lift+v_lift/a_lift,2*SQRT(($B36)/a_lift)))+t_pos+t_I+IF((ABS($B36-E$33))<=0,0,IF((ABS($B36-E$33))>=v_lift^2/a_lift,(ABS($B36-E$33))/v_lift+v_lift/a_lift,2*SQRT((ABS($B36-E$33))/a_lift)))+t_pos+t_I+IF((E$33)<=0,0,IF((E$33)>=v_lift^2/a_lift,(E$33)/v_lift+v_lift/a_lift,2*SQRT((E$33)/a_lift)))+t_pos+t_ch) -> 0 | F36: =$C36*F$34*(t_ch+IF(($B36)<=0,0,IF(($B36)>=v_lift^2/a_lift,($B36)/v_lift+v_lift/a_lift,2*SQRT(($B36)/a_lift)))+t_pos+t_I+IF((ABS($B36-F$33))<=0,0,IF((ABS($B36-F$33))>=v_lift^2/a_lift,(ABS($B36-F$33))/v_lift+v_lift/a_lift,2*SQRT((ABS($B36-F$33))/a_lift)))+t_pos+t_I+IF((F$33)<=0,0,IF((F$33)>=v_lift^2/a_lift,(F$33)/v_lift+v_lift/a_lift,2*SQRT((F$33)/a_lift)))+t_pos+t_ch) -> 0 | G36: =$C36*G$34*(t_ch+IF(($B36)<=0,0,IF(($B36)>=v_lift^2/a_lift,($B36)/v_lift+v_lift/a_lift,2*SQRT(($B36)/a_lift)))+t_pos+t_I+IF((ABS($B36-G$33))<=0,0,IF((ABS($B36-G$33))>=v_lift^2/a_lift,(ABS($B36-G$33))/v_lift+v_lift/a_lift,2*SQRT((ABS($B36-G$33))/a_lift)))+t_pos+t_I+IF((G$33)<=0,0,IF((G$33)>=v_lift^2/a_lift,(G$33)/v_lift+v_lift/a_lift,2*SQRT((G$33)/a_lift)))+t_pos+t_ch) -> 0 | H36: =$C36*H$34*(t_ch+IF(($B36)<=0,0,IF(($B36)>=v_lift^2/a_lift,($B36)/v_lift+v_lift/a_lift,2*SQRT(($B36)/a_lift)))+t_pos+t_I+IF((ABS($B36-H$33))<=0,0,IF((ABS($B36-H$33))>=v_lift^2/a_lift,(ABS($B36-H$33))/v_lift+v_lift/a_lift,2*SQRT((ABS($B36-H$33))/a_lift)))+t_pos+t_I+IF((H$33)<=0,0,IF((H$33)>=v_lift^2/a_lift,(H$33)/v_lift+v_lift/a_lift,2*SQRT((H$33)/a_lift)))+t_pos+t_ch) -> 0 | I36: =$C36*I$34*(t_ch+IF(($B36)<=0,0,IF(($B36)>=v_lift^2/a_lift,($B36)/v_lift+v_lift/a_lift,2*SQRT(($B36)/a_lift)))+t_pos+t_I+IF((ABS($B36-I$33))<=0,0,IF((ABS($B36-I$33))>=v_lift^2/a_lift,(ABS($B36-I$33))/v_lift+v_lift/a_lift,2*SQRT((ABS($B36-I$33))/a_lift)))+t_pos+t_I+IF((I$33)<=0,0,IF((I$33)>=v_lift^2/a_lift,(I$33)/v_lift+v_lift/a_lift,2*SQRT((I$33)/a_lift)))+t_pos+t_ch) -> 0 | J36: =$C36*J$34*(t_ch+IF(($B36)<=0,0,IF(($B36)>=v_lift^2/a_lift,($B36)/v_lift+v_lift/a_lift,2*SQRT(($B36)/a_lift)))+t_pos+t_I+IF((ABS($B36-J$33))<=0,0,IF((ABS($B36-J$33))>=v_lift^2/a_lift,(ABS($B36-J$33))/v_lift+v_lift/a_lift,2*SQRT((ABS($B36-J$33))/a_lift)))+t_pos+t_I+IF((J$33)<=0,0,IF((J$33)>=v_lift^2/a_lift,(J$33)/v_lift+v_lift/a_lift,2*SQRT((J$33)/a_lift)))+t_pos+t_ch) -> 0 | K36: =$C36*K$34*(t_ch+IF(($B36)<=0,0,IF(($B36)>=v_lift^2/a_lift,($B36)/v_lift+v_lift/a_lift,2*SQRT(($B36)/a_lift)))+t_pos+t_I+IF((ABS($B36-K$33))<=0,0,IF((ABS($B36-K$33))>=v_lift^2/a_lift,(ABS($B36-K$33))/v_lift+v_lift/a_lift,2*SQRT((ABS($B36-K$33))/a_lift)))+t_pos+t_I+IF((K$33)<=0,0,IF((K$33)>=v_lift^2/a_lift,(K$33)/v_lift+v_lift/a_lift,2*SQRT((K$33)/a_lift)))+t_pos+t_ch) -> 0 | ... W36: =$C36*W$34*(t_ch+IF(($B36)<=0,0,IF(($B36)>=v_lift^2/a_lift,($B36)/v_lift+v_lift/a_lift,2*SQRT(($B36)/a_lift)))+t_pos+t_I+IF((ABS($B36-W$33))<=0,0,IF((ABS($B36-W$33))>=v_lift^2/a_lift,(ABS($B36-W$33))/v_lift+v_lift/a_lift,2*SQRT((ABS($B36-W$33))/a_lift)))+t_pos+t_I+IF((W$33)<=0,0,IF((W$33)>=v_lift^2/a_lift,(W$33)/v_lift+v_lift/a_lift,2*SQRT((W$33)/a_lift)))+t_pos+t_ch) -> 0
A37: 2 | B37: =Tiers!C5 -> 1.85 | C37: =Tiers!J5 -> 0.66666667 | D37: =$C37*D$34*(t_ch+IF(($B37)<=0,0,IF(($B37)>=v_lift^2/a_lift,($B37)/v_lift+v_lift/a_lift,2*SQRT(($B37)/a_lift)))+t_pos+t_I+IF((ABS($B37-D$33))<=0,0,IF((ABS($B37-D$33))>=v_lift^2/a_lift,(ABS($B37-D$33))/v_lift+v_lift/a_lift,2*SQRT((ABS($B37-D$33))/a_lift)))+t_pos+t_I+IF((D$33)<=0,0,IF((D$33)>=v_lift^2/a_lift,(D$33)/v_lift+v_lift/a_lift,2*SQRT((D$33)/a_lift)))+t_pos+t_ch) -> 0 | E37: =$C37*E$34*(t_ch+IF(($B37)<=0,0,IF(($B37)>=v_lift^2/a_lift,($B37)/v_lift+v_lift/a_lift,2*SQRT(($B37)/a_lift)))+t_pos+t_I+IF((ABS($B37-E$33))<=0,0,IF((ABS($B37-E$33))>=v_lift^2/a_lift,(ABS($B37-E$33))/v_lift+v_lift/a_lift,2*SQRT((ABS($B37-E$33))/a_lift)))+t_pos+t_I+IF((E$33)<=0,0,IF((E$33)>=v_lift^2/a_lift,(E$33)/v_lift+v_lift/a_lift,2*SQRT((E$33)/a_lift)))+t_pos+t_ch) -> 32.692063 | F37: =$C37*F$34*(t_ch+IF(($B37)<=0,0,IF(($B37)>=v_lift^2/a_lift,($B37)/v_lift+v_lift/a_lift,2*SQRT(($B37)/a_lift)))+t_pos+t_I+IF((ABS($B37-F$33))<=0,0,IF((ABS($B37-F$33))>=v_lift^2/a_lift,(ABS($B37-F$33))/v_lift+v_lift/a_lift,2*SQRT((ABS($B37-F$33))/a_lift)))+t_pos+t_I+IF((F$33)<=0,0,IF((F$33)>=v_lift^2/a_lift,(F$33)/v_lift+v_lift/a_lift,2*SQRT((F$33)/a_lift)))+t_pos+t_ch) -> 4.3714286 | G37: =$C37*G$34*(t_ch+IF(($B37)<=0,0,IF(($B37)>=v_lift^2/a_lift,($B37)/v_lift+v_lift/a_lift,2*SQRT(($B37)/a_lift)))+t_pos+t_I+IF((ABS($B37-G$33))<=0,0,IF((ABS($B37-G$33))>=v_lift^2/a_lift,(ABS($B37-G$33))/v_lift+v_lift/a_lift,2*SQRT((ABS($B37-G$33))/a_lift)))+t_pos+t_I+IF((G$33)<=0,0,IF((G$33)>=v_lift^2/a_lift,(G$33)/v_lift+v_lift/a_lift,2*SQRT((G$33)/a_lift)))+t_pos+t_ch) -> 4.5769841 | H37: =$C37*H$34*(t_ch+IF(($B37)<=0,0,IF(($B37)>=v_lift^2/a_lift,($B37)/v_lift+v_lift/a_lift,2*SQRT(($B37)/a_lift)))+t_pos+t_I+IF((ABS($B37-H$33))<=0,0,IF((ABS($B37-H$33))>=v_lift^2/a_lift,(ABS($B37-H$33))/v_lift+v_lift/a_lift,2*SQRT((ABS($B37-H$33))/a_lift)))+t_pos+t_I+IF((H$33)<=0,0,IF((H$33)>=v_lift^2/a_lift,(H$33)/v_lift+v_lift/a_lift,2*SQRT((H$33)/a_lift)))+t_pos+t_ch) -> 4.7825397 | I37: =$C37*I$34*(t_ch+IF(($B37)<=0,0,IF(($B37)>=v_lift^2/a_lift,($B37)/v_lift+v_lift/a_lift,2*SQRT(($B37)/a_lift)))+t_pos+t_I+IF((ABS($B37-I$33))<=0,0,IF((ABS($B37-I$33))>=v_lift^2/a_lift,(ABS($B37-I$33))/v_lift+v_lift/a_lift,2*SQRT((ABS($B37-I$33))/a_lift)))+t_pos+t_I+IF((I$33)<=0,0,IF((I$33)>=v_lift^2/a_lift,(I$33)/v_lift+v_lift/a_lift,2*SQRT((I$33)/a_lift)))+t_pos+t_ch) -> 0.99761905 | J37: =$C37*J$34*(t_ch+IF(($B37)<=0,0,IF(($B37)>=v_lift^2/a_lift,($B37)/v_lift+v_lift/a_lift,2*SQRT(($B37)/a_lift)))+t_pos+t_I+IF((ABS($B37-J$33))<=0,0,IF((ABS($B37-J$33))>=v_lift^2/a_lift,(ABS($B37-J$33))/v_lift+v_lift/a_lift,2*SQRT((ABS($B37-J$33))/a_lift)))+t_pos+t_I+IF((J$33)<=0,0,IF((J$33)>=v_lift^2/a_lift,(J$33)/v_lift+v_lift/a_lift,2*SQRT((J$33)/a_lift)))+t_pos+t_ch) -> 1.0387302 | K37: =$C37*K$34*(t_ch+IF(($B37)<=0,0,IF(($B37)>=v_lift^2/a_lift,($B37)/v_lift+v_lift/a_lift,2*SQRT(($B37)/a_lift)))+t_pos+t_I+IF((ABS($B37-K$33))<=0,0,IF((ABS($B37-K$33))>=v_lift^2/a_lift,(ABS($B37-K$33))/v_lift+v_lift/a_lift,2*SQRT((ABS($B37-K$33))/a_lift)))+t_pos+t_I+IF((K$33)<=0,0,IF((K$33)>=v_lift^2/a_lift,(K$33)/v_lift+v_lift/a_lift,2*SQRT((K$33)/a_lift)))+t_pos+t_ch) -> 1.0798413 | ... W37: =$C37*W$34*(t_ch+IF(($B37)<=0,0,IF(($B37)>=v_lift^2/a_lift,($B37)/v_lift+v_lift/a_lift,2*SQRT(($B37)/a_lift)))+t_pos+t_I+IF((ABS($B37-W$33))<=0,0,IF((ABS($B37-W$33))>=v_lift^2/a_lift,(ABS($B37-W$33))/v_lift+v_lift/a_lift,2*SQRT((ABS($B37-W$33))/a_lift)))+t_pos+t_I+IF((W$33)<=0,0,IF((W$33)>=v_lift^2/a_lift,(W$33)/v_lift+v_lift/a_lift,2*SQRT((W$33)/a_lift)))+t_pos+t_ch) -> 0
A38: 3 | B38: =Tiers!C6 -> 3.7 | C38: =Tiers!J6 -> 0.083333333 | D38: =$C38*D$34*(t_ch+IF(($B38)<=0,0,IF(($B38)>=v_lift^2/a_lift,($B38)/v_lift+v_lift/a_lift,2*SQRT(($B38)/a_lift)))+t_pos+t_I+IF((ABS($B38-D$33))<=0,0,IF((ABS($B38-D$33))>=v_lift^2/a_lift,(ABS($B38-D$33))/v_lift+v_lift/a_lift,2*SQRT((ABS($B38-D$33))/a_lift)))+t_pos+t_I+IF((D$33)<=0,0,IF((D$33)>=v_lift^2/a_lift,(D$33)/v_lift+v_lift/a_lift,2*SQRT((D$33)/a_lift)))+t_pos+t_ch) -> 0 | E38: =$C38*E$34*(t_ch+IF(($B38)<=0,0,IF(($B38)>=v_lift^2/a_lift,($B38)/v_lift+v_lift/a_lift,2*SQRT(($B38)/a_lift)))+t_pos+t_I+IF((ABS($B38-E$33))<=0,0,IF((ABS($B38-E$33))>=v_lift^2/a_lift,(ABS($B38-E$33))/v_lift+v_lift/a_lift,2*SQRT((ABS($B38-E$33))/a_lift)))+t_pos+t_I+IF((E$33)<=0,0,IF((E$33)>=v_lift^2/a_lift,(E$33)/v_lift+v_lift/a_lift,2*SQRT((E$33)/a_lift)))+t_pos+t_ch) -> 4.3714286 | F38: =$C38*F$34*(t_ch+IF(($B38)<=0,0,IF(($B38)>=v_lift^2/a_lift,($B38)/v_lift+v_lift/a_lift,2*SQRT(($B38)/a_lift)))+t_pos+t_I+IF((ABS($B38-F$33))<=0,0,IF((ABS($B38-F$33))>=v_lift^2/a_lift,(ABS($B38-F$33))/v_lift+v_lift/a_lift,2*SQRT((ABS($B38-F$33))/a_lift)))+t_pos+t_I+IF((F$33)<=0,0,IF((F$33)>=v_lift^2/a_lift,(F$33)/v_lift+v_lift/a_lift,2*SQRT((F$33)/a_lift)))+t_pos+t_ch) -> 0.53650794 | G38: =$C38*G$34*(t_ch+IF(($B38)<=0,0,IF(($B38)>=v_lift^2/a_lift,($B38)/v_lift+v_lift/a_lift,2*SQRT(($B38)/a_lift)))+t_pos+t_I+IF((ABS($B38-G$33))<=0,0,IF((ABS($B38-G$33))>=v_lift^2/a_lift,(ABS($B38-G$33))/v_lift+v_lift/a_lift,2*SQRT((ABS($B38-G$33))/a_lift)))+t_pos+t_I+IF((G$33)<=0,0,IF((G$33)>=v_lift^2/a_lift,(G$33)/v_lift+v_lift/a_lift,2*SQRT((G$33)/a_lift)))+t_pos+t_ch) -> 0.57212302 | H38: =$C38*H$34*(t_ch+IF(($B38)<=0,0,IF(($B38)>=v_lift^2/a_lift,($B38)/v_lift+v_lift/a_lift,2*SQRT(($B38)/a_lift)))+t_pos+t_I+IF((ABS($B38-H$33))<=0,0,IF((ABS($B38-H$33))>=v_lift^2/a_lift,(ABS($B38-H$33))/v_lift+v_lift/a_lift,2*SQRT((ABS($B38-H$33))/a_lift)))+t_pos+t_I+IF((H$33)<=0,0,IF((H$33)>=v_lift^2/a_lift,(H$33)/v_lift+v_lift/a_lift,2*SQRT((H$33)/a_lift)))+t_pos+t_ch) -> 0.59781746 | I38: =$C38*I$34*(t_ch+IF(($B38)<=0,0,IF(($B38)>=v_lift^2/a_lift,($B38)/v_lift+v_lift/a_lift,2*SQRT(($B38)/a_lift)))+t_pos+t_I+IF((ABS($B38-I$33))<=0,0,IF((ABS($B38-I$33))>=v_lift^2/a_lift,(ABS($B38-I$33))/v_lift+v_lift/a_lift,2*SQRT((ABS($B38-I$33))/a_lift)))+t_pos+t_I+IF((I$33)<=0,0,IF((I$33)>=v_lift^2/a_lift,(I$33)/v_lift+v_lift/a_lift,2*SQRT((I$33)/a_lift)))+t_pos+t_ch) -> 0.12470238 | J38: =$C38*J$34*(t_ch+IF(($B38)<=0,0,IF(($B38)>=v_lift^2/a_lift,($B38)/v_lift+v_lift/a_lift,2*SQRT(($B38)/a_lift)))+t_pos+t_I+IF((ABS($B38-J$33))<=0,0,IF((ABS($B38-J$33))>=v_lift^2/a_lift,(ABS($B38-J$33))/v_lift+v_lift/a_lift,2*SQRT((ABS($B38-J$33))/a_lift)))+t_pos+t_I+IF((J$33)<=0,0,IF((J$33)>=v_lift^2/a_lift,(J$33)/v_lift+v_lift/a_lift,2*SQRT((J$33)/a_lift)))+t_pos+t_ch) -> 0.12984127 | K38: =$C38*K$34*(t_ch+IF(($B38)<=0,0,IF(($B38)>=v_lift^2/a_lift,($B38)/v_lift+v_lift/a_lift,2*SQRT(($B38)/a_lift)))+t_pos+t_I+IF((ABS($B38-K$33))<=0,0,IF((ABS($B38-K$33))>=v_lift^2/a_lift,(ABS($B38-K$33))/v_lift+v_lift/a_lift,2*SQRT((ABS($B38-K$33))/a_lift)))+t_pos+t_I+IF((K$33)<=0,0,IF((K$33)>=v_lift^2/a_lift,(K$33)/v_lift+v_lift/a_lift,2*SQRT((K$33)/a_lift)))+t_pos+t_ch) -> 0.13498016 | ... W38: =$C38*W$34*(t_ch+IF(($B38)<=0,0,IF(($B38)>=v_lift^2/a_lift,($B38)/v_lift+v_lift/a_lift,2*SQRT(($B38)/a_lift)))+t_pos+t_I+IF((ABS($B38-W$33))<=0,0,IF((ABS($B38-W$33))>=v_lift^2/a_lift,(ABS($B38-W$33))/v_lift+v_lift/a_lift,2*SQRT((ABS($B38-W$33))/a_lift)))+t_pos+t_I+IF((W$33)<=0,0,IF((W$33)>=v_lift^2/a_lift,(W$33)/v_lift+v_lift/a_lift,2*SQRT((W$33)/a_lift)))+t_pos+t_ch) -> 0
A39: 4 | B39: =Tiers!C7 -> 5.55 | C39: =Tiers!J7 -> 0.083333333 | D39: =$C39*D$34*(t_ch+IF(($B39)<=0,0,IF(($B39)>=v_lift^2/a_lift,($B39)/v_lift+v_lift/a_lift,2*SQRT(($B39)/a_lift)))+t_pos+t_I+IF((ABS($B39-D$33))<=0,0,IF((ABS($B39-D$33))>=v_lift^2/a_lift,(ABS($B39-D$33))/v_lift+v_lift/a_lift,2*SQRT((ABS($B39-D$33))/a_lift)))+t_pos+t_I+IF((D$33)<=0,0,IF((D$33)>=v_lift^2/a_lift,(D$33)/v_lift+v_lift/a_lift,2*SQRT((D$33)/a_lift)))+t_pos+t_ch) -> 0 | E39: =$C39*E$34*(t_ch+IF(($B39)<=0,0,IF(($B39)>=v_lift^2/a_lift,($B39)/v_lift+v_lift/a_lift,2*SQRT(($B39)/a_lift)))+t_pos+t_I+IF((ABS($B39-E$33))<=0,0,IF((ABS($B39-E$33))>=v_lift^2/a_lift,(ABS($B39-E$33))/v_lift+v_lift/a_lift,2*SQRT((ABS($B39-E$33))/a_lift)))+t_pos+t_I+IF((E$33)<=0,0,IF((E$33)>=v_lift^2/a_lift,(E$33)/v_lift+v_lift/a_lift,2*SQRT((E$33)/a_lift)))+t_pos+t_ch) -> 4.5769841 | F39: =$C39*F$34*(t_ch+IF(($B39)<=0,0,IF(($B39)>=v_lift^2/a_lift,($B39)/v_lift+v_lift/a_lift,2*SQRT(($B39)/a_lift)))+t_pos+t_I+IF((ABS($B39-F$33))<=0,0,IF((ABS($B39-F$33))>=v_lift^2/a_lift,(ABS($B39-F$33))/v_lift+v_lift/a_lift,2*SQRT((ABS($B39-F$33))/a_lift)))+t_pos+t_I+IF((F$33)<=0,0,IF((F$33)>=v_lift^2/a_lift,(F$33)/v_lift+v_lift/a_lift,2*SQRT((F$33)/a_lift)))+t_pos+t_ch) -> 0.57212302 | G39: =$C39*G$34*(t_ch+IF(($B39)<=0,0,IF(($B39)>=v_lift^2/a_lift,($B39)/v_lift+v_lift/a_lift,2*SQRT(($B39)/a_lift)))+t_pos+t_I+IF((ABS($B39-G$33))<=0,0,IF((ABS($B39-G$33))>=v_lift^2/a_lift,(ABS($B39-G$33))/v_lift+v_lift/a_lift,2*SQRT((ABS($B39-G$33))/a_lift)))+t_pos+t_I+IF((G$33)<=0,0,IF((G$33)>=v_lift^2/a_lift,(G$33)/v_lift+v_lift/a_lift,2*SQRT((G$33)/a_lift)))+t_pos+t_ch) -> 0.56220238 | H39: =$C39*H$34*(t_ch+IF(($B39)<=0,0,IF(($B39)>=v_lift^2/a_lift,($B39)/v_lift+v_lift/a_lift,2*SQRT(($B39)/a_lift)))+t_pos+t_I+IF((ABS($B39-H$33))<=0,0,IF((ABS($B39-H$33))>=v_lift^2/a_lift,(ABS($B39-H$33))/v_lift+v_lift/a_lift,2*SQRT((ABS($B39-H$33))/a_lift)))+t_pos+t_I+IF((H$33)<=0,0,IF((H$33)>=v_lift^2/a_lift,(H$33)/v_lift+v_lift/a_lift,2*SQRT((H$33)/a_lift)))+t_pos+t_ch) -> 0.59781746 | I39: =$C39*I$34*(t_ch+IF(($B39)<=0,0,IF(($B39)>=v_lift^2/a_lift,($B39)/v_lift+v_lift/a_lift,2*SQRT(($B39)/a_lift)))+t_pos+t_I+IF((ABS($B39-I$33))<=0,0,IF((ABS($B39-I$33))>=v_lift^2/a_lift,(ABS($B39-I$33))/v_lift+v_lift/a_lift,2*SQRT((ABS($B39-I$33))/a_lift)))+t_pos+t_I+IF((I$33)<=0,0,IF((I$33)>=v_lift^2/a_lift,(I$33)/v_lift+v_lift/a_lift,2*SQRT((I$33)/a_lift)))+t_pos+t_ch) -> 0.12470238 | J39: =$C39*J$34*(t_ch+IF(($B39)<=0,0,IF(($B39)>=v_lift^2/a_lift,($B39)/v_lift+v_lift/a_lift,2*SQRT(($B39)/a_lift)))+t_pos+t_I+IF((ABS($B39-J$33))<=0,0,IF((ABS($B39-J$33))>=v_lift^2/a_lift,(ABS($B39-J$33))/v_lift+v_lift/a_lift,2*SQRT((ABS($B39-J$33))/a_lift)))+t_pos+t_I+IF((J$33)<=0,0,IF((J$33)>=v_lift^2/a_lift,(J$33)/v_lift+v_lift/a_lift,2*SQRT((J$33)/a_lift)))+t_pos+t_ch) -> 0.12984127 | K39: =$C39*K$34*(t_ch+IF(($B39)<=0,0,IF(($B39)>=v_lift^2/a_lift,($B39)/v_lift+v_lift/a_lift,2*SQRT(($B39)/a_lift)))+t_pos+t_I+IF((ABS($B39-K$33))<=0,0,IF((ABS($B39-K$33))>=v_lift^2/a_lift,(ABS($B39-K$33))/v_lift+v_lift/a_lift,2*SQRT((ABS($B39-K$33))/a_lift)))+t_pos+t_I+IF((K$33)<=0,0,IF((K$33)>=v_lift^2/a_lift,(K$33)/v_lift+v_lift/a_lift,2*SQRT((K$33)/a_lift)))+t_pos+t_ch) -> 0.13498016 | ... W39: =$C39*W$34*(t_ch+IF(($B39)<=0,0,IF(($B39)>=v_lift^2/a_lift,($B39)/v_lift+v_lift/a_lift,2*SQRT(($B39)/a_lift)))+t_pos+t_I+IF((ABS($B39-W$33))<=0,0,IF((ABS($B39-W$33))>=v_lift^2/a_lift,(ABS($B39-W$33))/v_lift+v_lift/a_lift,2*SQRT((ABS($B39-W$33))/a_lift)))+t_pos+t_I+IF((W$33)<=0,0,IF((W$33)>=v_lift^2/a_lift,(W$33)/v_lift+v_lift/a_lift,2*SQRT((W$33)/a_lift)))+t_pos+t_ch) -> 0
A40: 5 | B40: =Tiers!C8 -> 7.4 | C40: =Tiers!J8 -> 0.083333333 | D40: =$C40*D$34*(t_ch+IF(($B40)<=0,0,IF(($B40)>=v_lift^2/a_lift,($B40)/v_lift+v_lift/a_lift,2*SQRT(($B40)/a_lift)))+t_pos+t_I+IF((ABS($B40-D$33))<=0,0,IF((ABS($B40-D$33))>=v_lift^2/a_lift,(ABS($B40-D$33))/v_lift+v_lift/a_lift,2*SQRT((ABS($B40-D$33))/a_lift)))+t_pos+t_I+IF((D$33)<=0,0,IF((D$33)>=v_lift^2/a_lift,(D$33)/v_lift+v_lift/a_lift,2*SQRT((D$33)/a_lift)))+t_pos+t_ch) -> 0 | E40: =$C40*E$34*(t_ch+IF(($B40)<=0,0,IF(($B40)>=v_lift^2/a_lift,($B40)/v_lift+v_lift/a_lift,2*SQRT(($B40)/a_lift)))+t_pos+t_I+IF((ABS($B40-E$33))<=0,0,IF((ABS($B40-E$33))>=v_lift^2/a_lift,(ABS($B40-E$33))/v_lift+v_lift/a_lift,2*SQRT((ABS($B40-E$33))/a_lift)))+t_pos+t_I+IF((E$33)<=0,0,IF((E$33)>=v_lift^2/a_lift,(E$33)/v_lift+v_lift/a_lift,2*SQRT((E$33)/a_lift)))+t_pos+t_ch) -> 4.7825397 | F40: =$C40*F$34*(t_ch+IF(($B40)<=0,0,IF(($B40)>=v_lift^2/a_lift,($B40)/v_lift+v_lift/a_lift,2*SQRT(($B40)/a_lift)))+t_pos+t_I+IF((ABS($B40-F$33))<=0,0,IF((ABS($B40-F$33))>=v_lift^2/a_lift,(ABS($B40-F$33))/v_lift+v_lift/a_lift,2*SQRT((ABS($B40-F$33))/a_lift)))+t_pos+t_I+IF((F$33)<=0,0,IF((F$33)>=v_lift^2/a_lift,(F$33)/v_lift+v_lift/a_lift,2*SQRT((F$33)/a_lift)))+t_pos+t_ch) -> 0.59781746 | G40: =$C40*G$34*(t_ch+IF(($B40)<=0,0,IF(($B40)>=v_lift^2/a_lift,($B40)/v_lift+v_lift/a_lift,2*SQRT(($B40)/a_lift)))+t_pos+t_I+IF((ABS($B40-G$33))<=0,0,IF((ABS($B40-G$33))>=v_lift^2/a_lift,(ABS($B40-G$33))/v_lift+v_lift/a_lift,2*SQRT((ABS($B40-G$33))/a_lift)))+t_pos+t_I+IF((G$33)<=0,0,IF((G$33)>=v_lift^2/a_lift,(G$33)/v_lift+v_lift/a_lift,2*SQRT((G$33)/a_lift)))+t_pos+t_ch) -> 0.59781746 | H40: =$C40*H$34*(t_ch+IF(($B40)<=0,0,IF(($B40)>=v_lift^2/a_lift,($B40)/v_lift+v_lift/a_lift,2*SQRT(($B40)/a_lift)))+t_pos+t_I+IF((ABS($B40-H$33))<=0,0,IF((ABS($B40-H$33))>=v_lift^2/a_lift,(ABS($B40-H$33))/v_lift+v_lift/a_lift,2*SQRT((ABS($B40-H$33))/a_lift)))+t_pos+t_I+IF((H$33)<=0,0,IF((H$33)>=v_lift^2/a_lift,(H$33)/v_lift+v_lift/a_lift,2*SQRT((H$33)/a_lift)))+t_pos+t_ch) -> 0.58789683 | I40: =$C40*I$34*(t_ch+IF(($B40)<=0,0,IF(($B40)>=v_lift^2/a_lift,($B40)/v_lift+v_lift/a_lift,2*SQRT(($B40)/a_lift)))+t_pos+t_I+IF((ABS($B40-I$33))<=0,0,IF((ABS($B40-I$33))>=v_lift^2/a_lift,(ABS($B40-I$33))/v_lift+v_lift/a_lift,2*SQRT((ABS($B40-I$33))/a_lift)))+t_pos+t_I+IF((I$33)<=0,0,IF((I$33)>=v_lift^2/a_lift,(I$33)/v_lift+v_lift/a_lift,2*SQRT((I$33)/a_lift)))+t_pos+t_ch) -> 0.12470238 | J40: =$C40*J$34*(t_ch+IF(($B40)<=0,0,IF(($B40)>=v_lift^2/a_lift,($B40)/v_lift+v_lift/a_lift,2*SQRT(($B40)/a_lift)))+t_pos+t_I+IF((ABS($B40-J$33))<=0,0,IF((ABS($B40-J$33))>=v_lift^2/a_lift,(ABS($B40-J$33))/v_lift+v_lift/a_lift,2*SQRT((ABS($B40-J$33))/a_lift)))+t_pos+t_I+IF((J$33)<=0,0,IF((J$33)>=v_lift^2/a_lift,(J$33)/v_lift+v_lift/a_lift,2*SQRT((J$33)/a_lift)))+t_pos+t_ch) -> 0.12984127 | K40: =$C40*K$34*(t_ch+IF(($B40)<=0,0,IF(($B40)>=v_lift^2/a_lift,($B40)/v_lift+v_lift/a_lift,2*SQRT(($B40)/a_lift)))+t_pos+t_I+IF((ABS($B40-K$33))<=0,0,IF((ABS($B40-K$33))>=v_lift^2/a_lift,(ABS($B40-K$33))/v_lift+v_lift/a_lift,2*SQRT((ABS($B40-K$33))/a_lift)))+t_pos+t_I+IF((K$33)<=0,0,IF((K$33)>=v_lift^2/a_lift,(K$33)/v_lift+v_lift/a_lift,2*SQRT((K$33)/a_lift)))+t_pos+t_ch) -> 0.13498016 | ... W40: =$C40*W$34*(t_ch+IF(($B40)<=0,0,IF(($B40)>=v_lift^2/a_lift,($B40)/v_lift+v_lift/a_lift,2*SQRT(($B40)/a_lift)))+t_pos+t_I+IF((ABS($B40-W$33))<=0,0,IF((ABS($B40-W$33))>=v_lift^2/a_lift,(ABS($B40-W$33))/v_lift+v_lift/a_lift,2*SQRT((ABS($B40-W$33))/a_lift)))+t_pos+t_I+IF((W$33)<=0,0,IF((W$33)>=v_lift^2/a_lift,(W$33)/v_lift+v_lift/a_lift,2*SQRT((W$33)/a_lift)))+t_pos+t_ch) -> 0
A41: 6 | B41: =Tiers!C9 -> 9.25 | C41: =Tiers!J9 -> 0.016666667 | D41: =$C41*D$34*(t_ch+IF(($B41)<=0,0,IF(($B41)>=v_lift^2/a_lift,($B41)/v_lift+v_lift/a_lift,2*SQRT(($B41)/a_lift)))+t_pos+t_I+IF((ABS($B41-D$33))<=0,0,IF((ABS($B41-D$33))>=v_lift^2/a_lift,(ABS($B41-D$33))/v_lift+v_lift/a_lift,2*SQRT((ABS($B41-D$33))/a_lift)))+t_pos+t_I+IF((D$33)<=0,0,IF((D$33)>=v_lift^2/a_lift,(D$33)/v_lift+v_lift/a_lift,2*SQRT((D$33)/a_lift)))+t_pos+t_ch) -> 0 | E41: =$C41*E$34*(t_ch+IF(($B41)<=0,0,IF(($B41)>=v_lift^2/a_lift,($B41)/v_lift+v_lift/a_lift,2*SQRT(($B41)/a_lift)))+t_pos+t_I+IF((ABS($B41-E$33))<=0,0,IF((ABS($B41-E$33))>=v_lift^2/a_lift,(ABS($B41-E$33))/v_lift+v_lift/a_lift,2*SQRT((ABS($B41-E$33))/a_lift)))+t_pos+t_I+IF((E$33)<=0,0,IF((E$33)>=v_lift^2/a_lift,(E$33)/v_lift+v_lift/a_lift,2*SQRT((E$33)/a_lift)))+t_pos+t_ch) -> 0.99761905 | F41: =$C41*F$34*(t_ch+IF(($B41)<=0,0,IF(($B41)>=v_lift^2/a_lift,($B41)/v_lift+v_lift/a_lift,2*SQRT(($B41)/a_lift)))+t_pos+t_I+IF((ABS($B41-F$33))<=0,0,IF((ABS($B41-F$33))>=v_lift^2/a_lift,(ABS($B41-F$33))/v_lift+v_lift/a_lift,2*SQRT((ABS($B41-F$33))/a_lift)))+t_pos+t_I+IF((F$33)<=0,0,IF((F$33)>=v_lift^2/a_lift,(F$33)/v_lift+v_lift/a_lift,2*SQRT((F$33)/a_lift)))+t_pos+t_ch) -> 0.12470238 | G41: =$C41*G$34*(t_ch+IF(($B41)<=0,0,IF(($B41)>=v_lift^2/a_lift,($B41)/v_lift+v_lift/a_lift,2*SQRT(($B41)/a_lift)))+t_pos+t_I+IF((ABS($B41-G$33))<=0,0,IF((ABS($B41-G$33))>=v_lift^2/a_lift,(ABS($B41-G$33))/v_lift+v_lift/a_lift,2*SQRT((ABS($B41-G$33))/a_lift)))+t_pos+t_I+IF((G$33)<=0,0,IF((G$33)>=v_lift^2/a_lift,(G$33)/v_lift+v_lift/a_lift,2*SQRT((G$33)/a_lift)))+t_pos+t_ch) -> 0.12470238 | H41: =$C41*H$34*(t_ch+IF(($B41)<=0,0,IF(($B41)>=v_lift^2/a_lift,($B41)/v_lift+v_lift/a_lift,2*SQRT(($B41)/a_lift)))+t_pos+t_I+IF((ABS($B41-H$33))<=0,0,IF((ABS($B41-H$33))>=v_lift^2/a_lift,(ABS($B41-H$33))/v_lift+v_lift/a_lift,2*SQRT((ABS($B41-H$33))/a_lift)))+t_pos+t_I+IF((H$33)<=0,0,IF((H$33)>=v_lift^2/a_lift,(H$33)/v_lift+v_lift/a_lift,2*SQRT((H$33)/a_lift)))+t_pos+t_ch) -> 0.12470238 | I41: =$C41*I$34*(t_ch+IF(($B41)<=0,0,IF(($B41)>=v_lift^2/a_lift,($B41)/v_lift+v_lift/a_lift,2*SQRT(($B41)/a_lift)))+t_pos+t_I+IF((ABS($B41-I$33))<=0,0,IF((ABS($B41-I$33))>=v_lift^2/a_lift,(ABS($B41-I$33))/v_lift+v_lift/a_lift,2*SQRT((ABS($B41-I$33))/a_lift)))+t_pos+t_I+IF((I$33)<=0,0,IF((I$33)>=v_lift^2/a_lift,(I$33)/v_lift+v_lift/a_lift,2*SQRT((I$33)/a_lift)))+t_pos+t_ch) -> 0.024543651 | J41: =$C41*J$34*(t_ch+IF(($B41)<=0,0,IF(($B41)>=v_lift^2/a_lift,($B41)/v_lift+v_lift/a_lift,2*SQRT(($B41)/a_lift)))+t_pos+t_I+IF((ABS($B41-J$33))<=0,0,IF((ABS($B41-J$33))>=v_lift^2/a_lift,(ABS($B41-J$33))/v_lift+v_lift/a_lift,2*SQRT((ABS($B41-J$33))/a_lift)))+t_pos+t_I+IF((J$33)<=0,0,IF((J$33)>=v_lift^2/a_lift,(J$33)/v_lift+v_lift/a_lift,2*SQRT((J$33)/a_lift)))+t_pos+t_ch) -> 0.025968254 | K41: =$C41*K$34*(t_ch+IF(($B41)<=0,0,IF(($B41)>=v_lift^2/a_lift,($B41)/v_lift+v_lift/a_lift,2*SQRT(($B41)/a_lift)))+t_pos+t_I+IF((ABS($B41-K$33))<=0,0,IF((ABS($B41-K$33))>=v_lift^2/a_lift,(ABS($B41-K$33))/v_lift+v_lift/a_lift,2*SQRT((ABS($B41-K$33))/a_lift)))+t_pos+t_I+IF((K$33)<=0,0,IF((K$33)>=v_lift^2/a_lift,(K$33)/v_lift+v_lift/a_lift,2*SQRT((K$33)/a_lift)))+t_pos+t_ch) -> 0.026996032 | ... W41: =$C41*W$34*(t_ch+IF(($B41)<=0,0,IF(($B41)>=v_lift^2/a_lift,($B41)/v_lift+v_lift/a_lift,2*SQRT(($B41)/a_lift)))+t_pos+t_I+IF((ABS($B41-W$33))<=0,0,IF((ABS($B41-W$33))>=v_lift^2/a_lift,(ABS($B41-W$33))/v_lift+v_lift/a_lift,2*SQRT((ABS($B41-W$33))/a_lift)))+t_pos+t_I+IF((W$33)<=0,0,IF((W$33)>=v_lift^2/a_lift,(W$33)/v_lift+v_lift/a_lift,2*SQRT((W$33)/a_lift)))+t_pos+t_ch) -> 0
A42: 7 | B42: =Tiers!C10 -> 11.1 | C42: =Tiers!J10 -> 0.016666667 | D42: =$C42*D$34*(t_ch+IF(($B42)<=0,0,IF(($B42)>=v_lift^2/a_lift,($B42)/v_lift+v_lift/a_lift,2*SQRT(($B42)/a_lift)))+t_pos+t_I+IF((ABS($B42-D$33))<=0,0,IF((ABS($B42-D$33))>=v_lift^2/a_lift,(ABS($B42-D$33))/v_lift+v_lift/a_lift,2*SQRT((ABS($B42-D$33))/a_lift)))+t_pos+t_I+IF((D$33)<=0,0,IF((D$33)>=v_lift^2/a_lift,(D$33)/v_lift+v_lift/a_lift,2*SQRT((D$33)/a_lift)))+t_pos+t_ch) -> 0 | E42: =$C42*E$34*(t_ch+IF(($B42)<=0,0,IF(($B42)>=v_lift^2/a_lift,($B42)/v_lift+v_lift/a_lift,2*SQRT(($B42)/a_lift)))+t_pos+t_I+IF((ABS($B42-E$33))<=0,0,IF((ABS($B42-E$33))>=v_lift^2/a_lift,(ABS($B42-E$33))/v_lift+v_lift/a_lift,2*SQRT((ABS($B42-E$33))/a_lift)))+t_pos+t_I+IF((E$33)<=0,0,IF((E$33)>=v_lift^2/a_lift,(E$33)/v_lift+v_lift/a_lift,2*SQRT((E$33)/a_lift)))+t_pos+t_ch) -> 1.0387302 | F42: =$C42*F$34*(t_ch+IF(($B42)<=0,0,IF(($B42)>=v_lift^2/a_lift,($B42)/v_lift+v_lift/a_lift,2*SQRT(($B42)/a_lift)))+t_pos+t_I+IF((ABS($B42-F$33))<=0,0,IF((ABS($B42-F$33))>=v_lift^2/a_lift,(ABS($B42-F$33))/v_lift+v_lift/a_lift,2*SQRT((ABS($B42-F$33))/a_lift)))+t_pos+t_I+IF((F$33)<=0,0,IF((F$33)>=v_lift^2/a_lift,(F$33)/v_lift+v_lift/a_lift,2*SQRT((F$33)/a_lift)))+t_pos+t_ch) -> 0.12984127 | G42: =$C42*G$34*(t_ch+IF(($B42)<=0,0,IF(($B42)>=v_lift^2/a_lift,($B42)/v_lift+v_lift/a_lift,2*SQRT(($B42)/a_lift)))+t_pos+t_I+IF((ABS($B42-G$33))<=0,0,IF((ABS($B42-G$33))>=v_lift^2/a_lift,(ABS($B42-G$33))/v_lift+v_lift/a_lift,2*SQRT((ABS($B42-G$33))/a_lift)))+t_pos+t_I+IF((G$33)<=0,0,IF((G$33)>=v_lift^2/a_lift,(G$33)/v_lift+v_lift/a_lift,2*SQRT((G$33)/a_lift)))+t_pos+t_ch) -> 0.12984127 | H42: =$C42*H$34*(t_ch+IF(($B42)<=0,0,IF(($B42)>=v_lift^2/a_lift,($B42)/v_lift+v_lift/a_lift,2*SQRT(($B42)/a_lift)))+t_pos+t_I+IF((ABS($B42-H$33))<=0,0,IF((ABS($B42-H$33))>=v_lift^2/a_lift,(ABS($B42-H$33))/v_lift+v_lift/a_lift,2*SQRT((ABS($B42-H$33))/a_lift)))+t_pos+t_I+IF((H$33)<=0,0,IF((H$33)>=v_lift^2/a_lift,(H$33)/v_lift+v_lift/a_lift,2*SQRT((H$33)/a_lift)))+t_pos+t_ch) -> 0.12984127 | I42: =$C42*I$34*(t_ch+IF(($B42)<=0,0,IF(($B42)>=v_lift^2/a_lift,($B42)/v_lift+v_lift/a_lift,2*SQRT(($B42)/a_lift)))+t_pos+t_I+IF((ABS($B42-I$33))<=0,0,IF((ABS($B42-I$33))>=v_lift^2/a_lift,(ABS($B42-I$33))/v_lift+v_lift/a_lift,2*SQRT((ABS($B42-I$33))/a_lift)))+t_pos+t_I+IF((I$33)<=0,0,IF((I$33)>=v_lift^2/a_lift,(I$33)/v_lift+v_lift/a_lift,2*SQRT((I$33)/a_lift)))+t_pos+t_ch) -> 0.025968254 | J42: =$C42*J$34*(t_ch+IF(($B42)<=0,0,IF(($B42)>=v_lift^2/a_lift,($B42)/v_lift+v_lift/a_lift,2*SQRT(($B42)/a_lift)))+t_pos+t_I+IF((ABS($B42-J$33))<=0,0,IF((ABS($B42-J$33))>=v_lift^2/a_lift,(ABS($B42-J$33))/v_lift+v_lift/a_lift,2*SQRT((ABS($B42-J$33))/a_lift)))+t_pos+t_I+IF((J$33)<=0,0,IF((J$33)>=v_lift^2/a_lift,(J$33)/v_lift+v_lift/a_lift,2*SQRT((J$33)/a_lift)))+t_pos+t_ch) -> 0.025571429 | K42: =$C42*K$34*(t_ch+IF(($B42)<=0,0,IF(($B42)>=v_lift^2/a_lift,($B42)/v_lift+v_lift/a_lift,2*SQRT(($B42)/a_lift)))+t_pos+t_I+IF((ABS($B42-K$33))<=0,0,IF((ABS($B42-K$33))>=v_lift^2/a_lift,(ABS($B42-K$33))/v_lift+v_lift/a_lift,2*SQRT((ABS($B42-K$33))/a_lift)))+t_pos+t_I+IF((K$33)<=0,0,IF((K$33)>=v_lift^2/a_lift,(K$33)/v_lift+v_lift/a_lift,2*SQRT((K$33)/a_lift)))+t_pos+t_ch) -> 0.026996032 | ... W42: =$C42*W$34*(t_ch+IF(($B42)<=0,0,IF(($B42)>=v_lift^2/a_lift,($B42)/v_lift+v_lift/a_lift,2*SQRT(($B42)/a_lift)))+t_pos+t_I+IF((ABS($B42-W$33))<=0,0,IF((ABS($B42-W$33))>=v_lift^2/a_lift,(ABS($B42-W$33))/v_lift+v_lift/a_lift,2*SQRT((ABS($B42-W$33))/a_lift)))+t_pos+t_I+IF((W$33)<=0,0,IF((W$33)>=v_lift^2/a_lift,(W$33)/v_lift+v_lift/a_lift,2*SQRT((W$33)/a_lift)))+t_pos+t_ch) -> 0
A43: 8 | B43: =Tiers!C11 -> 12.95 | C43: =Tiers!J11 -> 0.016666667 | D43: =$C43*D$34*(t_ch+IF(($B43)<=0,0,IF(($B43)>=v_lift^2/a_lift,($B43)/v_lift+v_lift/a_lift,2*SQRT(($B43)/a_lift)))+t_pos+t_I+IF((ABS($B43-D$33))<=0,0,IF((ABS($B43-D$33))>=v_lift^2/a_lift,(ABS($B43-D$33))/v_lift+v_lift/a_lift,2*SQRT((ABS($B43-D$33))/a_lift)))+t_pos+t_I+IF((D$33)<=0,0,IF((D$33)>=v_lift^2/a_lift,(D$33)/v_lift+v_lift/a_lift,2*SQRT((D$33)/a_lift)))+t_pos+t_ch) -> 0 | E43: =$C43*E$34*(t_ch+IF(($B43)<=0,0,IF(($B43)>=v_lift^2/a_lift,($B43)/v_lift+v_lift/a_lift,2*SQRT(($B43)/a_lift)))+t_pos+t_I+IF((ABS($B43-E$33))<=0,0,IF((ABS($B43-E$33))>=v_lift^2/a_lift,(ABS($B43-E$33))/v_lift+v_lift/a_lift,2*SQRT((ABS($B43-E$33))/a_lift)))+t_pos+t_I+IF((E$33)<=0,0,IF((E$33)>=v_lift^2/a_lift,(E$33)/v_lift+v_lift/a_lift,2*SQRT((E$33)/a_lift)))+t_pos+t_ch) -> 1.0798413 | F43: =$C43*F$34*(t_ch+IF(($B43)<=0,0,IF(($B43)>=v_lift^2/a_lift,($B43)/v_lift+v_lift/a_lift,2*SQRT(($B43)/a_lift)))+t_pos+t_I+IF((ABS($B43-F$33))<=0,0,IF((ABS($B43-F$33))>=v_lift^2/a_lift,(ABS($B43-F$33))/v_lift+v_lift/a_lift,2*SQRT((ABS($B43-F$33))/a_lift)))+t_pos+t_I+IF((F$33)<=0,0,IF((F$33)>=v_lift^2/a_lift,(F$33)/v_lift+v_lift/a_lift,2*SQRT((F$33)/a_lift)))+t_pos+t_ch) -> 0.13498016 | G43: =$C43*G$34*(t_ch+IF(($B43)<=0,0,IF(($B43)>=v_lift^2/a_lift,($B43)/v_lift+v_lift/a_lift,2*SQRT(($B43)/a_lift)))+t_pos+t_I+IF((ABS($B43-G$33))<=0,0,IF((ABS($B43-G$33))>=v_lift^2/a_lift,(ABS($B43-G$33))/v_lift+v_lift/a_lift,2*SQRT((ABS($B43-G$33))/a_lift)))+t_pos+t_I+IF((G$33)<=0,0,IF((G$33)>=v_lift^2/a_lift,(G$33)/v_lift+v_lift/a_lift,2*SQRT((G$33)/a_lift)))+t_pos+t_ch) -> 0.13498016 | H43: =$C43*H$34*(t_ch+IF(($B43)<=0,0,IF(($B43)>=v_lift^2/a_lift,($B43)/v_lift+v_lift/a_lift,2*SQRT(($B43)/a_lift)))+t_pos+t_I+IF((ABS($B43-H$33))<=0,0,IF((ABS($B43-H$33))>=v_lift^2/a_lift,(ABS($B43-H$33))/v_lift+v_lift/a_lift,2*SQRT((ABS($B43-H$33))/a_lift)))+t_pos+t_I+IF((H$33)<=0,0,IF((H$33)>=v_lift^2/a_lift,(H$33)/v_lift+v_lift/a_lift,2*SQRT((H$33)/a_lift)))+t_pos+t_ch) -> 0.13498016 | I43: =$C43*I$34*(t_ch+IF(($B43)<=0,0,IF(($B43)>=v_lift^2/a_lift,($B43)/v_lift+v_lift/a_lift,2*SQRT(($B43)/a_lift)))+t_pos+t_I+IF((ABS($B43-I$33))<=0,0,IF((ABS($B43-I$33))>=v_lift^2/a_lift,(ABS($B43-I$33))/v_lift+v_lift/a_lift,2*SQRT((ABS($B43-I$33))/a_lift)))+t_pos+t_I+IF((I$33)<=0,0,IF((I$33)>=v_lift^2/a_lift,(I$33)/v_lift+v_lift/a_lift,2*SQRT((I$33)/a_lift)))+t_pos+t_ch) -> 0.026996032 | J43: =$C43*J$34*(t_ch+IF(($B43)<=0,0,IF(($B43)>=v_lift^2/a_lift,($B43)/v_lift+v_lift/a_lift,2*SQRT(($B43)/a_lift)))+t_pos+t_I+IF((ABS($B43-J$33))<=0,0,IF((ABS($B43-J$33))>=v_lift^2/a_lift,(ABS($B43-J$33))/v_lift+v_lift/a_lift,2*SQRT((ABS($B43-J$33))/a_lift)))+t_pos+t_I+IF((J$33)<=0,0,IF((J$33)>=v_lift^2/a_lift,(J$33)/v_lift+v_lift/a_lift,2*SQRT((J$33)/a_lift)))+t_pos+t_ch) -> 0.026996032 | K43: =$C43*K$34*(t_ch+IF(($B43)<=0,0,IF(($B43)>=v_lift^2/a_lift,($B43)/v_lift+v_lift/a_lift,2*SQRT(($B43)/a_lift)))+t_pos+t_I+IF((ABS($B43-K$33))<=0,0,IF((ABS($B43-K$33))>=v_lift^2/a_lift,(ABS($B43-K$33))/v_lift+v_lift/a_lift,2*SQRT((ABS($B43-K$33))/a_lift)))+t_pos+t_I+IF((K$33)<=0,0,IF((K$33)>=v_lift^2/a_lift,(K$33)/v_lift+v_lift/a_lift,2*SQRT((K$33)/a_lift)))+t_pos+t_ch) -> 0.026599206 | ... W43: =$C43*W$34*(t_ch+IF(($B43)<=0,0,IF(($B43)>=v_lift^2/a_lift,($B43)/v_lift+v_lift/a_lift,2*SQRT(($B43)/a_lift)))+t_pos+t_I+IF((ABS($B43-W$33))<=0,0,IF((ABS($B43-W$33))>=v_lift^2/a_lift,(ABS($B43-W$33))/v_lift+v_lift/a_lift,2*SQRT((ABS($B43-W$33))/a_lift)))+t_pos+t_I+IF((W$33)<=0,0,IF((W$33)>=v_lift^2/a_lift,(W$33)/v_lift+v_lift/a_lift,2*SQRT((W$33)/a_lift)))+t_pos+t_ch) -> 0
A44: 9 | B44: =Tiers!C12 -> 14.8 | C44: =Tiers!J12 -> 0.016666667 | D44: =$C44*D$34*(t_ch+IF(($B44)<=0,0,IF(($B44)>=v_lift^2/a_lift,($B44)/v_lift+v_lift/a_lift,2*SQRT(($B44)/a_lift)))+t_pos+t_I+IF((ABS($B44-D$33))<=0,0,IF((ABS($B44-D$33))>=v_lift^2/a_lift,(ABS($B44-D$33))/v_lift+v_lift/a_lift,2*SQRT((ABS($B44-D$33))/a_lift)))+t_pos+t_I+IF((D$33)<=0,0,IF((D$33)>=v_lift^2/a_lift,(D$33)/v_lift+v_lift/a_lift,2*SQRT((D$33)/a_lift)))+t_pos+t_ch) -> 0 | E44: =$C44*E$34*(t_ch+IF(($B44)<=0,0,IF(($B44)>=v_lift^2/a_lift,($B44)/v_lift+v_lift/a_lift,2*SQRT(($B44)/a_lift)))+t_pos+t_I+IF((ABS($B44-E$33))<=0,0,IF((ABS($B44-E$33))>=v_lift^2/a_lift,(ABS($B44-E$33))/v_lift+v_lift/a_lift,2*SQRT((ABS($B44-E$33))/a_lift)))+t_pos+t_I+IF((E$33)<=0,0,IF((E$33)>=v_lift^2/a_lift,(E$33)/v_lift+v_lift/a_lift,2*SQRT((E$33)/a_lift)))+t_pos+t_ch) -> 1.1209524 | F44: =$C44*F$34*(t_ch+IF(($B44)<=0,0,IF(($B44)>=v_lift^2/a_lift,($B44)/v_lift+v_lift/a_lift,2*SQRT(($B44)/a_lift)))+t_pos+t_I+IF((ABS($B44-F$33))<=0,0,IF((ABS($B44-F$33))>=v_lift^2/a_lift,(ABS($B44-F$33))/v_lift+v_lift/a_lift,2*SQRT((ABS($B44-F$33))/a_lift)))+t_pos+t_I+IF((F$33)<=0,0,IF((F$33)>=v_lift^2/a_lift,(F$33)/v_lift+v_lift/a_lift,2*SQRT((F$33)/a_lift)))+t_pos+t_ch) -> 0.14011905 | G44: =$C44*G$34*(t_ch+IF(($B44)<=0,0,IF(($B44)>=v_lift^2/a_lift,($B44)/v_lift+v_lift/a_lift,2*SQRT(($B44)/a_lift)))+t_pos+t_I+IF((ABS($B44-G$33))<=0,0,IF((ABS($B44-G$33))>=v_lift^2/a_lift,(ABS($B44-G$33))/v_lift+v_lift/a_lift,2*SQRT((ABS($B44-G$33))/a_lift)))+t_pos+t_I+IF((G$33)<=0,0,IF((G$33)>=v_lift^2/a_lift,(G$33)/v_lift+v_lift/a_lift,2*SQRT((G$33)/a_lift)))+t_pos+t_ch) -> 0.14011905 | H44: =$C44*H$34*(t_ch+IF(($B44)<=0,0,IF(($B44)>=v_lift^2/a_lift,($B44)/v_lift+v_lift/a_lift,2*SQRT(($B44)/a_lift)))+t_pos+t_I+IF((ABS($B44-H$33))<=0,0,IF((ABS($B44-H$33))>=v_lift^2/a_lift,(ABS($B44-H$33))/v_lift+v_lift/a_lift,2*SQRT((ABS($B44-H$33))/a_lift)))+t_pos+t_I+IF((H$33)<=0,0,IF((H$33)>=v_lift^2/a_lift,(H$33)/v_lift+v_lift/a_lift,2*SQRT((H$33)/a_lift)))+t_pos+t_ch) -> 0.14011905 | I44: =$C44*I$34*(t_ch+IF(($B44)<=0,0,IF(($B44)>=v_lift^2/a_lift,($B44)/v_lift+v_lift/a_lift,2*SQRT(($B44)/a_lift)))+t_pos+t_I+IF((ABS($B44-I$33))<=0,0,IF((ABS($B44-I$33))>=v_lift^2/a_lift,(ABS($B44-I$33))/v_lift+v_lift/a_lift,2*SQRT((ABS($B44-I$33))/a_lift)))+t_pos+t_I+IF((I$33)<=0,0,IF((I$33)>=v_lift^2/a_lift,(I$33)/v_lift+v_lift/a_lift,2*SQRT((I$33)/a_lift)))+t_pos+t_ch) -> 0.02802381 | J44: =$C44*J$34*(t_ch+IF(($B44)<=0,0,IF(($B44)>=v_lift^2/a_lift,($B44)/v_lift+v_lift/a_lift,2*SQRT(($B44)/a_lift)))+t_pos+t_I+IF((ABS($B44-J$33))<=0,0,IF((ABS($B44-J$33))>=v_lift^2/a_lift,(ABS($B44-J$33))/v_lift+v_lift/a_lift,2*SQRT((ABS($B44-J$33))/a_lift)))+t_pos+t_I+IF((J$33)<=0,0,IF((J$33)>=v_lift^2/a_lift,(J$33)/v_lift+v_lift/a_lift,2*SQRT((J$33)/a_lift)))+t_pos+t_ch) -> 0.02802381 | K44: =$C44*K$34*(t_ch+IF(($B44)<=0,0,IF(($B44)>=v_lift^2/a_lift,($B44)/v_lift+v_lift/a_lift,2*SQRT(($B44)/a_lift)))+t_pos+t_I+IF((ABS($B44-K$33))<=0,0,IF((ABS($B44-K$33))>=v_lift^2/a_lift,(ABS($B44-K$33))/v_lift+v_lift/a_lift,2*SQRT((ABS($B44-K$33))/a_lift)))+t_pos+t_I+IF((K$33)<=0,0,IF((K$33)>=v_lift^2/a_lift,(K$33)/v_lift+v_lift/a_lift,2*SQRT((K$33)/a_lift)))+t_pos+t_ch) -> 0.02802381 | ... W44: =$C44*W$34*(t_ch+IF(($B44)<=0,0,IF(($B44)>=v_lift^2/a_lift,($B44)/v_lift+v_lift/a_lift,2*SQRT(($B44)/a_lift)))+t_pos+t_I+IF((ABS($B44-W$33))<=0,0,IF((ABS($B44-W$33))>=v_lift^2/a_lift,(ABS($B44-W$33))/v_lift+v_lift/a_lift,2*SQRT((ABS($B44-W$33))/a_lift)))+t_pos+t_I+IF((W$33)<=0,0,IF((W$33)>=v_lift^2/a_lift,(W$33)/v_lift+v_lift/a_lift,2*SQRT((W$33)/a_lift)))+t_pos+t_ch) -> 0
A45: 10 | B45: =Tiers!C13 -> 16.65 | C45: =Tiers!J13 -> 0.016666667 | D45: =$C45*D$34*(t_ch+IF(($B45)<=0,0,IF(($B45)>=v_lift^2/a_lift,($B45)/v_lift+v_lift/a_lift,2*SQRT(($B45)/a_lift)))+t_pos+t_I+IF((ABS($B45-D$33))<=0,0,IF((ABS($B45-D$33))>=v_lift^2/a_lift,(ABS($B45-D$33))/v_lift+v_lift/a_lift,2*SQRT((ABS($B45-D$33))/a_lift)))+t_pos+t_I+IF((D$33)<=0,0,IF((D$33)>=v_lift^2/a_lift,(D$33)/v_lift+v_lift/a_lift,2*SQRT((D$33)/a_lift)))+t_pos+t_ch) -> 0 | E45: =$C45*E$34*(t_ch+IF(($B45)<=0,0,IF(($B45)>=v_lift^2/a_lift,($B45)/v_lift+v_lift/a_lift,2*SQRT(($B45)/a_lift)))+t_pos+t_I+IF((ABS($B45-E$33))<=0,0,IF((ABS($B45-E$33))>=v_lift^2/a_lift,(ABS($B45-E$33))/v_lift+v_lift/a_lift,2*SQRT((ABS($B45-E$33))/a_lift)))+t_pos+t_I+IF((E$33)<=0,0,IF((E$33)>=v_lift^2/a_lift,(E$33)/v_lift+v_lift/a_lift,2*SQRT((E$33)/a_lift)))+t_pos+t_ch) -> 1.1620635 | F45: =$C45*F$34*(t_ch+IF(($B45)<=0,0,IF(($B45)>=v_lift^2/a_lift,($B45)/v_lift+v_lift/a_lift,2*SQRT(($B45)/a_lift)))+t_pos+t_I+IF((ABS($B45-F$33))<=0,0,IF((ABS($B45-F$33))>=v_lift^2/a_lift,(ABS($B45-F$33))/v_lift+v_lift/a_lift,2*SQRT((ABS($B45-F$33))/a_lift)))+t_pos+t_I+IF((F$33)<=0,0,IF((F$33)>=v_lift^2/a_lift,(F$33)/v_lift+v_lift/a_lift,2*SQRT((F$33)/a_lift)))+t_pos+t_ch) -> 0.14525794 | G45: =$C45*G$34*(t_ch+IF(($B45)<=0,0,IF(($B45)>=v_lift^2/a_lift,($B45)/v_lift+v_lift/a_lift,2*SQRT(($B45)/a_lift)))+t_pos+t_I+IF((ABS($B45-G$33))<=0,0,IF((ABS($B45-G$33))>=v_lift^2/a_lift,(ABS($B45-G$33))/v_lift+v_lift/a_lift,2*SQRT((ABS($B45-G$33))/a_lift)))+t_pos+t_I+IF((G$33)<=0,0,IF((G$33)>=v_lift^2/a_lift,(G$33)/v_lift+v_lift/a_lift,2*SQRT((G$33)/a_lift)))+t_pos+t_ch) -> 0.14525794 | H45: =$C45*H$34*(t_ch+IF(($B45)<=0,0,IF(($B45)>=v_lift^2/a_lift,($B45)/v_lift+v_lift/a_lift,2*SQRT(($B45)/a_lift)))+t_pos+t_I+IF((ABS($B45-H$33))<=0,0,IF((ABS($B45-H$33))>=v_lift^2/a_lift,(ABS($B45-H$33))/v_lift+v_lift/a_lift,2*SQRT((ABS($B45-H$33))/a_lift)))+t_pos+t_I+IF((H$33)<=0,0,IF((H$33)>=v_lift^2/a_lift,(H$33)/v_lift+v_lift/a_lift,2*SQRT((H$33)/a_lift)))+t_pos+t_ch) -> 0.14525794 | I45: =$C45*I$34*(t_ch+IF(($B45)<=0,0,IF(($B45)>=v_lift^2/a_lift,($B45)/v_lift+v_lift/a_lift,2*SQRT(($B45)/a_lift)))+t_pos+t_I+IF((ABS($B45-I$33))<=0,0,IF((ABS($B45-I$33))>=v_lift^2/a_lift,(ABS($B45-I$33))/v_lift+v_lift/a_lift,2*SQRT((ABS($B45-I$33))/a_lift)))+t_pos+t_I+IF((I$33)<=0,0,IF((I$33)>=v_lift^2/a_lift,(I$33)/v_lift+v_lift/a_lift,2*SQRT((I$33)/a_lift)))+t_pos+t_ch) -> 0.029051587 | J45: =$C45*J$34*(t_ch+IF(($B45)<=0,0,IF(($B45)>=v_lift^2/a_lift,($B45)/v_lift+v_lift/a_lift,2*SQRT(($B45)/a_lift)))+t_pos+t_I+IF((ABS($B45-J$33))<=0,0,IF((ABS($B45-J$33))>=v_lift^2/a_lift,(ABS($B45-J$33))/v_lift+v_lift/a_lift,2*SQRT((ABS($B45-J$33))/a_lift)))+t_pos+t_I+IF((J$33)<=0,0,IF((J$33)>=v_lift^2/a_lift,(J$33)/v_lift+v_lift/a_lift,2*SQRT((J$33)/a_lift)))+t_pos+t_ch) -> 0.029051587 | K45: =$C45*K$34*(t_ch+IF(($B45)<=0,0,IF(($B45)>=v_lift^2/a_lift,($B45)/v_lift+v_lift/a_lift,2*SQRT(($B45)/a_lift)))+t_pos+t_I+IF((ABS($B45-K$33))<=0,0,IF((ABS($B45-K$33))>=v_lift^2/a_lift,(ABS($B45-K$33))/v_lift+v_lift/a_lift,2*SQRT((ABS($B45-K$33))/a_lift)))+t_pos+t_I+IF((K$33)<=0,0,IF((K$33)>=v_lift^2/a_lift,(K$33)/v_lift+v_lift/a_lift,2*SQRT((K$33)/a_lift)))+t_pos+t_ch) -> 0.029051587 | ... W45: =$C45*W$34*(t_ch+IF(($B45)<=0,0,IF(($B45)>=v_lift^2/a_lift,($B45)/v_lift+v_lift/a_lift,2*SQRT(($B45)/a_lift)))+t_pos+t_I+IF((ABS($B45-W$33))<=0,0,IF((ABS($B45-W$33))>=v_lift^2/a_lift,(ABS($B45-W$33))/v_lift+v_lift/a_lift,2*SQRT((ABS($B45-W$33))/a_lift)))+t_pos+t_I+IF((W$33)<=0,0,IF((W$33)>=v_lift^2/a_lift,(W$33)/v_lift+v_lift/a_lift,2*SQRT((W$33)/a_lift)))+t_pos+t_ch) -> 0
A46: 11 | B46: =Tiers!C14 -> 0 | C46: =Tiers!J14 -> 0 | D46: =$C46*D$34*(t_ch+IF(($B46)<=0,0,IF(($B46)>=v_lift^2/a_lift,($B46)/v_lift+v_lift/a_lift,2*SQRT(($B46)/a_lift)))+t_pos+t_I+IF((ABS($B46-D$33))<=0,0,IF((ABS($B46-D$33))>=v_lift^2/a_lift,(ABS($B46-D$33))/v_lift+v_lift/a_lift,2*SQRT((ABS($B46-D$33))/a_lift)))+t_pos+t_I+IF((D$33)<=0,0,IF((D$33)>=v_lift^2/a_lift,(D$33)/v_lift+v_lift/a_lift,2*SQRT((D$33)/a_lift)))+t_pos+t_ch) -> 0 | E46: =$C46*E$34*(t_ch+IF(($B46)<=0,0,IF(($B46)>=v_lift^2/a_lift,($B46)/v_lift+v_lift/a_lift,2*SQRT(($B46)/a_lift)))+t_pos+t_I+IF((ABS($B46-E$33))<=0,0,IF((ABS($B46-E$33))>=v_lift^2/a_lift,(ABS($B46-E$33))/v_lift+v_lift/a_lift,2*SQRT((ABS($B46-E$33))/a_lift)))+t_pos+t_I+IF((E$33)<=0,0,IF((E$33)>=v_lift^2/a_lift,(E$33)/v_lift+v_lift/a_lift,2*SQRT((E$33)/a_lift)))+t_pos+t_ch) -> 0 | F46: =$C46*F$34*(t_ch+IF(($B46)<=0,0,IF(($B46)>=v_lift^2/a_lift,($B46)/v_lift+v_lift/a_lift,2*SQRT(($B46)/a_lift)))+t_pos+t_I+IF((ABS($B46-F$33))<=0,0,IF((ABS($B46-F$33))>=v_lift^2/a_lift,(ABS($B46-F$33))/v_lift+v_lift/a_lift,2*SQRT((ABS($B46-F$33))/a_lift)))+t_pos+t_I+IF((F$33)<=0,0,IF((F$33)>=v_lift^2/a_lift,(F$33)/v_lift+v_lift/a_lift,2*SQRT((F$33)/a_lift)))+t_pos+t_ch) -> 0 | G46: =$C46*G$34*(t_ch+IF(($B46)<=0,0,IF(($B46)>=v_lift^2/a_lift,($B46)/v_lift+v_lift/a_lift,2*SQRT(($B46)/a_lift)))+t_pos+t_I+IF((ABS($B46-G$33))<=0,0,IF((ABS($B46-G$33))>=v_lift^2/a_lift,(ABS($B46-G$33))/v_lift+v_lift/a_lift,2*SQRT((ABS($B46-G$33))/a_lift)))+t_pos+t_I+IF((G$33)<=0,0,IF((G$33)>=v_lift^2/a_lift,(G$33)/v_lift+v_lift/a_lift,2*SQRT((G$33)/a_lift)))+t_pos+t_ch) -> 0 | H46: =$C46*H$34*(t_ch+IF(($B46)<=0,0,IF(($B46)>=v_lift^2/a_lift,($B46)/v_lift+v_lift/a_lift,2*SQRT(($B46)/a_lift)))+t_pos+t_I+IF((ABS($B46-H$33))<=0,0,IF((ABS($B46-H$33))>=v_lift^2/a_lift,(ABS($B46-H$33))/v_lift+v_lift/a_lift,2*SQRT((ABS($B46-H$33))/a_lift)))+t_pos+t_I+IF((H$33)<=0,0,IF((H$33)>=v_lift^2/a_lift,(H$33)/v_lift+v_lift/a_lift,2*SQRT((H$33)/a_lift)))+t_pos+t_ch) -> 0 | I46: =$C46*I$34*(t_ch+IF(($B46)<=0,0,IF(($B46)>=v_lift^2/a_lift,($B46)/v_lift+v_lift/a_lift,2*SQRT(($B46)/a_lift)))+t_pos+t_I+IF((ABS($B46-I$33))<=0,0,IF((ABS($B46-I$33))>=v_lift^2/a_lift,(ABS($B46-I$33))/v_lift+v_lift/a_lift,2*SQRT((ABS($B46-I$33))/a_lift)))+t_pos+t_I+IF((I$33)<=0,0,IF((I$33)>=v_lift^2/a_lift,(I$33)/v_lift+v_lift/a_lift,2*SQRT((I$33)/a_lift)))+t_pos+t_ch) -> 0 | J46: =$C46*J$34*(t_ch+IF(($B46)<=0,0,IF(($B46)>=v_lift^2/a_lift,($B46)/v_lift+v_lift/a_lift,2*SQRT(($B46)/a_lift)))+t_pos+t_I+IF((ABS($B46-J$33))<=0,0,IF((ABS($B46-J$33))>=v_lift^2/a_lift,(ABS($B46-J$33))/v_lift+v_lift/a_lift,2*SQRT((ABS($B46-J$33))/a_lift)))+t_pos+t_I+IF((J$33)<=0,0,IF((J$33)>=v_lift^2/a_lift,(J$33)/v_lift+v_lift/a_lift,2*SQRT((J$33)/a_lift)))+t_pos+t_ch) -> 0 | K46: =$C46*K$34*(t_ch+IF(($B46)<=0,0,IF(($B46)>=v_lift^2/a_lift,($B46)/v_lift+v_lift/a_lift,2*SQRT(($B46)/a_lift)))+t_pos+t_I+IF((ABS($B46-K$33))<=0,0,IF((ABS($B46-K$33))>=v_lift^2/a_lift,(ABS($B46-K$33))/v_lift+v_lift/a_lift,2*SQRT((ABS($B46-K$33))/a_lift)))+t_pos+t_I+IF((K$33)<=0,0,IF((K$33)>=v_lift^2/a_lift,(K$33)/v_lift+v_lift/a_lift,2*SQRT((K$33)/a_lift)))+t_pos+t_ch) -> 0 | ... W46: =$C46*W$34*(t_ch+IF(($B46)<=0,0,IF(($B46)>=v_lift^2/a_lift,($B46)/v_lift+v_lift/a_lift,2*SQRT(($B46)/a_lift)))+t_pos+t_I+IF((ABS($B46-W$33))<=0,0,IF((ABS($B46-W$33))>=v_lift^2/a_lift,(ABS($B46-W$33))/v_lift+v_lift/a_lift,2*SQRT((ABS($B46-W$33))/a_lift)))+t_pos+t_I+IF((W$33)<=0,0,IF((W$33)>=v_lift^2/a_lift,(W$33)/v_lift+v_lift/a_lift,2*SQRT((W$33)/a_lift)))+t_pos+t_ch) -> 0
A47: 12 | B47: =Tiers!C15 -> 0 | C47: =Tiers!J15 -> 0 | D47: =$C47*D$34*(t_ch+IF(($B47)<=0,0,IF(($B47)>=v_lift^2/a_lift,($B47)/v_lift+v_lift/a_lift,2*SQRT(($B47)/a_lift)))+t_pos+t_I+IF((ABS($B47-D$33))<=0,0,IF((ABS($B47-D$33))>=v_lift^2/a_lift,(ABS($B47-D$33))/v_lift+v_lift/a_lift,2*SQRT((ABS($B47-D$33))/a_lift)))+t_pos+t_I+IF((D$33)<=0,0,IF((D$33)>=v_lift^2/a_lift,(D$33)/v_lift+v_lift/a_lift,2*SQRT((D$33)/a_lift)))+t_pos+t_ch) -> 0 | E47: =$C47*E$34*(t_ch+IF(($B47)<=0,0,IF(($B47)>=v_lift^2/a_lift,($B47)/v_lift+v_lift/a_lift,2*SQRT(($B47)/a_lift)))+t_pos+t_I+IF((ABS($B47-E$33))<=0,0,IF((ABS($B47-E$33))>=v_lift^2/a_lift,(ABS($B47-E$33))/v_lift+v_lift/a_lift,2*SQRT((ABS($B47-E$33))/a_lift)))+t_pos+t_I+IF((E$33)<=0,0,IF((E$33)>=v_lift^2/a_lift,(E$33)/v_lift+v_lift/a_lift,2*SQRT((E$33)/a_lift)))+t_pos+t_ch) -> 0 | F47: =$C47*F$34*(t_ch+IF(($B47)<=0,0,IF(($B47)>=v_lift^2/a_lift,($B47)/v_lift+v_lift/a_lift,2*SQRT(($B47)/a_lift)))+t_pos+t_I+IF((ABS($B47-F$33))<=0,0,IF((ABS($B47-F$33))>=v_lift^2/a_lift,(ABS($B47-F$33))/v_lift+v_lift/a_lift,2*SQRT((ABS($B47-F$33))/a_lift)))+t_pos+t_I+IF((F$33)<=0,0,IF((F$33)>=v_lift^2/a_lift,(F$33)/v_lift+v_lift/a_lift,2*SQRT((F$33)/a_lift)))+t_pos+t_ch) -> 0 | G47: =$C47*G$34*(t_ch+IF(($B47)<=0,0,IF(($B47)>=v_lift^2/a_lift,($B47)/v_lift+v_lift/a_lift,2*SQRT(($B47)/a_lift)))+t_pos+t_I+IF((ABS($B47-G$33))<=0,0,IF((ABS($B47-G$33))>=v_lift^2/a_lift,(ABS($B47-G$33))/v_lift+v_lift/a_lift,2*SQRT((ABS($B47-G$33))/a_lift)))+t_pos+t_I+IF((G$33)<=0,0,IF((G$33)>=v_lift^2/a_lift,(G$33)/v_lift+v_lift/a_lift,2*SQRT((G$33)/a_lift)))+t_pos+t_ch) -> 0 | H47: =$C47*H$34*(t_ch+IF(($B47)<=0,0,IF(($B47)>=v_lift^2/a_lift,($B47)/v_lift+v_lift/a_lift,2*SQRT(($B47)/a_lift)))+t_pos+t_I+IF((ABS($B47-H$33))<=0,0,IF((ABS($B47-H$33))>=v_lift^2/a_lift,(ABS($B47-H$33))/v_lift+v_lift/a_lift,2*SQRT((ABS($B47-H$33))/a_lift)))+t_pos+t_I+IF((H$33)<=0,0,IF((H$33)>=v_lift^2/a_lift,(H$33)/v_lift+v_lift/a_lift,2*SQRT((H$33)/a_lift)))+t_pos+t_ch) -> 0 | I47: =$C47*I$34*(t_ch+IF(($B47)<=0,0,IF(($B47)>=v_lift^2/a_lift,($B47)/v_lift+v_lift/a_lift,2*SQRT(($B47)/a_lift)))+t_pos+t_I+IF((ABS($B47-I$33))<=0,0,IF((ABS($B47-I$33))>=v_lift^2/a_lift,(ABS($B47-I$33))/v_lift+v_lift/a_lift,2*SQRT((ABS($B47-I$33))/a_lift)))+t_pos+t_I+IF((I$33)<=0,0,IF((I$33)>=v_lift^2/a_lift,(I$33)/v_lift+v_lift/a_lift,2*SQRT((I$33)/a_lift)))+t_pos+t_ch) -> 0 | J47: =$C47*J$34*(t_ch+IF(($B47)<=0,0,IF(($B47)>=v_lift^2/a_lift,($B47)/v_lift+v_lift/a_lift,2*SQRT(($B47)/a_lift)))+t_pos+t_I+IF((ABS($B47-J$33))<=0,0,IF((ABS($B47-J$33))>=v_lift^2/a_lift,(ABS($B47-J$33))/v_lift+v_lift/a_lift,2*SQRT((ABS($B47-J$33))/a_lift)))+t_pos+t_I+IF((J$33)<=0,0,IF((J$33)>=v_lift^2/a_lift,(J$33)/v_lift+v_lift/a_lift,2*SQRT((J$33)/a_lift)))+t_pos+t_ch) -> 0 | K47: =$C47*K$34*(t_ch+IF(($B47)<=0,0,IF(($B47)>=v_lift^2/a_lift,($B47)/v_lift+v_lift/a_lift,2*SQRT(($B47)/a_lift)))+t_pos+t_I+IF((ABS($B47-K$33))<=0,0,IF((ABS($B47-K$33))>=v_lift^2/a_lift,(ABS($B47-K$33))/v_lift+v_lift/a_lift,2*SQRT((ABS($B47-K$33))/a_lift)))+t_pos+t_I+IF((K$33)<=0,0,IF((K$33)>=v_lift^2/a_lift,(K$33)/v_lift+v_lift/a_lift,2*SQRT((K$33)/a_lift)))+t_pos+t_ch) -> 0 | ... W47: =$C47*W$34*(t_ch+IF(($B47)<=0,0,IF(($B47)>=v_lift^2/a_lift,($B47)/v_lift+v_lift/a_lift,2*SQRT(($B47)/a_lift)))+t_pos+t_I+IF((ABS($B47-W$33))<=0,0,IF((ABS($B47-W$33))>=v_lift^2/a_lift,(ABS($B47-W$33))/v_lift+v_lift/a_lift,2*SQRT((ABS($B47-W$33))/a_lift)))+t_pos+t_I+IF((W$33)<=0,0,IF((W$33)>=v_lift^2/a_lift,(W$33)/v_lift+v_lift/a_lift,2*SQRT((W$33)/a_lift)))+t_pos+t_ch) -> 0
... A55: 20 | B55: =Tiers!C23 -> 0 | C55: =Tiers!J23 -> 0 | D55: =$C55*D$34*(t_ch+IF(($B55)<=0,0,IF(($B55)>=v_lift^2/a_lift,($B55)/v_lift+v_lift/a_lift,2*SQRT(($B55)/a_lift)))+t_pos+t_I+IF((ABS($B55-D$33))<=0,0,IF((ABS($B55-D$33))>=v_lift^2/a_lift,(ABS($B55-D$33))/v_lift+v_lift/a_lift,2*SQRT((ABS($B55-D$33))/a_lift)))+t_pos+t_I+IF((D$33)<=0,0,IF((D$33)>=v_lift^2/a_lift,(D$33)/v_lift+v_lift/a_lift,2*SQRT((D$33)/a_lift)))+t_pos+t_ch) -> 0 | E55: =$C55*E$34*(t_ch+IF(($B55)<=0,0,IF(($B55)>=v_lift^2/a_lift,($B55)/v_lift+v_lift/a_lift,2*SQRT(($B55)/a_lift)))+t_pos+t_I+IF((ABS($B55-E$33))<=0,0,IF((ABS($B55-E$33))>=v_lift^2/a_lift,(ABS($B55-E$33))/v_lift+v_lift/a_lift,2*SQRT((ABS($B55-E$33))/a_lift)))+t_pos+t_I+IF((E$33)<=0,0,IF((E$33)>=v_lift^2/a_lift,(E$33)/v_lift+v_lift/a_lift,2*SQRT((E$33)/a_lift)))+t_pos+t_ch) -> 0 | F55: =$C55*F$34*(t_ch+IF(($B55)<=0,0,IF(($B55)>=v_lift^2/a_lift,($B55)/v_lift+v_lift/a_lift,2*SQRT(($B55)/a_lift)))+t_pos+t_I+IF((ABS($B55-F$33))<=0,0,IF((ABS($B55-F$33))>=v_lift^2/a_lift,(ABS($B55-F$33))/v_lift+v_lift/a_lift,2*SQRT((ABS($B55-F$33))/a_lift)))+t_pos+t_I+IF((F$33)<=0,0,IF((F$33)>=v_lift^2/a_lift,(F$33)/v_lift+v_lift/a_lift,2*SQRT((F$33)/a_lift)))+t_pos+t_ch) -> 0 | G55: =$C55*G$34*(t_ch+IF(($B55)<=0,0,IF(($B55)>=v_lift^2/a_lift,($B55)/v_lift+v_lift/a_lift,2*SQRT(($B55)/a_lift)))+t_pos+t_I+IF((ABS($B55-G$33))<=0,0,IF((ABS($B55-G$33))>=v_lift^2/a_lift,(ABS($B55-G$33))/v_lift+v_lift/a_lift,2*SQRT((ABS($B55-G$33))/a_lift)))+t_pos+t_I+IF((G$33)<=0,0,IF((G$33)>=v_lift^2/a_lift,(G$33)/v_lift+v_lift/a_lift,2*SQRT((G$33)/a_lift)))+t_pos+t_ch) -> 0 | H55: =$C55*H$34*(t_ch+IF(($B55)<=0,0,IF(($B55)>=v_lift^2/a_lift,($B55)/v_lift+v_lift/a_lift,2*SQRT(($B55)/a_lift)))+t_pos+t_I+IF((ABS($B55-H$33))<=0,0,IF((ABS($B55-H$33))>=v_lift^2/a_lift,(ABS($B55-H$33))/v_lift+v_lift/a_lift,2*SQRT((ABS($B55-H$33))/a_lift)))+t_pos+t_I+IF((H$33)<=0,0,IF((H$33)>=v_lift^2/a_lift,(H$33)/v_lift+v_lift/a_lift,2*SQRT((H$33)/a_lift)))+t_pos+t_ch) -> 0 | I55: =$C55*I$34*(t_ch+IF(($B55)<=0,0,IF(($B55)>=v_lift^2/a_lift,($B55)/v_lift+v_lift/a_lift,2*SQRT(($B55)/a_lift)))+t_pos+t_I+IF((ABS($B55-I$33))<=0,0,IF((ABS($B55-I$33))>=v_lift^2/a_lift,(ABS($B55-I$33))/v_lift+v_lift/a_lift,2*SQRT((ABS($B55-I$33))/a_lift)))+t_pos+t_I+IF((I$33)<=0,0,IF((I$33)>=v_lift^2/a_lift,(I$33)/v_lift+v_lift/a_lift,2*SQRT((I$33)/a_lift)))+t_pos+t_ch) -> 0 | J55: =$C55*J$34*(t_ch+IF(($B55)<=0,0,IF(($B55)>=v_lift^2/a_lift,($B55)/v_lift+v_lift/a_lift,2*SQRT(($B55)/a_lift)))+t_pos+t_I+IF((ABS($B55-J$33))<=0,0,IF((ABS($B55-J$33))>=v_lift^2/a_lift,(ABS($B55-J$33))/v_lift+v_lift/a_lift,2*SQRT((ABS($B55-J$33))/a_lift)))+t_pos+t_I+IF((J$33)<=0,0,IF((J$33)>=v_lift^2/a_lift,(J$33)/v_lift+v_lift/a_lift,2*SQRT((J$33)/a_lift)))+t_pos+t_ch) -> 0 | K55: =$C55*K$34*(t_ch+IF(($B55)<=0,0,IF(($B55)>=v_lift^2/a_lift,($B55)/v_lift+v_lift/a_lift,2*SQRT(($B55)/a_lift)))+t_pos+t_I+IF((ABS($B55-K$33))<=0,0,IF((ABS($B55-K$33))>=v_lift^2/a_lift,(ABS($B55-K$33))/v_lift+v_lift/a_lift,2*SQRT((ABS($B55-K$33))/a_lift)))+t_pos+t_I+IF((K$33)<=0,0,IF((K$33)>=v_lift^2/a_lift,(K$33)/v_lift+v_lift/a_lift,2*SQRT((K$33)/a_lift)))+t_pos+t_ch) -> 0 | ... W55: =$C55*W$34*(t_ch+IF(($B55)<=0,0,IF(($B55)>=v_lift^2/a_lift,($B55)/v_lift+v_lift/a_lift,2*SQRT(($B55)/a_lift)))+t_pos+t_I+IF((ABS($B55-W$33))<=0,0,IF((ABS($B55-W$33))>=v_lift^2/a_lift,(ABS($B55-W$33))/v_lift+v_lift/a_lift,2*SQRT((ABS($B55-W$33))/a_lift)))+t_pos+t_I+IF((W$33)<=0,0,IF((W$33)>=v_lift^2/a_lift,(W$33)/v_lift+v_lift/a_lift,2*SQRT((W$33)/a_lift)))+t_pos+t_ch) -> 0
A56: Mean dual cycle (s) = SUM of grid | D56: =SUM(D36:W55) -> 80.917381

Sheet Model
A1: MODEL – results (all formulas)
A3: Flows
A4: Peak transactions (in + out) | B4: =(lam_in+lam_out)*peak_factor -> 100 | C4: tx/h | D4: Single-command transactions
A5: Pallet movements per day (in + out) | B5: =lam_in*hours_in+lam_out*hours_out -> 1920 | C5: mov/day
A6: Lift ↔ tier interface time | B6: =IF(lift_iface="Chain",t_ch,t_lift_sh) -> 25 | C6: s
A7: Geometry and capacity
A8: Cross-aisle length (N_L · u_w) | B8: =N_L*u_w -> 37.4 | C8: m
A9: Depth of the rack block (2·N_C·u_d + aisle) | B9: =2*N_C*u_d+aisle_w -> 16.5 | C9: m
A10: Rack height (N_T · u_h) | B10: =N_T*u_h -> 18.5 | C10: m
A11: Gross positions | B11: =2*N_C*N_L*N_T -> 5280 | C11: pallets
A12: Positions displaced by lift shafts | B12: =n_lifts*lanes_per_lift*N_C*N_T -> 540 | C12: pallets
A13: Net positions | B13: =2*N_C*N_L*N_T-n_lifts*lanes_per_lift*N_C*N_T -> 4740 | C13: pallets
A14: Lanes = SKUs of N_C pallets | B14: =net_pos/N_C -> 790 | C14: lanes
A15: Effective capacity at average fill | B15: =net_pos*fill -> 4029 | C15: pallets
A16: Footprint of the rack block | B16: =L_aisle*(2*N_C*u_d+aisle_w) -> 617.1 | C16: m²
A17: Share of the building floor | B17: =L_aisle*(2*N_C*u_d+aisle_w)/(L_bldg*W_bldg) -> 0.45711111
A18: D/W = N_C·u_d / (N_L·u_w) | B18: =N_C*u_d/(N_L*u_w) -> 0.20053476 | D18: Distance ratio (time ratio if speeds equal)
A19: κ (mean aisle distance / aisle length) | B19: =IF(lift_layout="End",1/2,1/(4*n_lifts)) -> 0.083333333 | D19: 1/2 (end), 1/(4n) equispaced
A20: Theoretical optimum D/W* = 2κ/(1+f) | B20: =2*kappa/(1+f_hc) -> 0.13888889 | D20: Minimises the shuttle cycle at constant capacity
A21: Lift positions along the aisle (from the aisle start)
A22: Lift 1 | B22: =IF(1>n_lifts,"",IF(lift_layout="End",0,(2*1-1)*L_aisle/(2*n_lifts))) -> 6.2333333 | C22: m
A23: Lift 2 | B23: =IF(2>n_lifts,"",IF(lift_layout="End",0,(2*2-1)*L_aisle/(2*n_lifts))) -> 18.7 | C23: m
A24: Lift 3 | B24: =IF(3>n_lifts,"",IF(lift_layout="End",0,(2*3-1)*L_aisle/(2*n_lifts))) -> 31.166667 | C24: m
A25: Lift 4 | B25: =IF(4>n_lifts,"",IF(lift_layout="End",0,(2*4-1)*L_aisle/(2*n_lifts))) | C25: m
A26: Lift 5 | B26: =IF(5>n_lifts,"",IF(lift_layout="End",0,(2*5-1)*L_aisle/(2*n_lifts))) | C26: m
A27: Lift 6 | B27: =IF(6>n_lifts,"",IF(lift_layout="End",0,(2*6-1)*L_aisle/(2*n_lifts))) | C27: m
A28: Shuttle cycle (single command, start and end at the lift point)
A29: Distance to reach v_max (v²/a) | B29: =v_sh^2/a_sh -> 3.92 | C29: m | D29: Below this the profile is triangular
A30: Max distance lane → nearest lift | B30: =IF(lift_layout="End",L_aisle,L_aisle/(2*n_lifts)) -> 6.2333333 | C30: m | D30: Mean distance uniform in [0, dmax] (continuous approximation)
A31: Mean aisle distance (+ offset) | B31: =lane_off+dmax/2 -> 4.1166667 | C31: m
A32: Mean aisle leg time | B32: =((IF((lane_off+(dmax))<=(v_sh^2/a_sh),(4/3)*(lane_off+(dmax))^1.5/SQRT(a_sh),(4/3)*(v_sh^2/a_sh)^1.5/SQRT(a_sh)+((lane_off+(dmax))^2-(v_sh^2/a_sh)^2)/(2*v_sh)+(v_sh/a_sh)*((lane_off+(dmax))-(v_sh^2/a_sh))))-(IF((lane_off)<=(v_sh^2/a_sh),(4/3)*(lane_off)^1.5/SQRT(a_sh),(4/3)*(v_sh^2/a_sh)^1.5/SQRT(a_sh)+((lane_off)^2-(v_sh^2/a_sh)^2)/(2*v_sh)+(v_sh/a_sh)*((lane_off)-(v_sh^2/a_sh)))))/(dmax) -> 5.6509882 | C32: s | D32: Exact integral of the trapezoidal profile
A33: Mean in-lane distance | B33: =(N_C-1)*u_d/2*(1+f_hc)+lane_off -> 4.75 | C33: m | D33: Includes honeycombing
A34: In-lane leg time | B34: =IF((d_lane)<=0,0,IF((d_lane)>=v_sh^2/a_sh,(d_lane)/v_sh+v_sh/a_sh,2*SQRT((d_lane)/a_sh))) -> 6.1928571 | C34: s
A35: Shuttle cycle T_sh = 2·t_sh + 2·t_turn + 2·t_aisle + 2·t_lane | B35: =2*t_sh+2*t_turn+2*t_aisle+2*t_lane -> 81.687691 | C35: s
A36: Capacity per shuttle | B36: =3600/Tcyc_sh -> 44.070287 | C36: tx/h
A37: Lift: Uniform vs ABC (selected distribution in the last column)
A38: Metric | B38: Uniform | C38: ABC | D38: Selected | E38: Unit
A39: Share of transactions at tier 1 (no lift) | B39: =Tiers!D4 -> 0.1 | C39: =Tiers!E4 -> 0.4 | D39: =IF(dist_mode="ABC",C39,B39) -> 0.4
A40: Share of transactions using the lift | B40: =1-B39 -> 0.9 | C40: =1-C39 -> 0.6 | D40: =IF(dist_mode="ABC",C40,B40) -> 0.6
A41: Lift transactions | B41: =B40*lam_total -> 90 | C41: =C40*lam_total -> 60 | D41: =IF(dist_mode="ABC",C41,B41) -> 60 | E41: tx/h
A42: Mean single-command lift cycle | B42: =SUMPRODUCT(Tiers!$I$4:$I$23,Tiers!$H$4:$H$23) -> 55.357143 | C42: =SUMPRODUCT(Tiers!$J$4:$J$23,Tiers!$H$4:$H$23) -> 44.257143 | D42: =IF(dist_mode="ABC",C42,B42) -> 44.257143 | E42: s
A43: Mean dual-command lift cycle (store + retrieve) | B43: =Lift_grid!$D$28 -> 95.108466 | C43: =Lift_grid!$D$56 -> 80.917381 | D43: =IF(dist_mode="ABC",C43,B43) -> 80.917381 | E43: s
A44: Capacity per lift (single command) | B44: =3600/B42 -> 65.032258 | C44: =3600/C42 -> 81.342802 | D44: =IF(dist_mode="ABC",C44,B44) -> 81.342802 | E44: lift tx/h
A45: Lift utilization – single command | B45: =B41*B42/3600/n_lifts -> 0.46130952 | C45: =C41*C42/3600/n_lifts -> 0.24587302 | D45: =IF(dist_mode="ABC",C45,B45) -> 0.24587302
A46: Lift utilization – dual commands | B46: =(MIN(lam_in,lam_out)*peak_factor*B40*B43+ABS(lam_out-lam_in)*peak_factor*B40*B42)/3600/n_lifts -> 0.40929012 | C46: =(MIN(lam_in,lam_out)*peak_factor*C40*C43+ABS(lam_out-lam_in)*peak_factor*C40*C42)/3600/n_lifts -> 0.22899101 | D46: =IF(dist_mode="ABC",C46,B46) -> 0.22899101
A47: Utilization with one lift down (single command) | B47: =IF(n_lifts>1,B45*n_lifts/(n_lifts-1),"n/a") -> 0.69196429 | C47: =IF(n_lifts>1,C45*n_lifts/(n_lifts-1),"n/a") -> 0.36880952 | D47: =IF(dist_mode="ABC",C47,B47) -> 0.36880952
A48: Mean lifting height | B48: =SUMPRODUCT(Tiers!$D$4:$D$23,Tiers!$C$4:$C$23) -> 8.325 | C48: =SUMPRODUCT(Tiers!$E$4:$E$23,Tiers!$C$4:$C$23) -> 2.22 | D48: =IF(dist_mode="ABC",C48,B48) -> 2.22 | E48: m
A49: Minimum lift energy (potential energy only) | B49: =moves_day*m_pallet*9.81*B48/3600000 -> 43.5564 | C49: =moves_day*m_pallet*9.81*C48/3600000 -> 11.61504 | D49: =IF(dist_mode="ABC",C49,B49) -> 11.61504 | E49: kWh/day
A50: Energy saving of ABC vs Uniform | C50: =1-C49/B49 -> 0.73333333 | D50: =IF(dist_mode="ABC",C50,B50) -> 0.73333333
A51: Shuttle fleet
A52: Shuttles assigned (sum of Inputs table) | B52: =SUM(Tiers!L4:L23) -> 9 | C52: shuttles
A53: Fleet including spares | B53: =fleet+spares -> 11 | C53: shuttles
A54: Total shuttle workload | B54: =lam_total*Tcyc_sh/3600 -> 2.2691025 | C54: shuttle-equiv. | D54: Fleet is sized by tier coverage, not by load
A55: Highest tier shuttle utilization | B55: =MAX(Tiers!M4:M23) -> 0.4538205
A56: Checks
A57: Rack height ≤ building height | B57: =IF(tiers_h<=H_bldg,"OK","CHECK") -> OK
A58: Aisle length ≤ building length | B58: =IF(L_aisle<=L_bldg,"OK","CHECK") -> OK
A59: Block depth ≤ building width | B59: =IF(2*N_C*u_d+aisle_w<=W_bldg,"OK","CHECK") -> OK
A60: Effective capacity ≥ requirement | B60: =IF(eff_cap>=cap_req,"OK","CHECK") -> OK | D60: Requirement on the Inputs sheet
A61: Lift utilization ≤ target | B61: =IF(U_lift<=rho_max,"OK","CHECK") -> OK
A62: Lift utilization with one lift down < 100 % | B62: =IF(IF(ISNUMBER(U_lift_n1),U_lift_n1<1,FALSE()),"OK","CHECK") -> OK | D62: N+1 resilience
A63: Highest shuttle utilization ≤ target | B63: =IF(max_su<=rho_max,"OK","CHECK") -> OK

Sheet Sweeps
A1: SWEEPS (formulas – change the Inputs and everything updates)
A3: 1) Shuttle cycle vs D/W at constant capacity (N_C × N_L = Inputs 'sweep_prod' per side)
A4: N_C | B4: N_L | C4: Aisle L (m) | D4: D/W | E4: t_lane (s) | F4: 1 lift at end: t_aisle | G4: T_sh (s) | H4: 1 lift centre: t_aisle | I4: T_sh (s) | J4: 2 lifts: t_aisle | K4: T_sh (s) | L4: 3 lifts: t_aisle | M4: T_sh (s)
A5: 2 | B5: =ROUND(sweep_prod/A5,0) -> 120 | C5: =B5*u_w -> 102 | D5: =A5*u_d/(B5*u_w) -> 0.024509804 | E5: =IF(((A5-1)*u_d/2*(1+f_hc)+lane_off)<=0,0,IF(((A5-1)*u_d/2*(1+f_hc)+lane_off)>=v_sh^2/a_sh,((A5-1)*u_d/2*(1+f_hc)+lane_off)/v_sh+v_sh/a_sh,2*SQRT(((A5-1)*u_d/2*(1+f_hc)+lane_off)/a_sh))) -> 3.7416574 | F5: =((IF((lane_off+(C5))<=(v_sh^2/a_sh),(4/3)*(lane_off+(C5))^1.5/SQRT(a_sh),(4/3)*(v_sh^2/a_sh)^1.5/SQRT(a_sh)+((lane_off+(C5))^2-(v_sh^2/a_sh)^2)/(2*v_sh)+(v_sh/a_sh)*((lane_off+(C5))-(v_sh^2/a_sh))))-(IF((lane_off)<=(v_sh^2/a_sh),(4/3)*(lane_off)^1.5/SQRT(a_sh),(4/3)*(v_sh^2/a_sh)^1.5/SQRT(a_sh)+((lane_off)^2-(v_sh^2/a_sh)^2)/(2*v_sh)+(v_sh/a_sh)*((lane_off)-(v_sh^2/a_sh)))))/(C5) -> 39.937388 | G5: =2*t_sh+2*t_turn+2*F5+2*E5 -> 145.35809 | H5: =((IF((lane_off+(C5/2))<=(v_sh^2/a_sh),(4/3)*(lane_off+(C5/2))^1.5/SQRT(a_sh),(4/3)*(v_sh^2/a_sh)^1.5/SQRT(a_sh)+((lane_off+(C5/2))^2-(v_sh^2/a_sh)^2)/(2*v_sh)+(v_sh/a_sh)*((lane_off+(C5/2))-(v_sh^2/a_sh))))-(IF((lane_off)<=(v_sh^2/a_sh),(4/3)*(lane_off)^1.5/SQRT(a_sh),(4/3)*(v_sh^2/a_sh)^1.5/SQRT(a_sh)+((lane_off)^2-(v_sh^2/a_sh)^2)/(2*v_sh)+(v_sh/a_sh)*((lane_off)-(v_sh^2/a_sh)))))/(C5/2) -> 21.717634 | I5: =2*t_sh+2*t_turn+2*H5+2*E5 -> 108.91858 | J5: =((IF((lane_off+(C5/4))<=(v_sh^2/a_sh),(4/3)*(lane_off+(C5/4))^1.5/SQRT(a_sh),(4/3)*(v_sh^2/a_sh)^1.5/SQRT(a_sh)+((lane_off+(C5/4))^2-(v_sh^2/a_sh)^2)/(2*v_sh)+(v_sh/a_sh)*((lane_off+(C5/4))-(v_sh^2/a_sh))))-(IF((lane_off)<=(v_sh^2/a_sh),(4/3)*(lane_off)^1.5/SQRT(a_sh),(4/3)*(v_sh^2/a_sh)^1.5/SQRT(a_sh)+((lane_off)^2-(v_sh^2/a_sh)^2)/(2*v_sh)+(v_sh/a_sh)*((lane_off)-(v_sh^2/a_sh)))))/(C5/4) -> 12.599554 | K5: =2*t_sh+2*t_turn+2*J5+2*E5 -> 90.682422 | L5: =((IF((lane_off+(C5/6))<=(v_sh^2/a_sh),(4/3)*(lane_off+(C5/6))^1.5/SQRT(a_sh),(4/3)*(v_sh^2/a_sh)^1.5/SQRT(a_sh)+((lane_off+(C5/6))^2-(v_sh^2/a_sh)^2)/(2*v_sh)+(v_sh/a_sh)*((lane_off+(C5/6))-(v_sh^2/a_sh))))-(IF((lane_off)<=(v_sh^2/a_sh),(4/3)*(lane_off)^1.5/SQRT(a_sh),(4/3)*(v_sh^2/a_sh)^1.5/SQRT(a_sh)+((lane_off)^2-(v_sh^2/a_sh)^2)/(2*v_sh)+(v_sh/a_sh)*((lane_off)-(v_sh^2/a_sh)))))/(C5/6) -> 9.552902 | M5: =2*t_sh+2*t_turn+2*L5+2*E5 -> 84.589119
A6: 3 | B6: =ROUND(sweep_prod/A6,0) -> 80 | C6: =B6*u_w -> 68 | D6: =A6*u_d/(B6*u_w) -> 0.055147059 | E6: =IF(((A6-1)*u_d/2*(1+f_hc)+lane_off)<=0,0,IF(((A6-1)*u_d/2*(1+f_hc)+lane_off)>=v_sh^2/a_sh,((A6-1)*u_d/2*(1+f_hc)+lane_off)/v_sh+v_sh/a_sh,2*SQRT(((A6-1)*u_d/2*(1+f_hc)+lane_off)/a_sh))) -> 4.472136 | F6: =((IF((lane_off+(C6))<=(v_sh^2/a_sh),(4/3)*(lane_off+(C6))^1.5/SQRT(a_sh),(4/3)*(v_sh^2/a_sh)^1.5/SQRT(a_sh)+((lane_off+(C6))^2-(v_sh^2/a_sh)^2)/(2*v_sh)+(v_sh/a_sh)*((lane_off+(C6))-(v_sh^2/a_sh))))-(IF((lane_off)<=(v_sh^2/a_sh),(4/3)*(lane_off)^1.5/SQRT(a_sh),(4/3)*(v_sh^2/a_sh)^1.5/SQRT(a_sh)+((lane_off)^2-(v_sh^2/a_sh)^2)/(2*v_sh)+(v_sh/a_sh)*((lane_off)-(v_sh^2/a_sh)))))/(C6) -> 27.791797 | G6: =2*t_sh+2*t_turn+2*F6+2*E6 -> 122.52787 | H6: =((IF((lane_off+(C6/2))<=(v_sh^2/a_sh),(4/3)*(lane_off+(C6/2))^1.5/SQRT(a_sh),(4/3)*(v_sh^2/a_sh)^1.5/SQRT(a_sh)+((lane_off+(C6/2))^2-(v_sh^2/a_sh)^2)/(2*v_sh)+(v_sh/a_sh)*((lane_off+(C6/2))-(v_sh^2/a_sh))))-(IF((lane_off)<=(v_sh^2/a_sh),(4/3)*(lane_off)^1.5/SQRT(a_sh),(4/3)*(v_sh^2/a_sh)^1.5/SQRT(a_sh)+((lane_off)^2-(v_sh^2/a_sh)^2)/(2*v_sh)+(v_sh/a_sh)*((lane_off)-(v_sh^2/a_sh)))))/(C6/2) -> 15.640737 | I6: =2*t_sh+2*t_turn+2*H6+2*E6 -> 98.225745 | J6: =((IF((lane_off+(C6/4))<=(v_sh^2/a_sh),(4/3)*(lane_off+(C6/4))^1.5/SQRT(a_sh),(4/3)*(v_sh^2/a_sh)^1.5/SQRT(a_sh)+((lane_off+(C6/4))^2-(v_sh^2/a_sh)^2)/(2*v_sh)+(v_sh/a_sh)*((lane_off+(C6/4))-(v_sh^2/a_sh))))-(IF((lane_off)<=(v_sh^2/a_sh),(4/3)*(lane_off)^1.5/SQRT(a_sh),(4/3)*(v_sh^2/a_sh)^1.5/SQRT(a_sh)+((lane_off)^2-(v_sh^2/a_sh)^2)/(2*v_sh)+(v_sh/a_sh)*((lane_off)-(v_sh^2/a_sh)))))/(C6/4) -> 9.552902 | K6: =2*t_sh+2*t_turn+2*J6+2*E6 -> 86.050076 | L6: =((IF((lane_off+(C6/6))<=(v_sh^2/a_sh),(4/3)*(lane_off+(C6/6))^1.5/SQRT(a_sh),(4/3)*(v_sh^2/a_sh)^1.5/SQRT(a_sh)+((lane_off+(C6/6))^2-(v_sh^2/a_sh)^2)/(2*v_sh)+(v_sh/a_sh)*((lane_off+(C6/6))-(v_sh^2/a_sh))))-(IF((lane_off)<=(v_sh^2/a_sh),(4/3)*(lane_off)^1.5/SQRT(a_sh),(4/3)*(v_sh^2/a_sh)^1.5/SQRT(a_sh)+((lane_off)^2-(v_sh^2/a_sh)^2)/(2*v_sh)+(v_sh/a_sh)*((lane_off)-(v_sh^2/a_sh)))))/(C6/6) -> 7.5126864 | M6: =2*t_sh+2*t_turn+2*L6+2*E6 -> 81.969645
A7: 4 | B7: =ROUND(sweep_prod/A7,0) -> 60 | C7: =B7*u_w -> 51 | D7: =A7*u_d/(B7*u_w) -> 0.098039216 | E7: =IF(((A7-1)*u_d/2*(1+f_hc)+lane_off)<=0,0,IF(((A7-1)*u_d/2*(1+f_hc)+lane_off)>=v_sh^2/a_sh,((A7-1)*u_d/2*(1+f_hc)+lane_off)/v_sh+v_sh/a_sh,2*SQRT(((A7-1)*u_d/2*(1+f_hc)+lane_off)/a_sh))) -> 5.0990195 | F7: =((IF((lane_off+(C7))<=(v_sh^2/a_sh),(4/3)*(lane_off+(C7))^1.5/SQRT(a_sh),(4/3)*(v_sh^2/a_sh)^1.5/SQRT(a_sh)+((lane_off+(C7))^2-(v_sh^2/a_sh)^2)/(2*v_sh)+(v_sh/a_sh)*((lane_off+(C7))-(v_sh^2/a_sh))))-(IF((lane_off)<=(v_sh^2/a_sh),(4/3)*(lane_off)^1.5/SQRT(a_sh),(4/3)*(v_sh^2/a_sh)^1.5/SQRT(a_sh)+((lane_off)^2-(v_sh^2/a_sh)^2)/(2*v_sh)+(v_sh/a_sh)*((lane_off)-(v_sh^2/a_sh)))))/(C7) -> 21.717634 | G7: =2*t_sh+2*t_turn+2*F7+2*E7 -> 111.63331 | H7: =((IF((lane_off+(C7/2))<=(v_sh^2/a_sh),(4/3)*(lane_off+(C7/2))^1.5/SQRT(a_sh),(4/3)*(v_sh^2/a_sh)^1.5/SQRT(a_sh)+((lane_off+(C7/2))^2-(v_sh^2/a_sh)^2)/(2*v_sh)+(v_sh/a_sh)*((lane_off+(C7/2))-(v_sh^2/a_sh))))-(IF((lane_off)<=(v_sh^2/a_sh),(4/3)*(lane_off)^1.5/SQRT(a_sh),(4/3)*(v_sh^2/a_sh)^1.5/SQRT(a_sh)+((lane_off)^2-(v_sh^2/a_sh)^2)/(2*v_sh)+(v_sh/a_sh)*((lane_off)-(v_sh^2/a_sh)))))/(C7/2) -> 12.599554 | I7: =2*t_sh+2*t_turn+2*H7+2*E7 -> 93.397146 | J7: =((IF((lane_off+(C7/4))<=(v_sh^2/a_sh),(4/3)*(lane_off+(C7/4))^1.5/SQRT(a_sh),(4/3)*(v_sh^2/a_sh)^1.5/SQRT(a_sh)+((lane_off+(C7/4))^2-(v_sh^2/a_sh)^2)/(2*v_sh)+(v_sh/a_sh)*((lane_off+(C7/4))-(v_sh^2/a_sh))))-(IF((lane_off)<=(v_sh^2/a_sh),(4/3)*(lane_off)^1.5/SQRT(a_sh),(4/3)*(v_sh^2/a_sh)^1.5/SQRT(a_sh)+((lane_off)^2-(v_sh^2/a_sh)^2)/(2*v_sh)+(v_sh/a_sh)*((lane_off)-(v_sh^2/a_sh)))))/(C7/4) -> 8.0241075 | K7: =2*t_sh+2*t_turn+2*J7+2*E7 -> 84.246254 | L7: =((IF((lane_off+(C7/6))<=(v_sh^2/a_sh),(4/3)*(lane_off+(C7/6))^1.5/SQRT(a_sh),(4/3)*(v_sh^2/a_sh)^1.5/SQRT(a_sh)+((lane_off+(C7/6))^2-(v_sh^2/a_sh)^2)/(2*v_sh)+(v_sh/a_sh)*((lane_off+(C7/6))-(v_sh^2/a_sh))))-(IF((lane_off)<=(v_sh^2/a_sh),(4/3)*(lane_off)^1.5/SQRT(a_sh),(4/3)*(v_sh^2/a_sh)^1.5/SQRT(a_sh)+((lane_off)^2-(v_sh^2/a_sh)^2)/(2*v_sh)+(v_sh/a_sh)*((lane_off)-(v_sh^2/a_sh)))))/(C7/6) -> 6.4843755 | M7: =2*t_sh+2*t_turn+2*L7+2*E7 -> 81.16679
A8: 6 | B8: =ROUND(sweep_prod/A8,0) -> 40 | C8: =B8*u_w -> 34 | D8: =A8*u_d/(B8*u_w) -> 0.22058824 | E8: =IF(((A8-1)*u_d/2*(1+f_hc)+lane_off)<=0,0,IF(((A8-1)*u_d/2*(1+f_hc)+lane_off)>=v_sh^2/a_sh,((A8-1)*u_d/2*(1+f_hc)+lane_off)/v_sh+v_sh/a_sh,2*SQRT(((A8-1)*u_d/2*(1+f_hc)+lane_off)/a_sh))) -> 6.1928571 | F8: =((IF((lane_off+(C8))<=(v_sh^2/a_sh),(4/3)*(lane_off+(C8))^1.5/SQRT(a_sh),(4/3)*(v_sh^2/a_sh)^1.5/SQRT(a_sh)+((lane_off+(C8))^2-(v_sh^2/a_sh)^2)/(2*v_sh)+(v_sh/a_sh)*((lane_off+(C8))-(v_sh^2/a_sh))))-(IF((lane_off)<=(v_sh^2/a_sh),(4/3)*(lane_off)^1.5/SQRT(a_sh),(4/3)*(v_sh^2/a_sh)^1.5/SQRT(a_sh)+((lane_off)^2-(v_sh^2/a_sh)^2)/(2*v_sh)+(v_sh/a_sh)*((lane_off)-(v_sh^2/a_sh)))))/(C8) -> 15.640737 | G8: =2*t_sh+2*t_turn+2*F8+2*E8 -> 101.66719 | H8: =((IF((lane_off+(C8/2))<=(v_sh^2/a_sh),(4/3)*(lane_off+(C8/2))^1.5/SQRT(a_sh),(4/3)*(v_sh^2/a_sh)^1.5/SQRT(a_sh)+((lane_off+(C8/2))^2-(v_sh^2/a_sh)^2)/(2*v_sh)+(v_sh/a_sh)*((lane_off+(C8/2))-(v_sh^2/a_sh))))-(IF((lane_off)<=(v_sh^2/a_sh),(4/3)*(lane_off)^1.5/SQRT(a_sh),(4/3)*(v_sh^2/a_sh)^1.5/SQRT(a_sh)+((lane_off)^2-(v_sh^2/a_sh)^2)/(2*v_sh)+(v_sh/a_sh)*((lane_off)-(v_sh^2/a_sh)))))/(C8/2) -> 9.552902 | I8: =2*t_sh+2*t_turn+2*H8+2*E8 -> 89.491518 | J8: =((IF((lane_off+(C8/4))<=(v_sh^2/a_sh),(4/3)*(lane_off+(C8/4))^1.5/SQRT(a_sh),(4/3)*(v_sh^2/a_sh)^1.5/SQRT(a_sh)+((lane_off+(C8/4))^2-(v_sh^2/a_sh)^2)/(2*v_sh)+(v_sh/a_sh)*((lane_off+(C8/4))-(v_sh^2/a_sh))))-(IF((lane_off)<=(v_sh^2/a_sh),(4/3)*(lane_off)^1.5/SQRT(a_sh),(4/3)*(v_sh^2/a_sh)^1.5/SQRT(a_sh)+((lane_off)^2-(v_sh^2/a_sh)^2)/(2*v_sh)+(v_sh/a_sh)*((lane_off)-(v_sh^2/a_sh)))))/(C8/4) -> 6.4843755 | K8: =2*t_sh+2*t_turn+2*J8+2*E8 -> 83.354465 | L8: =((IF((lane_off+(C8/6))<=(v_sh^2/a_sh),(4/3)*(lane_off+(C8/6))^1.5/SQRT(a_sh),(4/3)*(v_sh^2/a_sh)^1.5/SQRT(a_sh)+((lane_off+(C8/6))^2-(v_sh^2/a_sh)^2)/(2*v_sh)+(v_sh/a_sh)*((lane_off+(C8/6))-(v_sh^2/a_sh))))-(IF((lane_off)<=(v_sh^2/a_sh),(4/3)*(lane_off)^1.5/SQRT(a_sh),(4/3)*(v_sh^2/a_sh)^1.5/SQRT(a_sh)+((lane_off)^2-(v_sh^2/a_sh)^2)/(2*v_sh)+(v_sh/a_sh)*((lane_off)-(v_sh^2/a_sh)))))/(C8/6) -> 5.4396584 | M8: =2*t_sh+2*t_turn+2*L8+2*E8 -> 81.265031
A9: 8 | B9: =ROUND(sweep_prod/A9,0) -> 30 | C9: =B9*u_w -> 25.5 | D9: =A9*u_d/(B9*u_w) -> 0.39215686 | E9: =IF(((A9-1)*u_d/2*(1+f_hc)+lane_off)<=0,0,IF(((A9-1)*u_d/2*(1+f_hc)+lane_off)>=v_sh^2/a_sh,((A9-1)*u_d/2*(1+f_hc)+lane_off)/v_sh+v_sh/a_sh,2*SQRT(((A9-1)*u_d/2*(1+f_hc)+lane_off)/a_sh))) -> 7.2642857 | F9: =((IF((lane_off+(C9))<=(v_sh^2/a_sh),(4/3)*(lane_off+(C9))^1.5/SQRT(a_sh),(4/3)*(v_sh^2/a_sh)^1.5/SQRT(a_sh)+((lane_off+(C9))^2-(v_sh^2/a_sh)^2)/(2*v_sh)+(v_sh/a_sh)*((lane_off+(C9))-(v_sh^2/a_sh))))-(IF((lane_off)<=(v_sh^2/a_sh),(4/3)*(lane_off)^1.5/SQRT(a_sh),(4/3)*(v_sh^2/a_sh)^1.5/SQRT(a_sh)+((lane_off)^2-(v_sh^2/a_sh)^2)/(2*v_sh)+(v_sh/a_sh)*((lane_off)-(v_sh^2/a_sh)))))/(C9) -> 12.599554 | G9: =2*t_sh+2*t_turn+2*F9+2*E9 -> 97.727679 | H9: =((IF((lane_off+(C9/2))<=(v_sh^2/a_sh),(4/3)*(lane_off+(C9/2))^1.5/SQRT(a_sh),(4/3)*(v_sh^2/a_sh)^1.5/SQRT(a_sh)+((lane_off+(C9/2))^2-(v_sh^2/a_sh)^2)/(2*v_sh)+(v_sh/a_sh)*((lane_off+(C9/2))-(v_sh^2/a_sh))))-(IF((lane_off)<=(v_sh^2/a_sh),(4/3)*(lane_off)^1.5/SQRT(a_sh),(4/3)*(v_sh^2/a_sh)^1.5/SQRT(a_sh)+((lane_off)^2-(v_sh^2/a_sh)^2)/(2*v_sh)+(v_sh/a_sh)*((lane_off)-(v_sh^2/a_sh)))))/(C9/2) -> 8.0241075 | I9: =2*t_sh+2*t_turn+2*H9+2*E9 -> 88.576786 | J9: =((IF((lane_off+(C9/4))<=(v_sh^2/a_sh),(4/3)*(lane_off+(C9/4))^1.5/SQRT(a_sh),(4/3)*(v_sh^2/a_sh)^1.5/SQRT(a_sh)+((lane_off+(C9/4))^2-(v_sh^2/a_sh)^2)/(2*v_sh)+(v_sh/a_sh)*((lane_off+(C9/4))-(v_sh^2/a_sh))))-(IF((lane_off)<=(v_sh^2/a_sh),(4/3)*(lane_off)^1.5/SQRT(a_sh),(4/3)*(v_sh^2/a_sh)^1.5/SQRT(a_sh)+((lane_off)^2-(v_sh^2/a_sh)^2)/(2*v_sh)+(v_sh/a_sh)*((lane_off)-(v_sh^2/a_sh)))))/(C9/4) -> 5.703572 | K9: =2*t_sh+2*t_turn+2*J9+2*E9 -> 83.935716 | L9: =((IF((lane_off+(C9/6))<=(v_sh^2/a_sh),(4/3)*(lane_off+(C9/6))^1.5/SQRT(a_sh),(4/3)*(v_sh^2/a_sh)^1.5/SQRT(a_sh)+((lane_off+(C9/6))^2-(v_sh^2/a_sh)^2)/(2*v_sh)+(v_sh/a_sh)*((lane_off+(C9/6))-(v_sh^2/a_sh))))-(IF((lane_off)<=(v_sh^2/a_sh),(4/3)*(lane_off)^1.5/SQRT(a_sh),(4/3)*(v_sh^2/a_sh)^1.5/SQRT(a_sh)+((lane_off)^2-(v_sh^2/a_sh)^2)/(2*v_sh)+(v_sh/a_sh)*((lane_off)-(v_sh^2/a_sh)))))/(C9/6) -> 4.9008938 | M9: =2*t_sh+2*t_turn+2*L9+2*E9 -> 82.330359
A10: 12 | B10: =ROUND(sweep_prod/A10,0) -> 20 | C10: =B10*u_w -> 17 | D10: =A10*u_d/(B10*u_w) -> 0.88235294 | E10: =IF(((A10-1)*u_d/2*(1+f_hc)+lane_off)<=0,0,IF(((A10-1)*u_d/2*(1+f_hc)+lane_off)>=v_sh^2/a_sh,((A10-1)*u_d/2*(1+f_hc)+lane_off)/v_sh+v_sh/a_sh,2*SQRT(((A10-1)*u_d/2*(1+f_hc)+lane_off)/a_sh))) -> 9.4071429 | F10: =((IF((lane_off+(C10))<=(v_sh^2/a_sh),(4/3)*(lane_off+(C10))^1.5/SQRT(a_sh),(4/3)*(v_sh^2/a_sh)^1.5/SQRT(a_sh)+((lane_off+(C10))^2-(v_sh^2/a_sh)^2)/(2*v_sh)+(v_sh/a_sh)*((lane_off+(C10))-(v_sh^2/a_sh))))-(IF((lane_off)<=(v_sh^2/a_sh),(4/3)*(lane_off)^1.5/SQRT(a_sh),(4/3)*(v_sh^2/a_sh)^1.5/SQRT(a_sh)+((lane_off)^2-(v_sh^2/a_sh)^2)/(2*v_sh)+(v_sh/a_sh)*((lane_off)-(v_sh^2/a_sh)))))/(C10) -> 9.552902 | G10: =2*t_sh+2*t_turn+2*F10+2*E10 -> 95.92009 | H10: =((IF((lane_off+(C10/2))<=(v_sh^2/a_sh),(4/3)*(lane_off+(C10/2))^1.5/SQRT(a_sh),(4/3)*(v_sh^2/a_sh)^1.5/SQRT(a_sh)+((lane_off+(C10/2))^2-(v_sh^2/a_sh)^2)/(2*v_sh)+(v_sh/a_sh)*((lane_off+(C10/2))-(v_sh^2/a_sh))))-(IF((lane_off)<=(v_sh^2/a_sh),(4/3)*(lane_off)^1.5/SQRT(a_sh),(4/3)*(v_sh^2/a_sh)^1.5/SQRT(a_sh)+((lane_off)^2-(v_sh^2/a_sh)^2)/(2*v_sh)+(v_sh/a_sh)*((lane_off)-(v_sh^2/a_sh)))))/(C10/2) -> 6.4843755 | I10: =2*t_sh+2*t_turn+2*H10+2*E10 -> 89.783037 | J10: =((IF((lane_off+(C10/4))<=(v_sh^2/a_sh),(4/3)*(lane_off+(C10/4))^1.5/SQRT(a_sh),(4/3)*(v_sh^2/a_sh)^1.5/SQRT(a_sh)+((lane_off+(C10/4))^2-(v_sh^2/a_sh)^2)/(2*v_sh)+(v_sh/a_sh)*((lane_off+(C10/4))-(v_sh^2/a_sh))))-(IF((lane_off)<=(v_sh^2/a_sh),(4/3)*(lane_off)^1.5/SQRT(a_sh),(4/3)*(v_sh^2/a_sh)^1.5/SQRT(a_sh)+((lane_off)^2-(v_sh^2/a_sh)^2)/(2*v_sh)+(v_sh/a_sh)*((lane_off)-(v_sh^2/a_sh)))))/(C10/4) -> 4.9008938 | K10: =2*t_sh+2*t_turn+2*J10+2*E10 -> 86.616073 | L10: =((IF((lane_off+(C10/6))<=(v_sh^2/a_sh),(4/3)*(lane_off+(C10/6))^1.5/SQRT(a_sh),(4/3)*(v_sh^2/a_sh)^1.5/SQRT(a_sh)+((lane_off+(C10/6))^2-(v_sh^2/a_sh)^2)/(2*v_sh)+(v_sh/a_sh)*((lane_off+(C10/6))-(v_sh^2/a_sh))))-(IF((lane_off)<=(v_sh^2/a_sh),(4/3)*(lane_off)^1.5/SQRT(a_sh),(4/3)*(v_sh^2/a_sh)^1.5/SQRT(a_sh)+((lane_off)^2-(v_sh^2/a_sh)^2)/(2*v_sh)+(v_sh/a_sh)*((lane_off)-(v_sh^2/a_sh)))))/(C10/6) -> 4.3293204 | M10: =2*t_sh+2*t_turn+2*L10+2*E10 -> 85.472926
A11: 16 | B11: =ROUND(sweep_prod/A11,0) -> 15 | C11: =B11*u_w -> 12.75 | D11: =A11*u_d/(B11*u_w) -> 1.5686275 | E11: =IF(((A11-1)*u_d/2*(1+f_hc)+lane_off)<=0,0,IF(((A11-1)*u_d/2*(1+f_hc)+lane_off)>=v_sh^2/a_sh,((A11-1)*u_d/2*(1+f_hc)+lane_off)/v_sh+v_sh/a_sh,2*SQRT(((A11-1)*u_d/2*(1+f_hc)+lane_off)/a_sh))) -> 11.55 | F11: =((IF((lane_off+(C11))<=(v_sh^2/a_sh),(4/3)*(lane_off+(C11))^1.5/SQRT(a_sh),(4/3)*(v_sh^2/a_sh)^1.5/SQRT(a_sh)+((lane_off+(C11))^2-(v_sh^2/a_sh)^2)/(2*v_sh)+(v_sh/a_sh)*((lane_off+(C11))-(v_sh^2/a_sh))))-(IF((lane_off)<=(v_sh^2/a_sh),(4/3)*(lane_off)^1.5/SQRT(a_sh),(4/3)*(v_sh^2/a_sh)^1.5/SQRT(a_sh)+((lane_off)^2-(v_sh^2/a_sh)^2)/(2*v_sh)+(v_sh/a_sh)*((lane_off)-(v_sh^2/a_sh)))))/(C11) -> 8.0241075 | G11: =2*t_sh+2*t_turn+2*F11+2*E11 -> 97.148215 | H11: =((IF((lane_off+(C11/2))<=(v_sh^2/a_sh),(4/3)*(lane_off+(C11/2))^1.5/SQRT(a_sh),(4/3)*(v_sh^2/a_sh)^1.5/SQRT(a_sh)+((lane_off+(C11/2))^2-(v_sh^2/a_sh)^2)/(2*v_sh)+(v_sh/a_sh)*((lane_off+(C11/2))-(v_sh^2/a_sh))))-(IF((lane_off)<=(v_sh^2/a_sh),(4/3)*(lane_off)^1.5/SQRT(a_sh),(4/3)*(v_sh^2/a_sh)^1.5/SQRT(a_sh)+((lane_off)^2-(v_sh^2/a_sh)^2)/(2*v_sh)+(v_sh/a_sh)*((lane_off)-(v_sh^2/a_sh)))))/(C11/2) -> 5.703572 | I11: =2*t_sh+2*t_turn+2*H11+2*E11 -> 92.507144 | J11: =((IF((lane_off+(C11/4))<=(v_sh^2/a_sh),(4/3)*(lane_off+(C11/4))^1.5/SQRT(a_sh),(4/3)*(v_sh^2/a_sh)^1.5/SQRT(a_sh)+((lane_off+(C11/4))^2-(v_sh^2/a_sh)^2)/(2*v_sh)+(v_sh/a_sh)*((lane_off+(C11/4))-(v_sh^2/a_sh))))-(IF((lane_off)<=(v_sh^2/a_sh),(4/3)*(lane_off)^1.5/SQRT(a_sh),(4/3)*(v_sh^2/a_sh)^1.5/SQRT(a_sh)+((lane_off)^2-(v_sh^2/a_sh)^2)/(2*v_sh)+(v_sh/a_sh)*((lane_off)-(v_sh^2/a_sh)))))/(C11/4) -> 4.4776798 | K11: =2*t_sh+2*t_turn+2*J11+2*E11 -> 90.05536 | L11: =((IF((lane_off+(C11/6))<=(v_sh^2/a_sh),(4/3)*(lane_off+(C11/6))^1.5/SQRT(a_sh),(4/3)*(v_sh^2/a_sh)^1.5/SQRT(a_sh)+((lane_off+(C11/6))^2-(v_sh^2/a_sh)^2)/(2*v_sh)+(v_sh/a_sh)*((lane_off+(C11/6))-(v_sh^2/a_sh))))-(IF((lane_off)<=(v_sh^2/a_sh),(4/3)*(lane_off)^1.5/SQRT(a_sh),(4/3)*(v_sh^2/a_sh)^1.5/SQRT(a_sh)+((lane_off)^2-(v_sh^2/a_sh)^2)/(2*v_sh)+(v_sh/a_sh)*((lane_off)-(v_sh^2/a_sh)))))/(C11/6) -> 4.0146111 | M11: =2*t_sh+2*t_turn+2*L11+2*E11 -> 89.129222
A12: 24 | B12: =ROUND(sweep_prod/A12,0) -> 10 | C12: =B12*u_w -> 8.5 | D12: =A12*u_d/(B12*u_w) -> 3.5294118 | E12: =IF(((A12-1)*u_d/2*(1+f_hc)+lane_off)<=0,0,IF(((A12-1)*u_d/2*(1+f_hc)+lane_off)>=v_sh^2/a_sh,((A12-1)*u_d/2*(1+f_hc)+lane_off)/v_sh+v_sh/a_sh,2*SQRT(((A12-1)*u_d/2*(1+f_hc)+lane_off)/a_sh))) -> 15.835714 | F12: =((IF((lane_off+(C12))<=(v_sh^2/a_sh),(4/3)*(lane_off+(C12))^1.5/SQRT(a_sh),(4/3)*(v_sh^2/a_sh)^1.5/SQRT(a_sh)+((lane_off+(C12))^2-(v_sh^2/a_sh)^2)/(2*v_sh)+(v_sh/a_sh)*((lane_off+(C12))-(v_sh^2/a_sh))))-(IF((lane_off)<=(v_sh^2/a_sh),(4/3)*(lane_off)^1.5/SQRT(a_sh),(4/3)*(v_sh^2/a_sh)^1.5/SQRT(a_sh)+((lane_off)^2-(v_sh^2/a_sh)^2)/(2*v_sh)+(v_sh/a_sh)*((lane_off)-(v_sh^2/a_sh)))))/(C12) -> 6.4843755 | G12: =2*t_sh+2*t_turn+2*F12+2*E12 -> 102.64018 | H12: =((IF((lane_off+(C12/2))<=(v_sh^2/a_sh),(4/3)*(lane_off+(C12/2))^1.5/SQRT(a_sh),(4/3)*(v_sh^2/a_sh)^1.5/SQRT(a_sh)+((lane_off+(C12/2))^2-(v_sh^2/a_sh)^2)/(2*v_sh)+(v_sh/a_sh)*((lane_off+(C12/2))-(v_sh^2/a_sh))))-(IF((lane_off)<=(v_sh^2/a_sh),(4/3)*(lane_off)^1.5/SQRT(a_sh),(4/3)*(v_sh^2/a_sh)^1.5/SQRT(a_sh)+((lane_off)^2-(v_sh^2/a_sh)^2)/(2*v_sh)+(v_sh/a_sh)*((lane_off)-(v_sh^2/a_sh)))))/(C12/2) -> 4.9008938 | I12: =2*t_sh+2*t_turn+2*H12+2*E12 -> 99.473216 | J12: =((IF((lane_off+(C12/4))<=(v_sh^2/a_sh),(4/3)*(lane_off+(C12/4))^1.5/SQRT(a_sh),(4/3)*(v_sh^2/a_sh)^1.5/SQRT(a_sh)+((lane_off+(C12/4))^2-(v_sh^2/a_sh)^2)/(2*v_sh)+(v_sh/a_sh)*((lane_off+(C12/4))-(v_sh^2/a_sh))))-(IF((lane_off)<=(v_sh^2/a_sh),(4/3)*(lane_off)^1.5/SQRT(a_sh),(4/3)*(v_sh^2/a_sh)^1.5/SQRT(a_sh)+((lane_off)^2-(v_sh^2/a_sh)^2)/(2*v_sh)+(v_sh/a_sh)*((lane_off)-(v_sh^2/a_sh)))))/(C12/4) -> 4.0146111 | K12: =2*t_sh+2*t_turn+2*J12+2*E12 -> 97.700651 | L12: =((IF((lane_off+(C12/6))<=(v_sh^2/a_sh),(4/3)*(lane_off+(C12/6))^1.5/SQRT(a_sh),(4/3)*(v_sh^2/a_sh)^1.5/SQRT(a_sh)+((lane_off+(C12/6))^2-(v_sh^2/a_sh)^2)/(2*v_sh)+(v_sh/a_sh)*((lane_off+(C12/6))-(v_sh^2/a_sh))))-(IF((lane_off)<=(v_sh^2/a_sh),(4/3)*(lane_off)^1.5/SQRT(a_sh),(4/3)*(v_sh^2/a_sh)^1.5/SQRT(a_sh)+((lane_off)^2-(v_sh^2/a_sh)^2)/(2*v_sh)+(v_sh/a_sh)*((lane_off)-(v_sh^2/a_sh)))))/(C12/6) -> 3.6694496 | M12: =2*t_sh+2*t_turn+2*L12+2*E12 -> 97.010328
A13: Blue N_C values can be edited. Minimum of each column ≈ D/W* = 2κ/(1+f): 0.83 (end), 0.42 (1 centre), 0.21 (2), 0.14 (3).
A15: 2) Number of lifts (equispaced) at the current N_L, N_C, flows and tiers
A16: Lifts n | B16: dmax (m) | C16: t_aisle (s) | D16: T_sh (s) | E16: Capacity per shuttle (tx/h) | F16: U lift Uniform single | G16: U lift Uniform dual | H16: U lift ABC single | I16: U lift ABC dual | J16: U Uniform, one lift down | K16: U ABC, one lift down | L16: Target
A17: 1 | B17: =L_aisle/(2*A17) -> 18.7 | C17: =((IF((lane_off+(B17))<=(v_sh^2/a_sh),(4/3)*(lane_off+(B17))^1.5/SQRT(a_sh),(4/3)*(v_sh^2/a_sh)^1.5/SQRT(a_sh)+((lane_off+(B17))^2-(v_sh^2/a_sh)^2)/(2*v_sh)+(v_sh/a_sh)*((lane_off+(B17))-(v_sh^2/a_sh))))-(IF((lane_off)<=(v_sh^2/a_sh),(4/3)*(lane_off)^1.5/SQRT(a_sh),(4/3)*(v_sh^2/a_sh)^1.5/SQRT(a_sh)+((lane_off)^2-(v_sh^2/a_sh)^2)/(2*v_sh)+(v_sh/a_sh)*((lane_off)-(v_sh^2/a_sh)))))/(B17) -> 10.163028 | D17: =2*t_sh+2*t_turn+2*C17+2*t_lane -> 90.71177 | E17: =3600/D17 -> 39.68614 | F17: =lam_total*PL_U*S_U/3600/A17 -> 1.3839286 | G17: =(MIN(lam_in,lam_out)*peak_factor*PL_U*D_U+ABS(lam_out-lam_in)*peak_factor*PL_U*S_U)/3600/A17 -> 1.2278704 | H17: =lam_total*PL_A*S_A/3600/A17 -> 0.73761905 | I17: =(MIN(lam_in,lam_out)*peak_factor*PL_A*D_A+ABS(lam_out-lam_in)*peak_factor*PL_A*S_A)/3600/A17 -> 0.68697302 | J17: =IF(A17>1,F17*A17/(A17-1),"n/a") -> n/a | K17: =IF(A17>1,H17*A17/(A17-1),"n/a") -> n/a | L17: =rho_max -> 0.75
A18: 2 | B18: =L_aisle/(2*A18) -> 9.35 | C18: =((IF((lane_off+(B18))<=(v_sh^2/a_sh),(4/3)*(lane_off+(B18))^1.5/SQRT(a_sh),(4/3)*(v_sh^2/a_sh)^1.5/SQRT(a_sh)+((lane_off+(B18))^2-(v_sh^2/a_sh)^2)/(2*v_sh)+(v_sh/a_sh)*((lane_off+(B18))-(v_sh^2/a_sh))))-(IF((lane_off)<=(v_sh^2/a_sh),(4/3)*(lane_off)^1.5/SQRT(a_sh),(4/3)*(v_sh^2/a_sh)^1.5/SQRT(a_sh)+((lane_off)^2-(v_sh^2/a_sh)^2)/(2*v_sh)+(v_sh/a_sh)*((lane_off)-(v_sh^2/a_sh)))))/(B18) -> 6.7939128 | D18: =2*t_sh+2*t_turn+2*C18+2*t_lane -> 83.97354 | E18: =3600/D18 -> 42.870647 | F18: =lam_total*PL_U*S_U/3600/A18 -> 0.69196429 | G18: =(MIN(lam_in,lam_out)*peak_factor*PL_U*D_U+ABS(lam_out-lam_in)*peak_factor*PL_U*S_U)/3600/A18 -> 0.61393519 | H18: =lam_total*PL_A*S_A/3600/A18 -> 0.36880952 | I18: =(MIN(lam_in,lam_out)*peak_factor*PL_A*D_A+ABS(lam_out-lam_in)*peak_factor*PL_A*S_A)/3600/A18 -> 0.34348651 | J18: =IF(A18>1,F18*A18/(A18-1),"n/a") -> 1.3839286 | K18: =IF(A18>1,H18*A18/(A18-1),"n/a") -> 0.73761905 | L18: =rho_max -> 0.75
A19: 3 | B19: =L_aisle/(2*A19) -> 6.2333333 | C19: =((IF((lane_off+(B19))<=(v_sh^2/a_sh),(4/3)*(lane_off+(B19))^1.5/SQRT(a_sh),(4/3)*(v_sh^2/a_sh)^1.5/SQRT(a_sh)+((lane_off+(B19))^2-(v_sh^2/a_sh)^2)/(2*v_sh)+(v_sh/a_sh)*((lane_off+(B19))-(v_sh^2/a_sh))))-(IF((lane_off)<=(v_sh^2/a_sh),(4/3)*(lane_off)^1.5/SQRT(a_sh),(4/3)*(v_sh^2/a_sh)^1.5/SQRT(a_sh)+((lane_off)^2-(v_sh^2/a_sh)^2)/(2*v_sh)+(v_sh/a_sh)*((lane_off)-(v_sh^2/a_sh)))))/(B19) -> 5.6509882 | D19: =2*t_sh+2*t_turn+2*C19+2*t_lane -> 81.687691 | E19: =3600/D19 -> 44.070287 | F19: =lam_total*PL_U*S_U/3600/A19 -> 0.46130952 | G19: =(MIN(lam_in,lam_out)*peak_factor*PL_U*D_U+ABS(lam_out-lam_in)*peak_factor*PL_U*S_U)/3600/A19 -> 0.40929012 | H19: =lam_total*PL_A*S_A/3600/A19 -> 0.24587302 | I19: =(MIN(lam_in,lam_out)*peak_factor*PL_A*D_A+ABS(lam_out-lam_in)*peak_factor*PL_A*S_A)/3600/A19 -> 0.22899101 | J19: =IF(A19>1,F19*A19/(A19-1),"n/a") -> 0.69196429 | K19: =IF(A19>1,H19*A19/(A19-1),"n/a") -> 0.36880952 | L19: =rho_max -> 0.75
A20: 4 | B20: =L_aisle/(2*A20) -> 4.675 | C20: =((IF((lane_off+(B20))<=(v_sh^2/a_sh),(4/3)*(lane_off+(B20))^1.5/SQRT(a_sh),(4/3)*(v_sh^2/a_sh)^1.5/SQRT(a_sh)+((lane_off+(B20))^2-(v_sh^2/a_sh)^2)/(2*v_sh)+(v_sh/a_sh)*((lane_off+(B20))-(v_sh^2/a_sh))))-(IF((lane_off)<=(v_sh^2/a_sh),(4/3)*(lane_off)^1.5/SQRT(a_sh),(4/3)*(v_sh^2/a_sh)^1.5/SQRT(a_sh)+((lane_off)^2-(v_sh^2/a_sh)^2)/(2*v_sh)+(v_sh/a_sh)*((lane_off)-(v_sh^2/a_sh)))))/(B20) -> 5.0646112 | D20: =2*t_sh+2*t_turn+2*C20+2*t_lane -> 80.514937 | E20: =3600/D20 -> 44.712201 | F20: =lam_total*PL_U*S_U/3600/A20 -> 0.34598214 | G20: =(MIN(lam_in,lam_out)*peak_factor*PL_U*D_U+ABS(lam_out-lam_in)*peak_factor*PL_U*S_U)/3600/A20 -> 0.30696759 | H20: =lam_total*PL_A*S_A/3600/A20 -> 0.18440476 | I20: =(MIN(lam_in,lam_out)*peak_factor*PL_A*D_A+ABS(lam_out-lam_in)*peak_factor*PL_A*S_A)/3600/A20 -> 0.17174325 | J20: =IF(A20>1,F20*A20/(A20-1),"n/a") -> 0.46130952 | K20: =IF(A20>1,H20*A20/(A20-1),"n/a") -> 0.24587302 | L20: =rho_max -> 0.75
A21: 5 | B21: =L_aisle/(2*A21) -> 3.74 | C21: =((IF((lane_off+(B21))<=(v_sh^2/a_sh),(4/3)*(lane_off+(B21))^1.5/SQRT(a_sh),(4/3)*(v_sh^2/a_sh)^1.5/SQRT(a_sh)+((lane_off+(B21))^2-(v_sh^2/a_sh)^2)/(2*v_sh)+(v_sh/a_sh)*((lane_off+(B21))-(v_sh^2/a_sh))))-(IF((lane_off)<=(v_sh^2/a_sh),(4/3)*(lane_off)^1.5/SQRT(a_sh),(4/3)*(v_sh^2/a_sh)^1.5/SQRT(a_sh)+((lane_off)^2-(v_sh^2/a_sh)^2)/(2*v_sh)+(v_sh/a_sh)*((lane_off)-(v_sh^2/a_sh)))))/(B21) -> 4.7008533 | D21: =2*t_sh+2*t_turn+2*C21+2*t_lane -> 79.787421 | E21: =3600/D21 -> 45.119894 | F21: =lam_total*PL_U*S_U/3600/A21 -> 0.27678571 | G21: =(MIN(lam_in,lam_out)*peak_factor*PL_U*D_U+ABS(lam_out-lam_in)*peak_factor*PL_U*S_U)/3600/A21 -> 0.24557407 | H21: =lam_total*PL_A*S_A/3600/A21 -> 0.14752381 | I21: =(MIN(lam_in,lam_out)*peak_factor*PL_A*D_A+ABS(lam_out-lam_in)*peak_factor*PL_A*S_A)/3600/A21 -> 0.1373946 | J21: =IF(A21>1,F21*A21/(A21-1),"n/a") -> 0.34598214 | K21: =IF(A21>1,H21*A21/(A21-1),"n/a") -> 0.18440476 | L21: =rho_max -> 0.75
A22: 6 | B22: =L_aisle/(2*A22) -> 3.1166667 | C22: =((IF((lane_off+(B22))<=(v_sh^2/a_sh),(4/3)*(lane_off+(B22))^1.5/SQRT(a_sh),(4/3)*(v_sh^2/a_sh)^1.5/SQRT(a_sh)+((lane_off+(B22))^2-(v_sh^2/a_sh)^2)/(2*v_sh)+(v_sh/a_sh)*((lane_off+(B22))-(v_sh^2/a_sh))))-(IF((lane_off)<=(v_sh^2/a_sh),(4/3)*(lane_off)^1.5/SQRT(a_sh),(4/3)*(v_sh^2/a_sh)^1.5/SQRT(a_sh)+((lane_off)^2-(v_sh^2/a_sh)^2)/(2*v_sh)+(v_sh/a_sh)*((lane_off)-(v_sh^2/a_sh)))))/(B22) -> 4.4484049 | D22: =2*t_sh+2*t_turn+2*C22+2*t_lane -> 79.282524 | E22: =3600/D22 -> 45.407232 | F22: =lam_total*PL_U*S_U/3600/A22 -> 0.23065476 | G22: =(MIN(lam_in,lam_out)*peak_factor*PL_U*D_U+ABS(lam_out-lam_in)*peak_factor*PL_U*S_U)/3600/A22 -> 0.20464506 | H22: =lam_total*PL_A*S_A/3600/A22 -> 0.12293651 | I22: =(MIN(lam_in,lam_out)*peak_factor*PL_A*D_A+ABS(lam_out-lam_in)*peak_factor*PL_A*S_A)/3600/A22 -> 0.1144955 | J22: =IF(A22>1,F22*A22/(A22-1),"n/a") -> 0.27678571 | K22: =IF(A22>1,H22*A22/(A22-1),"n/a") -> 0.14752381 | L22: =rho_max -> 0.75
A23: Note: the shuttle cycle uses the 'Equispaced' layout; the lift columns use the current peak factor.
A25: 3) Peak factor: lift utilization (single command) for 2 and 3 lifts
A26: Peak factor | B26: Transactions/h | C26: 2 lifts Uniform | D26: 2 lifts ABC | E26: 3 lifts Uniform | F26: 3 lifts ABC
A27: 0.5 | B27: =(lam_in+lam_out)*A27 -> 50 | C27: =B27*PL_U*S_U/3600/2 -> 0.34598214 | D27: =B27*PL_A*S_A/3600/2 -> 0.18440476 | E27: =B27*PL_U*S_U/3600/3 -> 0.23065476 | F27: =B27*PL_A*S_A/3600/3 -> 0.12293651
A28: 0.75 | B28: =(lam_in+lam_out)*A28 -> 75 | C28: =B28*PL_U*S_U/3600/2 -> 0.51897321 | D28: =B28*PL_A*S_A/3600/2 -> 0.27660714 | E28: =B28*PL_U*S_U/3600/3 -> 0.34598214 | F28: =B28*PL_A*S_A/3600/3 -> 0.18440476
A29: 1 | B29: =(lam_in+lam_out)*A29 -> 100 | C29: =B29*PL_U*S_U/3600/2 -> 0.69196429 | D29: =B29*PL_A*S_A/3600/2 -> 0.36880952 | E29: =B29*PL_U*S_U/3600/3 -> 0.46130952 | F29: =B29*PL_A*S_A/3600/3 -> 0.24587302
A30: 1.25 | B30: =(lam_in+lam_out)*A30 -> 125 | C30: =B30*PL_U*S_U/3600/2 -> 0.86495536 | D30: =B30*PL_A*S_A/3600/2 -> 0.4610119 | E30: =B30*PL_U*S_U/3600/3 -> 0.5766369 | F30: =B30*PL_A*S_A/3600/3 -> 0.30734127
A31: 1.5 | B31: =(lam_in+lam_out)*A31 -> 150 | C31: =B31*PL_U*S_U/3600/2 -> 1.0379464 | D31: =B31*PL_A*S_A/3600/2 -> 0.55321429 | E31: =B31*PL_U*S_U/3600/3 -> 0.69196429 | F31: =B31*PL_A*S_A/3600/3 -> 0.36880952
A32: 1.75 | B32: =(lam_in+lam_out)*A32 -> 175 | C32: =B32*PL_U*S_U/3600/2 -> 1.2109375 | D32: =B32*PL_A*S_A/3600/2 -> 0.64541667 | E32: =B32*PL_U*S_U/3600/3 -> 0.80729167 | F32: =B32*PL_A*S_A/3600/3 -> 0.43027778
A33: 2 | B33: =(lam_in+lam_out)*A33 -> 200 | C33: =B33*PL_U*S_U/3600/2 -> 1.3839286 | D33: =B33*PL_A*S_A/3600/2 -> 0.73761905 | E33: =B33*PL_U*S_U/3600/3 -> 0.92261905 | F33: =B33*PL_A*S_A/3600/3 -> 0.49174603
A36: 4) Honeycombing factor f: shuttle cycle
A37: f | B37: T_sh (s) | C37: Δ vs f = 0
A38: 0 | B38: =2*t_sh+2*t_turn+2*t_aisle+2*IF(((N_C-1)*u_d/2*(1+A38)+lane_off)<=0,0,IF(((N_C-1)*u_d/2*(1+A38)+lane_off)>=v_sh^2/a_sh,((N_C-1)*u_d/2*(1+A38)+lane_off)/v_sh+v_sh/a_sh,2*SQRT(((N_C-1)*u_d/2*(1+A38)+lane_off)/a_sh))) -> 80.794834 | C38: =B38/$B$38-1 -> 0
A39: 0.05 | B39: =2*t_sh+2*t_turn+2*t_aisle+2*IF(((N_C-1)*u_d/2*(1+A39)+lane_off)<=0,0,IF(((N_C-1)*u_d/2*(1+A39)+lane_off)>=v_sh^2/a_sh,((N_C-1)*u_d/2*(1+A39)+lane_off)/v_sh+v_sh/a_sh,2*SQRT(((N_C-1)*u_d/2*(1+A39)+lane_off)/a_sh))) -> 81.018048 | C39: =B39/$B$38-1 -> 0.0027627297
A40: 0.1 | B40: =2*t_sh+2*t_turn+2*t_aisle+2*IF(((N_C-1)*u_d/2*(1+A40)+lane_off)<=0,0,IF(((N_C-1)*u_d/2*(1+A40)+lane_off)>=v_sh^2/a_sh,((N_C-1)*u_d/2*(1+A40)+lane_off)/v_sh+v_sh/a_sh,2*SQRT(((N_C-1)*u_d/2*(1+A40)+lane_off)/a_sh))) -> 81.241262 | C40: =B40/$B$38-1 -> 0.0055254594
A41: 0.2 | B41: =2*t_sh+2*t_turn+2*t_aisle+2*IF(((N_C-1)*u_d/2*(1+A41)+lane_off)<=0,0,IF(((N_C-1)*u_d/2*(1+A41)+lane_off)>=v_sh^2/a_sh,((N_C-1)*u_d/2*(1+A41)+lane_off)/v_sh+v_sh/a_sh,2*SQRT(((N_C-1)*u_d/2*(1+A41)+lane_off)/a_sh))) -> 81.687691 | C41: =B41/$B$38-1 -> 0.011050919
A42: 0.3 | B42: =2*t_sh+2*t_turn+2*t_aisle+2*IF(((N_C-1)*u_d/2*(1+A42)+lane_off)<=0,0,IF(((N_C-1)*u_d/2*(1+A42)+lane_off)>=v_sh^2/a_sh,((N_C-1)*u_d/2*(1+A42)+lane_off)/v_sh+v_sh/a_sh,2*SQRT(((N_C-1)*u_d/2*(1+A42)+lane_off)/a_sh))) -> 82.134119 | C42: =B42/$B$38-1 -> 0.016576378

Sheet DES_validation
A1: DISCRETE-EVENT SIMULATION vs ANALYTICAL MODEL (static values from apw_shuttle_model.py)
A2: Hard-coded results of: python apw_shuttle_model.py des (SimPy, 5 replications × 60 h, 5 h warm-up, peak 40 in + 60 out per hour). Re-run the script after changing parameters; this sheet does not update.
A4: Scenario | B4: Analytical T_sh (s) | C4: DES shuttle active time per tx (s) | D4: Analytical lift util (%) | E4: DES lift util (%) | F4: Analytical max shuttle util (%) | G4: DES max shuttle group util (%) | H4: DES mean throughput time storage (s) | I4: DES mean throughput time retrieval (s) | J4: DES p95 storage (s) | K4: DES p95 retrieval (s) | L4: Shuttle relocations per hour
A5: Base: ABC, 3 lifts, 11-shuttle fleet | B5: 81.7 | C5: 89.4 | D5: 24.6 | E5: 30.6 | F5: 45.4 | G5: 55.6 | H5: 112 | I5: 123 | J5: 220 | K5: 223 | L5: 3.9
A6: Uniform, 3 lifts, 1 shuttle/tier | B6: 81.7 | C6: 89.4 | D6: 46.1 | E6: 47.7 | F6: 22.7 | G6: 35.1 | H6: 145 | I6: 152 | J6: 293 | K6: 297 | L6: 0
A7: ABC, 3 lifts, one lift down | B7: 81.7 | C7: 92.3 | D7: 36.9 | E7: 46 | F7: 45.4 | G7: 60.8 | H7: 126 | I7: 136 | J7: 263 | K7: 265 | L7: 3.9
A8: ABC, 3 lifts, peak +25% | B8: 81.7 | C8: 89.4 | D8: 30.7 | E8: 37.9 | F8: 56.7 | G8: 70.9 | H8: 133 | I8: 145 | J8: 286 | K8: 294 | L8: 4.8
A9: Uniform, 2 lifts | B9: 84 | C9: 90.1 | D9: 69.2 | E9: 70.8 | F9: 23.3 | G9: 42.9 | H9: 201 | I9: 204 | J9: 480 | K9: 472 | L9: 0
A10: Uniform, 2 lifts, one lift down | B10: 84 | C10: 93.7 | D10: 138.4 | E10: 100 | F10: 23.3 | G10: 100.1 | H10: 29089 | I10: 29226 | J10: 60260 | K10: 60206 | L10: 0
A11: ABC, 3 lifts, chain conveyor interface | B11: 81.7 | C11: 78.6 | D11: 14.6 | E11: 20.9 | F11: 45.4 | G11: 50 | H11: 90 | I11: 102 | J11: 174 | K11: 182 | L11: 3.9
A14: How to read the table
A15: • Analytical numbers are single-command, 'lift returns to ground' and 'shuttle returns to lift' cycles, as in the Model sheet.
A16: • DES shuttle active time is ~9 % above T_sh: in the simulation a shuttle starts from the lift point it used last, not from the lift nearest to the next lane.
A17: • DES lift utilization is a few points above the analytical value (shuttle relocations of the roaming pool, lift waiting for the shuttle).
A18: • DES shuttle utilization counts the time a shuttle is held by a transaction, including waiting for the lift; it is therefore higher than the analytical value.
A19: • Conclusions of the design hold: base case lifts ≈ 31 %, busiest shuttle group ≈ 56 %; mean throughput times about 2 minutes.
A20: • Resilience: with ABC one lift down is fine (46 %); with a Uniform distribution and only 2 lifts, losing one makes the system unstable (queues grow without bound).
A21: • The chain conveyor interface (7 s) cuts lift utilization by about one third and the mean throughput time by about 20 %.
